funding_time_ms,calc_time_ms,symbol,interval_hours,rate
1735689600000,1735689600015,BTCUSDT,8,0.0001
1735689600000,1735689600015,ETHUSDT,8,0.0001
1735718400000,1735718400000,BTCUSDT,8,0.0001
1735718400000,1735718400000,ETHUSDT,8,0.0001
1735747200000,1735747200001,BTCUSDT,8,0.0001
1735747200000,1735747200001,ETHUSDT,8,0.0001
1735776000000,1735776000000,BTCUSDT,8,0.0001
1735776000000,1735776000000,ETHUSDT,8,0.0001
1735804800000,1735804800006,BTCUSDT,8,0.0001
1735804800000,1735804800006,ETHUSDT,8,0.0001
1735833600000,1735833600000,BTCUSDT,8,0.0001
1735833600000,1735833600000,ETHUSDT,8,0.0001
1735862400000,1735862400000,BTCUSDT,8,0.0001
1735862400000,1735862400000,ETHUSDT,8,0.0001
1735891200000,1735891200000,BTCUSDT,8,0.0001
1735891200000,1735891200000,ETHUSDT,8,0.0001
1735920000000,1735920000000,BTCUSDT,8,5.242e-05
1735920000000,1735920000000,ETHUSDT,8,0.0001
1735948800000,1735948800000,BTCUSDT,8,7.699e-05
1735948800000,1735948800000,ETHUSDT,8,0.0001
1735977600000,1735977600000,BTCUSDT,8,0.0001
1735977600000,1735977600000,ETHUSDT,8,0.0001
1736006400000,1736006400000,BTCUSDT,8,7.98e-06
1736006400000,1736006400000,ETHUSDT,8,0.0001
1736035200000,1736035200000,BTCUSDT,8,0.0001
1736035200000,1736035200000,ETHUSDT,8,0.0001
1736064000000,1736064000000,BTCUSDT,8,0.0001
1736064000000,1736064000000,ETHUSDT,8,0.0001
1736092800000,1736092800000,BTCUSDT,8,8.32e-05
1736092800000,1736092800000,ETHUSDT,8,0.0001
1736121600000,1736121600000,BTCUSDT,8,0.0001
1736121600000,1736121600000,ETHUSDT,8,0.0001
1736150400000,1736150400001,BTCUSDT,8,0.0001
1736150400000,1736150400001,ETHUSDT,8,0.0001
1736179200000,1736179200000,BTCUSDT,8,0.0001
1736179200000,1736179200000,ETHUSDT,8,0.0001
1736208000000,1736208000000,BTCUSDT,8,0.0001
1736208000000,1736208000000,ETHUSDT,8,0.0001
1736236800000,1736236800000,BTCUSDT,8,8.903e-05
1736236800000,1736236800000,ETHUSDT,8,0.0001
1736265600000,1736265600008,BTCUSDT,8,8.279e-05
1736265600000,1736265600008,ETHUSDT,8,0.0001
1736294400000,1736294400001,BTCUSDT,8,0.0001
1736294400000,1736294400001,ETHUSDT,8,9.658e-05
1736323200000,1736323200000,BTCUSDT,8,0.0001
1736323200000,1736323200000,ETHUSDT,8,0.0001
1736352000000,1736352000000,BTCUSDT,8,0.0001
1736352000000,1736352000000,ETHUSDT,8,0.0001
1736380800000,1736380800000,BTCUSDT,8,0.0001
1736380800000,1736380800000,ETHUSDT,8,6.609e-05
1736409600000,1736409600000,BTCUSDT,8,9.834e-05
1736409600000,1736409600000,ETHUSDT,8,0.0001
1736438400000,1736438400000,BTCUSDT,8,-5.44e-06
1736438400000,1736438400000,ETHUSDT,8,0.0001
1736467200000,1736467200000,BTCUSDT,8,3.966e-05
1736467200000,1736467200000,ETHUSDT,8,7.573e-05
1736496000000,1736496000000,BTCUSDT,8,-1.06e-05
1736496000000,1736496000000,ETHUSDT,8,6.162e-05
1736524800000,1736524800000,BTCUSDT,8,8.078e-05
1736524800000,1736524800000,ETHUSDT,8,0.0001
1736553600000,1736553600000,BTCUSDT,8,5.68e-05
1736553600000,1736553600000,ETHUSDT,8,6.574e-05
1736582400000,1736582400000,BTCUSDT,8,4.055e-05
1736582400000,1736582400000,ETHUSDT,8,5.65e-05
1736611200000,1736611200000,BTCUSDT,8,2.608e-05
1736611200000,1736611200000,ETHUSDT,8,0.0001
1736640000000,1736640000000,BTCUSDT,8,5.009e-05
1736640000000,1736640000000,ETHUSDT,8,0.0001
1736668800000,1736668800000,BTCUSDT,8,3.21e-05
1736668800000,1736668800000,ETHUSDT,8,0.0001
1736697600000,1736697600000,BTCUSDT,8,6.647e-05
1736697600000,1736697600000,ETHUSDT,8,8.134e-05
1736726400000,1736726400000,BTCUSDT,8,5.266e-05
1736726400000,1736726400000,ETHUSDT,8,0.0001
1736755200000,1736755200000,BTCUSDT,8,6.989e-05
1736755200000,1736755200000,ETHUSDT,8,9.353e-05
1736784000000,1736784000000,BTCUSDT,8,8.81e-06
1736784000000,1736784000000,ETHUSDT,8,3.392e-05
1736812800000,1736812800000,BTCUSDT,8,0.0001
1736812800000,1736812800000,ETHUSDT,8,5.423e-05
1736841600000,1736841600000,BTCUSDT,8,0.0001
1736841600000,1736841600000,ETHUSDT,8,7.452e-05
1736870400000,1736870400000,BTCUSDT,8,9.496e-05
1736870400000,1736870400000,ETHUSDT,8,7.652e-05
1736899200000,1736899200000,BTCUSDT,8,4.989e-05
1736899200000,1736899200000,ETHUSDT,8,4.503e-05
1736928000000,1736928000000,BTCUSDT,8,8.795e-05
1736928000000,1736928000000,ETHUSDT,8,5.924e-05
1736956800000,1736956800000,BTCUSDT,8,5.844e-05
1736956800000,1736956800000,ETHUSDT,8,5.443e-05
1736985600000,1736985600000,BTCUSDT,8,7.28e-06
1736985600000,1736985600000,ETHUSDT,8,0.0001
1737014400000,1737014400000,BTCUSDT,8,7.568e-05
1737014400000,1737014400000,ETHUSDT,8,8.311e-05
1737043200000,1737043200000,BTCUSDT,8,4.598e-05
1737043200000,1737043200000,ETHUSDT,8,5.275e-05
1737072000000,1737072000004,BTCUSDT,8,4.597e-05
1737072000000,1737072000004,ETHUSDT,8,0.0001
1737100800000,1737100800000,BTCUSDT,8,9.386e-05
1737100800000,1737100800000,ETHUSDT,8,0.0001
1737129600000,1737129600008,BTCUSDT,8,3.432e-05
1737129600000,1737129600008,ETHUSDT,8,0.0001
1737158400000,1737158400000,BTCUSDT,8,6.707e-05
1737158400000,1737158400000,ETHUSDT,8,0.0001
1737187200000,1737187200007,BTCUSDT,8,0.0001
1737187200000,1737187200007,ETHUSDT,8,0.0001
1737216000000,1737216000000,BTCUSDT,8,0.0001
1737216000000,1737216000000,ETHUSDT,8,0.0001
1737244800000,1737244800000,BTCUSDT,8,0.0001
1737244800000,1737244800000,ETHUSDT,8,0.0001
1737273600000,1737273600000,BTCUSDT,8,0.0001
1737273600000,1737273600000,ETHUSDT,8,0.0001
1737302400000,1737302400000,BTCUSDT,8,0.0001
1737302400000,1737302400000,ETHUSDT,8,0.0001
1737331200000,1737331200000,BTCUSDT,8,0.0001
1737331200000,1737331200000,ETHUSDT,8,0.0001
1737360000000,1737360000009,BTCUSDT,8,0.0001
1737360000000,1737360000009,ETHUSDT,8,0.0001
1737388800000,1737388800000,BTCUSDT,8,0.0001
1737388800000,1737388800000,ETHUSDT,8,0.0001
1737417600000,1737417600000,BTCUSDT,8,0.0001
1737417600000,1737417600000,ETHUSDT,8,0.0001
1737446400000,1737446400000,BTCUSDT,8,0.0001
1737446400000,1737446400000,ETHUSDT,8,0.0001
1737475200000,1737475200000,BTCUSDT,8,0.0001
1737475200000,1737475200000,ETHUSDT,8,0.0001
1737504000000,1737504000000,BTCUSDT,8,0.0001
1737504000000,1737504000000,ETHUSDT,8,0.0001
1737532800000,1737532800000,BTCUSDT,8,0.0001
1737532800000,1737532800000,ETHUSDT,8,0.0001
1737561600000,1737561600000,BTCUSDT,8,0.0001
1737561600000,1737561600000,ETHUSDT,8,0.0001
1737590400000,1737590400001,BTCUSDT,8,8.654e-05
1737590400000,1737590400001,ETHUSDT,8,0.0001
1737619200000,1737619200000,BTCUSDT,8,0.0001
1737619200000,1737619200000,ETHUSDT,8,0.0001
1737648000000,1737648000000,BTCUSDT,8,8.616e-05
1737648000000,1737648000000,ETHUSDT,8,0.0001
1737676800000,1737676800000,BTCUSDT,8,3.34e-06
1737676800000,1737676800000,ETHUSDT,8,0.0001
1737705600000,1737705600000,BTCUSDT,8,7.537e-05
1737705600000,1737705600000,ETHUSDT,8,0.0001
1737734400000,1737734400000,BTCUSDT,8,9.54e-05
1737734400000,1737734400000,ETHUSDT,8,0.0001
1737763200000,1737763200000,BTCUSDT,8,5.702e-05
1737763200000,1737763200000,ETHUSDT,8,6.904e-05
1737792000000,1737792000000,BTCUSDT,8,8.495e-05
1737792000000,1737792000000,ETHUSDT,8,7.065e-05
1737820800000,1737820800001,BTCUSDT,8,7.782e-05
1737820800000,1737820800001,ETHUSDT,8,8.41e-05
1737849600000,1737849600000,BTCUSDT,8,8.363e-05
1737849600000,1737849600000,ETHUSDT,8,9.663e-05
1737878400000,1737878400000,BTCUSDT,8,0.0001
1737878400000,1737878400000,ETHUSDT,8,9.725e-05
1737907200000,1737907200000,BTCUSDT,8,8.443e-05
1737907200000,1737907200000,ETHUSDT,8,3.849e-05
1737936000000,1737936000000,BTCUSDT,8,9.084e-05
1737936000000,1737936000000,ETHUSDT,8,-2.76e-06
1737964800000,1737964800000,BTCUSDT,8,3.712e-05
1737964800000,1737964800000,ETHUSDT,8,3.922e-05
1737993600000,1737993600000,BTCUSDT,8,9.8e-07
1737993600000,1737993600000,ETHUSDT,8,3.069e-05
1738022400000,1738022400000,BTCUSDT,8,0.0001
1738022400000,1738022400000,ETHUSDT,8,0.0001
1738051200000,1738051200000,BTCUSDT,8,3.714e-05
1738051200000,1738051200000,ETHUSDT,8,4.046e-05
1738080000000,1738080000000,BTCUSDT,8,9.848e-05
1738080000000,1738080000000,ETHUSDT,8,5.904e-05
1738108800000,1738108800000,BTCUSDT,8,0.0001
1738108800000,1738108800000,ETHUSDT,8,0.0001
1738137600000,1738137600000,BTCUSDT,8,0.0001
1738137600000,1738137600000,ETHUSDT,8,6.567e-05
1738166400000,1738166400000,BTCUSDT,8,9.949e-05
1738166400000,1738166400000,ETHUSDT,8,8.686e-05
1738195200000,1738195200000,BTCUSDT,8,7.59e-05
1738195200000,1738195200000,ETHUSDT,8,2.287e-05
1738224000000,1738224000000,BTCUSDT,8,0.0001
1738224000000,1738224000000,ETHUSDT,8,0.0001
1738252800000,1738252800000,BTCUSDT,8,9.499e-05
1738252800000,1738252800000,ETHUSDT,8,7.055e-05
1738281600000,1738281600000,BTCUSDT,8,1.225e-05
1738281600000,1738281600000,ETHUSDT,8,9.386e-05
1738310400000,1738310400000,BTCUSDT,8,0.0001
1738310400000,1738310400000,ETHUSDT,8,7.998e-05
1738339200000,1738339200000,BTCUSDT,8,0.0001
1738339200000,1738339200000,ETHUSDT,8,0.0001
1738368000000,1738368000000,BTCUSDT,8,8.098e-05
1738368000000,1738368000000,ETHUSDT,8,8.432e-05
1738396800000,1738396800000,BTCUSDT,8,5.369e-05
1738396800000,1738396800000,ETHUSDT,8,9.742e-05
1738425600000,1738425600000,BTCUSDT,8,5.968e-05
1738425600000,1738425600000,ETHUSDT,8,3.573e-05
1738454400000,1738454400001,BTCUSDT,8,5.824e-05
1738454400000,1738454400001,ETHUSDT,8,7.609e-05
1738483200000,1738483200000,BTCUSDT,8,3.38e-05
1738483200000,1738483200000,ETHUSDT,8,0.0001
1738512000000,1738512000000,BTCUSDT,8,-8.61e-06
1738512000000,1738512000000,ETHUSDT,8,2.6e-05
1738540800000,1738540800000,BTCUSDT,8,0.0001
1738540800000,1738540800000,ETHUSDT,8,3.237e-05
1738569600000,1738569600000,BTCUSDT,8,0.0001
1738569600000,1738569600000,ETHUSDT,8,-0.00016657
1738598400000,1738598400000,BTCUSDT,8,4.845e-05
1738598400000,1738598400000,ETHUSDT,8,-0.00025121
1738627200000,1738627200000,BTCUSDT,8,2.612e-05
1738627200000,1738627200000,ETHUSDT,8,-0.00010653
1738656000000,1738656000001,BTCUSDT,8,6.8e-05
1738656000000,1738656000001,ETHUSDT,8,1.07e-05
1738684800000,1738684800000,BTCUSDT,8,4.138e-05
1738684800000,1738684800000,ETHUSDT,8,-8.177e-05
1738713600000,1738713600001,BTCUSDT,8,-4.61e-06
1738713600000,1738713600001,ETHUSDT,8,-8.329e-05
1738742400000,1738742400001,BTCUSDT,8,4.774e-05
1738742400000,1738742400001,ETHUSDT,8,5.754e-05
1738771200000,1738771200000,BTCUSDT,8,1.61e-05
1738771200000,1738771200000,ETHUSDT,8,-2.404e-05
1738800000000,1738800000001,BTCUSDT,8,2.186e-05
1738800000000,1738800000001,ETHUSDT,8,4.939e-05
1738828800000,1738828800001,BTCUSDT,8,-2.38e-06
1738828800000,1738828800001,ETHUSDT,8,-5.35e-06
1738857600000,1738857600000,BTCUSDT,8,5.903e-05
1738857600000,1738857600000,ETHUSDT,8,-7.747e-05
1738886400000,1738886400000,BTCUSDT,8,7.983e-05
1738886400000,1738886400000,ETHUSDT,8,2.439e-05
1738915200000,1738915200000,BTCUSDT,8,6.989e-05
1738915200000,1738915200000,ETHUSDT,8,2.905e-05
1738944000000,1738944000000,BTCUSDT,8,5.167e-05
1738944000000,1738944000000,ETHUSDT,8,-1.197e-05
1738972800000,1738972800000,BTCUSDT,8,-4.1e-05
1738972800000,1738972800000,ETHUSDT,8,-1.894e-05
1739001600000,1739001600000,BTCUSDT,8,1.137e-05
1739001600000,1739001600000,ETHUSDT,8,9.532e-05
1739030400000,1739030400000,BTCUSDT,8,3.24e-06
1739030400000,1739030400000,ETHUSDT,8,6.93e-05
1739059200000,1739059200000,BTCUSDT,8,3.873e-05
1739059200000,1739059200000,ETHUSDT,8,-3.64e-06
1739088000000,1739088000000,BTCUSDT,8,9.6e-05
1739088000000,1739088000000,ETHUSDT,8,5.479e-05
1739116800000,1739116800000,BTCUSDT,8,2.839e-05
1739116800000,1739116800000,ETHUSDT,8,5.02e-05
1739145600000,1739145600000,BTCUSDT,8,1.802e-05
1739145600000,1739145600000,ETHUSDT,8,9.11e-06
1739174400000,1739174400000,BTCUSDT,8,9.176e-05
1739174400000,1739174400000,ETHUSDT,8,7.074e-05
1739203200000,1739203200000,BTCUSDT,8,7.457e-05
1739203200000,1739203200000,ETHUSDT,8,5.396e-05
1739232000000,1739232000000,BTCUSDT,8,4.218e-05
1739232000000,1739232000000,ETHUSDT,8,-5.72e-06
1739260800000,1739260800000,BTCUSDT,8,7.09e-05
1739260800000,1739260800000,ETHUSDT,8,4.26e-05
1739289600000,1739289600000,BTCUSDT,8,-2.446e-05
1739289600000,1739289600000,ETHUSDT,8,-1.236e-05
1739318400000,1739318400000,BTCUSDT,8,1.298e-05
1739318400000,1739318400000,ETHUSDT,8,6.151e-05
1739347200000,1739347200000,BTCUSDT,8,4.899e-05
1739347200000,1739347200000,ETHUSDT,8,3.35e-05
1739376000000,1739376000001,BTCUSDT,8,4.96e-05
1739376000000,1739376000001,ETHUSDT,8,8.407e-05
1739404800000,1739404800001,BTCUSDT,8,0.0001
1739404800000,1739404800001,ETHUSDT,8,9.54e-05
1739433600000,1739433600000,BTCUSDT,8,4.117e-05
1739433600000,1739433600000,ETHUSDT,8,0.0001
1739462400000,1739462400001,BTCUSDT,8,8.05e-06
1739462400000,1739462400001,ETHUSDT,8,1.027e-05
1739491200000,1739491200000,BTCUSDT,8,4.1e-05
1739491200000,1739491200000,ETHUSDT,8,2.39e-06
1739520000000,1739520000001,BTCUSDT,8,5.51e-05
1739520000000,1739520000001,ETHUSDT,8,8.242e-05
1739548800000,1739548800000,BTCUSDT,8,7.093e-05
1739548800000,1739548800000,ETHUSDT,8,7.834e-05
1739577600000,1739577600000,BTCUSDT,8,5.5e-07
1739577600000,1739577600000,ETHUSDT,8,4.385e-05
1739606400000,1739606400000,BTCUSDT,8,3.297e-05
1739606400000,1739606400000,ETHUSDT,8,3.822e-05
1739635200000,1739635200000,BTCUSDT,8,3.735e-05
1739635200000,1739635200000,ETHUSDT,8,8.44e-06
1739664000000,1739664000000,BTCUSDT,8,3.39e-05
1739664000000,1739664000000,ETHUSDT,8,3.859e-05
1739692800000,1739692800000,BTCUSDT,8,1.82e-06
1739692800000,1739692800000,ETHUSDT,8,5.945e-05
1739721600000,1739721600000,BTCUSDT,8,3.799e-05
1739721600000,1739721600000,ETHUSDT,8,3.775e-05
1739750400000,1739750400000,BTCUSDT,8,6.239e-05
1739750400000,1739750400000,ETHUSDT,8,3.649e-05
1739779200000,1739779200000,BTCUSDT,8,6.397e-05
1739779200000,1739779200000,ETHUSDT,8,5.61e-05
1739808000000,1739808000000,BTCUSDT,8,2.009e-05
1739808000000,1739808000000,ETHUSDT,8,0.0001
1739836800000,1739836800000,BTCUSDT,8,9.488e-05
1739836800000,1739836800000,ETHUSDT,8,4.742e-05
1739865600000,1739865600000,BTCUSDT,8,0.0001
1739865600000,1739865600000,ETHUSDT,8,-1.595e-05
1739894400000,1739894400000,BTCUSDT,8,0.0001
1739894400000,1739894400000,ETHUSDT,8,5.441e-05
1739923200000,1739923200000,BTCUSDT,8,7.007e-05
1739923200000,1739923200000,ETHUSDT,8,4.964e-05
1739952000000,1739952000000,BTCUSDT,8,7.779e-05
1739952000000,1739952000000,ETHUSDT,8,7.273e-05
1739980800000,1739980800000,BTCUSDT,8,8.96e-05
1739980800000,1739980800000,ETHUSDT,8,3.185e-05
1740009600000,1740009600000,BTCUSDT,8,2.42e-05
1740009600000,1740009600000,ETHUSDT,8,-2.07e-06
1740038400000,1740038400000,BTCUSDT,8,3.269e-05
1740038400000,1740038400000,ETHUSDT,8,5.629e-05
1740067200000,1740067200000,BTCUSDT,8,7.346e-05
1740067200000,1740067200000,ETHUSDT,8,6.405e-05
1740096000000,1740096000001,BTCUSDT,8,1.23e-06
1740096000000,1740096000001,ETHUSDT,8,3.574e-05
1740124800000,1740124800000,BTCUSDT,8,2.286e-05
1740124800000,1740124800000,ETHUSDT,8,6.624e-05
1740153600000,1740153600000,BTCUSDT,8,-9.7e-07
1740153600000,1740153600000,ETHUSDT,8,4.228e-05
1740182400000,1740182400000,BTCUSDT,8,0.0001
1740182400000,1740182400000,ETHUSDT,8,3.254e-05
1740211200000,1740211200000,BTCUSDT,8,6.466e-05
1740211200000,1740211200000,ETHUSDT,8,-1.427e-05
1740240000000,1740240000000,BTCUSDT,8,2.318e-05
1740240000000,1740240000000,ETHUSDT,8,3.41e-05
1740268800000,1740268800000,BTCUSDT,8,4.112e-05
1740268800000,1740268800000,ETHUSDT,8,9.726e-05
1740297600000,1740297600000,BTCUSDT,8,3.14e-05
1740297600000,1740297600000,ETHUSDT,8,3.796e-05
1740326400000,1740326400000,BTCUSDT,8,1.478e-05
1740326400000,1740326400000,ETHUSDT,8,2.13e-06
1740355200000,1740355200000,BTCUSDT,8,-2.97e-05
1740355200000,1740355200000,ETHUSDT,8,7.127e-05
1740384000000,1740384000000,BTCUSDT,8,6.881e-05
1740384000000,1740384000000,ETHUSDT,8,9.24e-06
1740412800000,1740412800000,BTCUSDT,8,2.05e-05
1740412800000,1740412800000,ETHUSDT,8,3.082e-05
1740441600000,1740441600000,BTCUSDT,8,0.0001
1740441600000,1740441600000,ETHUSDT,8,-3.589e-05
1740470400000,1740470400000,BTCUSDT,8,5.245e-05
1740470400000,1740470400000,ETHUSDT,8,4.71e-06
1740499200000,1740499200000,BTCUSDT,8,1.385e-05
1740499200000,1740499200000,ETHUSDT,8,2.913e-05
1740528000000,1740528000000,BTCUSDT,8,3.521e-05
1740528000000,1740528000000,ETHUSDT,8,1.86e-05
1740556800000,1740556800000,BTCUSDT,8,6.005e-05
1740556800000,1740556800000,ETHUSDT,8,6.103e-05
1740585600000,1740585600000,BTCUSDT,8,0.0001
1740585600000,1740585600000,ETHUSDT,8,3.433e-05
1740614400000,1740614400001,BTCUSDT,8,9.305e-05
1740614400000,1740614400001,ETHUSDT,8,8.515e-05
1740643200000,1740643200000,BTCUSDT,8,-6.17e-06
1740643200000,1740643200000,ETHUSDT,8,0.0001
1740672000000,1740672000000,BTCUSDT,8,9.433e-05
1740672000000,1740672000000,ETHUSDT,8,5.027e-05
1740700800000,1740700800001,BTCUSDT,8,9.444e-05
1740700800000,1740700800001,ETHUSDT,8,4.097e-05
1740729600000,1740729600000,BTCUSDT,8,9.521e-05
1740729600000,1740729600000,ETHUSDT,8,1.219e-05
1740758400000,1740758400000,BTCUSDT,8,-3.73e-06
1740758400000,1740758400000,ETHUSDT,8,1.248e-05
1740787200000,1740787200000,BTCUSDT,8,-1.4e-07
1740787200000,1740787200000,ETHUSDT,8,4.855e-05
1740816000000,1740816000000,BTCUSDT,8,-6.108e-05
1740816000000,1740816000000,ETHUSDT,8,-1.061e-05
1740844800000,1740844800001,BTCUSDT,8,-8.58e-06
1740844800000,1740844800001,ETHUSDT,8,-9.31e-06
1740873600000,1740873600000,BTCUSDT,8,-1.094e-05
1740873600000,1740873600000,ETHUSDT,8,3.173e-05
1740902400000,1740902400000,BTCUSDT,8,-2.783e-05
1740902400000,1740902400000,ETHUSDT,8,6.221e-05
1740931200000,1740931200000,BTCUSDT,8,-2.869e-05
1740931200000,1740931200000,ETHUSDT,8,6.102e-05
1740960000000,1740960000001,BTCUSDT,8,-5.518e-05
1740960000000,1740960000001,ETHUSDT,8,-7.88e-06
1740988800000,1740988800000,BTCUSDT,8,7.91e-06
1740988800000,1740988800000,ETHUSDT,8,3.061e-05
1741017600000,1741017600000,BTCUSDT,8,5.272e-05
1741017600000,1741017600000,ETHUSDT,8,6.25e-06
1741046400000,1741046400001,BTCUSDT,8,-1.526e-05
1741046400000,1741046400001,ETHUSDT,8,-4.308e-05
1741075200000,1741075200005,BTCUSDT,8,-2.7e-06
1741075200000,1741075200005,ETHUSDT,8,-3.762e-05
1741104000000,1741104000000,BTCUSDT,8,1.306e-05
1741104000000,1741104000000,ETHUSDT,8,2.04e-06
1741132800000,1741132800000,BTCUSDT,8,4.113e-05
1741132800000,1741132800000,ETHUSDT,8,6.417e-05
1741161600000,1741161600000,BTCUSDT,8,2.722e-05
1741161600000,1741161600000,ETHUSDT,8,7.146e-05
1741190400000,1741190400000,BTCUSDT,8,5.028e-05
1741190400000,1741190400000,ETHUSDT,8,2.539e-05
1741219200000,1741219200000,BTCUSDT,8,3.538e-05
1741219200000,1741219200000,ETHUSDT,8,-1.037e-05
1741248000000,1741248000001,BTCUSDT,8,6.413e-05
1741248000000,1741248000001,ETHUSDT,8,1.125e-05
1741276800000,1741276800000,BTCUSDT,8,6.818e-05
1741276800000,1741276800000,ETHUSDT,8,2.685e-05
1741305600000,1741305600000,BTCUSDT,8,-6.12e-06
1741305600000,1741305600000,ETHUSDT,8,-2.474e-05
1741334400000,1741334400001,BTCUSDT,8,-1.539e-05
1741334400000,1741334400001,ETHUSDT,8,2.874e-05
1741363200000,1741363200000,BTCUSDT,8,2.028e-05
1741363200000,1741363200000,ETHUSDT,8,5.628e-05
1741392000000,1741392000000,BTCUSDT,8,5.328e-05
1741392000000,1741392000000,ETHUSDT,8,3.124e-05
1741420800000,1741420800001,BTCUSDT,8,3.73e-06
1741420800000,1741420800001,ETHUSDT,8,3.76e-05
1741449600000,1741449600001,BTCUSDT,8,1.208e-05
1741449600000,1741449600001,ETHUSDT,8,6.837e-05
1741478400000,1741478400001,BTCUSDT,8,-2.779e-05
1741478400000,1741478400001,ETHUSDT,8,6.871e-05
1741507200000,1741507200000,BTCUSDT,8,3.218e-05
1741507200000,1741507200000,ETHUSDT,8,3.637e-05
1741536000000,1741536000000,BTCUSDT,8,0.0001
1741536000000,1741536000000,ETHUSDT,8,-1.3e-07
1741564800000,1741564800000,BTCUSDT,8,3.952e-05
1741564800000,1741564800000,ETHUSDT,8,-4.249e-05
1741593600000,1741593600000,BTCUSDT,8,1.344e-05
1741593600000,1741593600000,ETHUSDT,8,2.575e-05
1741622400000,1741622400000,BTCUSDT,8,4.037e-05
1741622400000,1741622400000,ETHUSDT,8,3.433e-05
1741651200000,1741651200000,BTCUSDT,8,4.705e-05
1741651200000,1741651200000,ETHUSDT,8,-4.045e-05
1741680000000,1741680000000,BTCUSDT,8,3.26e-05
1741680000000,1741680000000,ETHUSDT,8,2.173e-05
1741708800000,1741708800001,BTCUSDT,8,8.746e-05
1741708800000,1741708800001,ETHUSDT,8,7.553e-05
1741737600000,1741737600000,BTCUSDT,8,5.76e-06
1741737600000,1741737600000,ETHUSDT,8,1.672e-05
1741766400000,1741766400000,BTCUSDT,8,5.815e-05
1741766400000,1741766400000,ETHUSDT,8,1.107e-05
1741795200000,1741795200001,BTCUSDT,8,4.013e-05
1741795200000,1741795200001,ETHUSDT,8,-3.413e-05
1741824000000,1741824000000,BTCUSDT,8,4.3e-06
1741824000000,1741824000000,ETHUSDT,8,2.931e-05
1741852800000,1741852800000,BTCUSDT,8,2.069e-05
1741852800000,1741852800000,ETHUSDT,8,-5e-08
1741881600000,1741881600000,BTCUSDT,8,3.19e-05
1741881600000,1741881600000,ETHUSDT,8,4.218e-05
1741910400000,1741910400000,BTCUSDT,8,5.386e-05
1741910400000,1741910400000,ETHUSDT,8,2.744e-05
1741939200000,1741939200000,BTCUSDT,8,5.331e-05
1741939200000,1741939200000,ETHUSDT,8,7.681e-05
1741968000000,1741968000000,BTCUSDT,8,3.57e-06
1741968000000,1741968000000,ETHUSDT,8,5.537e-05
1741996800000,1741996800000,BTCUSDT,8,-6.035e-05
1741996800000,1741996800000,ETHUSDT,8,2.924e-05
1742025600000,1742025600000,BTCUSDT,8,-2.389e-05
1742025600000,1742025600000,ETHUSDT,8,5.445e-05
1742054400000,1742054400000,BTCUSDT,8,-3.21e-06
1742054400000,1742054400000,ETHUSDT,8,1.25e-05
1742083200000,1742083200000,BTCUSDT,8,4.32e-06
1742083200000,1742083200000,ETHUSDT,8,-3.041e-05
1742112000000,1742112000000,BTCUSDT,8,4.236e-05
1742112000000,1742112000000,ETHUSDT,8,-2.357e-05
1742140800000,1742140800000,BTCUSDT,8,1.247e-05
1742140800000,1742140800000,ETHUSDT,8,-2.967e-05
1742169600000,1742169600000,BTCUSDT,8,1.065e-05
1742169600000,1742169600000,ETHUSDT,8,2.057e-05
1742198400000,1742198400000,BTCUSDT,8,8.474e-05
1742198400000,1742198400000,ETHUSDT,8,5.669e-05
1742227200000,1742227200000,BTCUSDT,8,8.59e-06
1742227200000,1742227200000,ETHUSDT,8,3.697e-05
1742256000000,1742256000000,BTCUSDT,8,7.03e-06
1742256000000,1742256000000,ETHUSDT,8,5.319e-05
1742284800000,1742284800000,BTCUSDT,8,2.059e-05
1742284800000,1742284800000,ETHUSDT,8,4.099e-05
1742313600000,1742313600000,BTCUSDT,8,3.514e-05
1742313600000,1742313600000,ETHUSDT,8,1.465e-05
1742342400000,1742342400000,BTCUSDT,8,2e-06
1742342400000,1742342400000,ETHUSDT,8,5.983e-05
1742371200000,1742371200000,BTCUSDT,8,5.961e-05
1742371200000,1742371200000,ETHUSDT,8,8.986e-05
1742400000000,1742400000000,BTCUSDT,8,5.024e-05
1742400000000,1742400000000,ETHUSDT,8,6.676e-05
1742428800000,1742428800000,BTCUSDT,8,1.944e-05
1742428800000,1742428800000,ETHUSDT,8,-1.704e-05
1742457600000,1742457600000,BTCUSDT,8,3.79e-05
1742457600000,1742457600000,ETHUSDT,8,1.553e-05
1742486400000,1742486400000,BTCUSDT,8,1.086e-05
1742486400000,1742486400000,ETHUSDT,8,-8.57e-06
1742515200000,1742515200000,BTCUSDT,8,1.615e-05
1742515200000,1742515200000,ETHUSDT,8,5.235e-05
1742544000000,1742544000000,BTCUSDT,8,5.324e-05
1742544000000,1742544000000,ETHUSDT,8,6.749e-05
1742572800000,1742572800000,BTCUSDT,8,2.518e-05
1742572800000,1742572800000,ETHUSDT,8,2.613e-05
1742601600000,1742601600000,BTCUSDT,8,2.836e-05
1742601600000,1742601600000,ETHUSDT,8,-1.402e-05
1742630400000,1742630400004,BTCUSDT,8,-1.77e-05
1742630400000,1742630400004,ETHUSDT,8,-2.617e-05
1742659200000,1742659200000,BTCUSDT,8,5.092e-05
1742659200000,1742659200000,ETHUSDT,8,2.587e-05
1742688000000,1742688000000,BTCUSDT,8,2.099e-05
1742688000000,1742688000000,ETHUSDT,8,1.553e-05
1742716800000,1742716800000,BTCUSDT,8,-1.84e-06
1742716800000,1742716800000,ETHUSDT,8,6.053e-05
1742745600000,1742745600000,BTCUSDT,8,4.02e-05
1742745600000,1742745600000,ETHUSDT,8,-3.36e-06
1742774400000,1742774400000,BTCUSDT,8,2.039e-05
1742774400000,1742774400000,ETHUSDT,8,-1.29e-05
1742803200000,1742803200000,BTCUSDT,8,5.512e-05
1742803200000,1742803200000,ETHUSDT,8,9.456e-05
1742832000000,1742832000000,BTCUSDT,8,-3.422e-05
1742832000000,1742832000000,ETHUSDT,8,3.069e-05
1742860800000,1742860800001,BTCUSDT,8,-2.47e-06
1742860800000,1742860800001,ETHUSDT,8,6.736e-05
1742889600000,1742889600000,BTCUSDT,8,1.15e-05
1742889600000,1742889600000,ETHUSDT,8,1.456e-05
1742918400000,1742918400000,BTCUSDT,8,-3.776e-05
1742918400000,1742918400000,ETHUSDT,8,-4.75e-06
1742947200000,1742947200000,BTCUSDT,8,-2.99e-05
1742947200000,1742947200000,ETHUSDT,8,2.976e-05
1742976000000,1742976000000,BTCUSDT,8,1.659e-05
1742976000000,1742976000000,ETHUSDT,8,1.074e-05
1743004800000,1743004800001,BTCUSDT,8,-3.082e-05
1743004800000,1743004800001,ETHUSDT,8,-2.235e-05
1743033600000,1743033600001,BTCUSDT,8,3.136e-05
1743033600000,1743033600001,ETHUSDT,8,4.542e-05
1743062400000,1743062400001,BTCUSDT,8,5.512e-05
1743062400000,1743062400001,ETHUSDT,8,7.427e-05
1743091200000,1743091200002,BTCUSDT,8,-3.76e-05
1743091200000,1743091200002,ETHUSDT,8,3.127e-05
1743120000000,1743120000001,BTCUSDT,8,1.584e-05
1743120000000,1743120000001,ETHUSDT,8,6.551e-05
1743148800000,1743148800001,BTCUSDT,8,-4.57e-06
1743148800000,1743148800001,ETHUSDT,8,-2.896e-05
1743177600000,1743177600000,BTCUSDT,8,8.118e-05
1743177600000,1743177600000,ETHUSDT,8,-1.109e-05
1743206400000,1743206400000,BTCUSDT,8,5.364e-05
1743206400000,1743206400000,ETHUSDT,8,3.56e-06
1743235200000,1743235200000,BTCUSDT,8,8.214e-05
1743235200000,1743235200000,ETHUSDT,8,4.498e-05
1743264000000,1743264000000,BTCUSDT,8,2.53e-05
1743264000000,1743264000000,ETHUSDT,8,3.469e-05
1743292800000,1743292800000,BTCUSDT,8,3.41e-06
1743292800000,1743292800000,ETHUSDT,8,-1.072e-05
1743321600000,1743321600000,BTCUSDT,8,4.27e-06
1743321600000,1743321600000,ETHUSDT,8,-1.999e-05
1743350400000,1743350400000,BTCUSDT,8,4.588e-05
1743350400000,1743350400000,ETHUSDT,8,1.191e-05
1743379200000,1743379200000,BTCUSDT,8,2.643e-05
1743379200000,1743379200000,ETHUSDT,8,-3.26e-06
1743408000000,1743408000000,BTCUSDT,8,6.02e-05
1743408000000,1743408000000,ETHUSDT,8,2.663e-05
1743436800000,1743436800000,BTCUSDT,8,1.845e-05
1743436800000,1743436800000,ETHUSDT,8,2.009e-05
1743465600000,1743465600000,BTCUSDT,8,3.961e-05
1743465600000,1743465600000,ETHUSDT,8,-6.52e-06
1743494400000,1743494400001,BTCUSDT,8,2.889e-05
1743494400000,1743494400001,ETHUSDT,8,2.877e-05
1743523200000,1743523200000,BTCUSDT,8,3.573e-05
1743523200000,1743523200000,ETHUSDT,8,3.314e-05
1743552000000,1743552000001,BTCUSDT,8,-2.112e-05
1743552000000,1743552000001,ETHUSDT,8,3.676e-05
1743580800000,1743580800000,BTCUSDT,8,3.036e-05
1743580800000,1743580800000,ETHUSDT,8,-4.5e-07
1743609600000,1743609600000,BTCUSDT,8,7.33e-06
1743609600000,1743609600000,ETHUSDT,8,4.262e-05
1743638400000,1743638400000,BTCUSDT,8,5.862e-05
1743638400000,1743638400000,ETHUSDT,8,-6.39e-06
1743667200000,1743667200000,BTCUSDT,8,5.038e-05
1743667200000,1743667200000,ETHUSDT,8,6.39e-05
1743696000000,1743696000000,BTCUSDT,8,6.484e-05
1743696000000,1743696000000,ETHUSDT,8,-6.15e-06
1743724800000,1743724800000,BTCUSDT,8,4.283e-05
1743724800000,1743724800000,ETHUSDT,8,6.701e-05
1743753600000,1743753600000,BTCUSDT,8,4.736e-05
1743753600000,1743753600000,ETHUSDT,8,-2.093e-05
1743782400000,1743782400000,BTCUSDT,8,8.038e-05
1743782400000,1743782400000,ETHUSDT,8,3.78e-05
1743811200000,1743811200000,BTCUSDT,8,8.559e-05
1743811200000,1743811200000,ETHUSDT,8,2.181e-05
1743840000000,1743840000000,BTCUSDT,8,7.437e-05
1743840000000,1743840000000,ETHUSDT,8,5.939e-05
1743868800000,1743868800000,BTCUSDT,8,4.08e-06
1743868800000,1743868800000,ETHUSDT,8,-7.82e-06
1743897600000,1743897600000,BTCUSDT,8,2.21e-06
1743897600000,1743897600000,ETHUSDT,8,2.389e-05
1743926400000,1743926400000,BTCUSDT,8,5.363e-05
1743926400000,1743926400000,ETHUSDT,8,5.41e-05
1743955200000,1743955200002,BTCUSDT,8,-6.03e-06
1743955200000,1743955200002,ETHUSDT,8,-2.372e-05
1743984000000,1743984000000,BTCUSDT,8,4.946e-05
1743984000000,1743984000000,ETHUSDT,8,-3.784e-05
1744012800000,1744012800000,BTCUSDT,8,6.857e-05
1744012800000,1744012800000,ETHUSDT,8,-9.65e-06
1744041600000,1744041600000,BTCUSDT,8,4.998e-05
1744041600000,1744041600000,ETHUSDT,8,-3.451e-05
1744070400000,1744070400000,BTCUSDT,8,4.074e-05
1744070400000,1744070400000,ETHUSDT,8,-4.38e-06
1744099200000,1744099200000,BTCUSDT,8,3.575e-05
1744099200000,1744099200000,ETHUSDT,8,1.155e-05
1744128000000,1744128000000,BTCUSDT,8,3.134e-05
1744128000000,1744128000000,ETHUSDT,8,-1.429e-05
1744156800000,1744156800000,BTCUSDT,8,9.568e-05
1744156800000,1744156800000,ETHUSDT,8,-4.82e-05
1744185600000,1744185600001,BTCUSDT,8,-2.252e-05
1744185600000,1744185600001,ETHUSDT,8,-6.596e-05
1744214400000,1744214400000,BTCUSDT,8,6.856e-05
1744214400000,1744214400000,ETHUSDT,8,1.591e-05
1744243200000,1744243200000,BTCUSDT,8,7.705e-05
1744243200000,1744243200000,ETHUSDT,8,0.0001
1744272000000,1744272000000,BTCUSDT,8,1.14e-06
1744272000000,1744272000000,ETHUSDT,8,3.042e-05
1744300800000,1744300800000,BTCUSDT,8,6.775e-05
1744300800000,1744300800000,ETHUSDT,8,-7.8e-07
1744329600000,1744329600001,BTCUSDT,8,2.065e-05
1744329600000,1744329600001,ETHUSDT,8,-9.18e-06
1744358400000,1744358400000,BTCUSDT,8,-4.294e-05
1744358400000,1744358400000,ETHUSDT,8,-5.857e-05
1744387200000,1744387200000,BTCUSDT,8,3.29e-05
1744387200000,1744387200000,ETHUSDT,8,-4.61e-06
1744416000000,1744416000000,BTCUSDT,8,3.654e-05
1744416000000,1744416000000,ETHUSDT,8,2.511e-05
1744444800000,1744444800001,BTCUSDT,8,5.64e-05
1744444800000,1744444800001,ETHUSDT,8,-6e-06
1744473600000,1744473600000,BTCUSDT,8,5.388e-05
1744473600000,1744473600000,ETHUSDT,8,2.416e-05
1744502400000,1744502400000,BTCUSDT,8,5.057e-05
1744502400000,1744502400000,ETHUSDT,8,7.676e-05
1744531200000,1744531200000,BTCUSDT,8,8.429e-05
1744531200000,1744531200000,ETHUSDT,8,5.203e-05
1744560000000,1744560000000,BTCUSDT,8,9.642e-05
1744560000000,1744560000000,ETHUSDT,8,5.299e-05
1744588800000,1744588800000,BTCUSDT,8,8.113e-05
1744588800000,1744588800000,ETHUSDT,8,7.387e-05
1744617600000,1744617600000,BTCUSDT,8,7.127e-05
1744617600000,1744617600000,ETHUSDT,8,5.913e-05
1744646400000,1744646400000,BTCUSDT,8,2.428e-05
1744646400000,1744646400000,ETHUSDT,8,5.384e-05
1744675200000,1744675200000,BTCUSDT,8,-2.073e-05
1744675200000,1744675200000,ETHUSDT,8,2.56e-05
1744704000000,1744704000000,BTCUSDT,8,6.606e-05
1744704000000,1744704000000,ETHUSDT,8,1.812e-05
1744732800000,1744732800001,BTCUSDT,8,1.883e-05
1744732800000,1744732800001,ETHUSDT,8,3.35e-06
1744761600000,1744761600000,BTCUSDT,8,2.428e-05
1744761600000,1744761600000,ETHUSDT,8,4.294e-05
1744790400000,1744790400000,BTCUSDT,8,6.917e-05
1744790400000,1744790400000,ETHUSDT,8,-2.96e-05
1744819200000,1744819200000,BTCUSDT,8,1.978e-05
1744819200000,1744819200000,ETHUSDT,8,-2.514e-05
1744848000000,1744848000001,BTCUSDT,8,1.404e-05
1744848000000,1744848000001,ETHUSDT,8,4.479e-05
1744876800000,1744876800000,BTCUSDT,8,5.679e-05
1744876800000,1744876800000,ETHUSDT,8,5.184e-05
1744905600000,1744905600001,BTCUSDT,8,3.425e-05
1744905600000,1744905600001,ETHUSDT,8,-1.791e-05
1744934400000,1744934400000,BTCUSDT,8,1.788e-05
1744934400000,1744934400000,ETHUSDT,8,-3.125e-05
1744963200000,1744963200000,BTCUSDT,8,7.071e-05
1744963200000,1744963200000,ETHUSDT,8,2.747e-05
1744992000000,1744992000000,BTCUSDT,8,2.995e-05
1744992000000,1744992000000,ETHUSDT,8,-1.492e-05
1745020800000,1745020800000,BTCUSDT,8,2.93e-05
1745020800000,1745020800000,ETHUSDT,8,-2.388e-05
1745049600000,1745049600000,BTCUSDT,8,6.024e-05
1745049600000,1745049600000,ETHUSDT,8,8.846e-05
1745078400000,1745078400000,BTCUSDT,8,-1.953e-05
1745078400000,1745078400000,ETHUSDT,8,7.189e-05
1745107200000,1745107200000,BTCUSDT,8,-2.98e-06
1745107200000,1745107200000,ETHUSDT,8,5.765e-05
1745136000000,1745136000000,BTCUSDT,8,-1.078e-05
1745136000000,1745136000000,ETHUSDT,8,7.724e-05
1745164800000,1745164800000,BTCUSDT,8,-2.258e-05
1745164800000,1745164800000,ETHUSDT,8,-5.358e-05
1745193600000,1745193600000,BTCUSDT,8,5.232e-05
1745193600000,1745193600000,ETHUSDT,8,-1.24e-06
1745222400000,1745222400005,BTCUSDT,8,5.403e-05
1745222400000,1745222400005,ETHUSDT,8,0.0001
1745251200000,1745251200003,BTCUSDT,8,1.553e-05
1745251200000,1745251200003,ETHUSDT,8,8.017e-05
1745280000000,1745280000008,BTCUSDT,8,7.749e-05
1745280000000,1745280000008,ETHUSDT,8,-3.6e-05
1745308800000,1745308800000,BTCUSDT,8,-7.44e-06
1745308800000,1745308800000,ETHUSDT,8,2.2e-07
1745337600000,1745337600000,BTCUSDT,8,-7.045e-05
1745337600000,1745337600000,ETHUSDT,8,8.105e-05
1745366400000,1745366400000,BTCUSDT,8,-1.389e-05
1745366400000,1745366400000,ETHUSDT,8,6.679e-05
1745395200000,1745395200002,BTCUSDT,8,1.374e-05
1745395200000,1745395200002,ETHUSDT,8,9.616e-05
1745424000000,1745424000000,BTCUSDT,8,4.587e-05
1745424000000,1745424000000,ETHUSDT,8,0.0001
1745452800000,1745452800000,BTCUSDT,8,-2.671e-05
1745452800000,1745452800000,ETHUSDT,8,0.0001
1745481600000,1745481600001,BTCUSDT,8,5.21e-05
1745481600000,1745481600001,ETHUSDT,8,7.229e-05
1745510400000,1745510400001,BTCUSDT,8,-2.165e-05
1745510400000,1745510400001,ETHUSDT,8,6.2e-06
1745539200000,1745539200007,BTCUSDT,8,-1.764e-05
1745539200000,1745539200007,ETHUSDT,8,5.922e-05
1745568000000,1745568000002,BTCUSDT,8,1.7e-06
1745568000000,1745568000002,ETHUSDT,8,7.829e-05
1745596800000,1745596800003,BTCUSDT,8,1.2e-06
1745596800000,1745596800003,ETHUSDT,8,-9.65e-06
1745625600000,1745625600002,BTCUSDT,8,-0.00010085
1745625600000,1745625600002,ETHUSDT,8,8.3e-06
1745654400000,1745654400000,BTCUSDT,8,-2.774e-05
1745654400000,1745654400000,ETHUSDT,8,-2.999e-05
1745683200000,1745683200002,BTCUSDT,8,2.855e-05
1745683200000,1745683200002,ETHUSDT,8,7.28e-06
1745712000000,1745712000001,BTCUSDT,8,-1.5e-05
1745712000000,1745712000001,ETHUSDT,8,5.635e-05
1745740800000,1745740800000,BTCUSDT,8,-6.6e-06
1745740800000,1745740800000,ETHUSDT,8,-6.737e-05
1745769600000,1745769600000,BTCUSDT,8,-4.21e-06
1745769600000,1745769600000,ETHUSDT,8,-3.852e-05
1745798400000,1745798400001,BTCUSDT,8,3.73e-06
1745798400000,1745798400001,ETHUSDT,8,1.32e-06
1745827200000,1745827200003,BTCUSDT,8,2.46e-06
1745827200000,1745827200003,ETHUSDT,8,-4.703e-05
1745856000000,1745856000005,BTCUSDT,8,-5.821e-05
1745856000000,1745856000005,ETHUSDT,8,-8.681e-05
1745884800000,1745884800000,BTCUSDT,8,-7.73e-06
1745884800000,1745884800000,ETHUSDT,8,8.281e-05
1745913600000,1745913600000,BTCUSDT,8,4.13e-06
1745913600000,1745913600000,ETHUSDT,8,5.79e-05
1745942400000,1745942400010,BTCUSDT,8,1.305e-05
1745942400000,1745942400010,ETHUSDT,8,-1.396e-05
1745971200000,1745971200001,BTCUSDT,8,-5.181e-05
1745971200000,1745971200001,ETHUSDT,8,-7.371e-05
1746000000000,1746000000000,BTCUSDT,8,2.939e-05
1746000000000,1746000000000,ETHUSDT,8,9.04e-06
1746028800000,1746028800003,BTCUSDT,8,-3.797e-05
1746028800000,1746028800003,ETHUSDT,8,-6.069e-05
1746057600000,1746057600000,BTCUSDT,8,3.519e-05
1746057600000,1746057600000,ETHUSDT,8,5.43e-05
1746086400000,1746086400000,BTCUSDT,8,5.755e-05
1746086400000,1746086400000,ETHUSDT,8,4.5e-05
1746115200000,1746115200001,BTCUSDT,8,-8.028e-05
1746115200000,1746115200001,ETHUSDT,8,7.23e-06
1746144000000,1746144000000,BTCUSDT,8,-0.00012232
1746144000000,1746144000000,ETHUSDT,8,-5.91e-06
1746172800000,1746172800000,BTCUSDT,8,-9.382e-05
1746172800000,1746172800000,ETHUSDT,8,-5.797e-05
1746201600000,1746201600003,BTCUSDT,8,-8.689e-05
1746201600000,1746201600003,ETHUSDT,8,-5.88e-06
1746230400000,1746230400000,BTCUSDT,8,-5.953e-05
1746230400000,1746230400000,ETHUSDT,8,4.901e-05
1746259200000,1746259200000,BTCUSDT,8,3.198e-05
1746259200000,1746259200000,ETHUSDT,8,1.565e-05
1746288000000,1746288000000,BTCUSDT,8,-1.483e-05
1746288000000,1746288000000,ETHUSDT,8,2.092e-05
1746316800000,1746316800001,BTCUSDT,8,3.7e-06
1746316800000,1746316800001,ETHUSDT,8,6.708e-05
1746345600000,1746345600001,BTCUSDT,8,3.229e-05
1746345600000,1746345600001,ETHUSDT,8,3.289e-05
1746374400000,1746374400002,BTCUSDT,8,3.745e-05
1746374400000,1746374400002,ETHUSDT,8,-2.67e-05
1746403200000,1746403200000,BTCUSDT,8,-2.404e-05
1746403200000,1746403200000,ETHUSDT,8,1.81e-06
1746432000000,1746432000000,BTCUSDT,8,3.636e-05
1746432000000,1746432000000,ETHUSDT,8,1.998e-05
1746460800000,1746460800006,BTCUSDT,8,-2.247e-05
1746460800000,1746460800006,ETHUSDT,8,1.194e-05
1746489600000,1746489600002,BTCUSDT,8,1.978e-05
1746489600000,1746489600002,ETHUSDT,8,6.899e-05
1746518400000,1746518400005,BTCUSDT,8,4.44e-05
1746518400000,1746518400005,ETHUSDT,8,-1.836e-05
1746547200000,1746547200000,BTCUSDT,8,7.57e-06
1746547200000,1746547200000,ETHUSDT,8,-3.589e-05
1746576000000,1746576000002,BTCUSDT,8,1.218e-05
1746576000000,1746576000002,ETHUSDT,8,3.273e-05
1746604800000,1746604800000,BTCUSDT,8,-2.5e-07
1746604800000,1746604800000,ETHUSDT,8,8.548e-05
1746633600000,1746633600006,BTCUSDT,8,1.32e-05
1746633600000,1746633600006,ETHUSDT,8,-6.48e-06
1746662400000,1746662400000,BTCUSDT,8,2.318e-05
1746662400000,1746662400000,ETHUSDT,8,4.564e-05
1746691200000,1746691200001,BTCUSDT,8,4.608e-05
1746691200000,1746691200001,ETHUSDT,8,0.0001
1746720000000,1746720000002,BTCUSDT,8,5.728e-05
1746720000000,1746720000002,ETHUSDT,8,8.717e-05
1746748800000,1746748800001,BTCUSDT,8,0.0001
1746748800000,1746748800001,ETHUSDT,8,0.0001
1746777600000,1746777600006,BTCUSDT,8,0.0001
1746777600000,1746777600006,ETHUSDT,8,0.0001
1746806400000,1746806400000,BTCUSDT,8,4.378e-05
1746806400000,1746806400000,ETHUSDT,8,0.0001
1746835200000,1746835200001,BTCUSDT,8,9.657e-05
1746835200000,1746835200001,ETHUSDT,8,0.0001
1746864000000,1746864000000,BTCUSDT,8,0.0001
1746864000000,1746864000000,ETHUSDT,8,9.797e-05
1746892800000,1746892800001,BTCUSDT,8,4.257e-05
1746892800000,1746892800001,ETHUSDT,8,9.016e-05
1746921600000,1746921600000,BTCUSDT,8,0.0001
1746921600000,1746921600000,ETHUSDT,8,0.0001
1746950400000,1746950400001,BTCUSDT,8,4.15e-05
1746950400000,1746950400001,ETHUSDT,8,7.363e-05
1746979200000,1746979200001,BTCUSDT,8,0.0001
1746979200000,1746979200001,ETHUSDT,8,2.438e-05
1747008000000,1747008000004,BTCUSDT,8,4.454e-05
1747008000000,1747008000004,ETHUSDT,8,7.088e-05
1747036800000,1747036800000,BTCUSDT,8,0.0001
1747036800000,1747036800000,ETHUSDT,8,0.0001
1747065600000,1747065600000,BTCUSDT,8,2.301e-05
1747065600000,1747065600000,ETHUSDT,8,5.717e-05
1747094400000,1747094400000,BTCUSDT,8,6.847e-05
1747094400000,1747094400000,ETHUSDT,8,6.233e-05
1747123200000,1747123200008,BTCUSDT,8,0.0001
1747123200000,1747123200008,ETHUSDT,8,0.0001
1747152000000,1747152000001,BTCUSDT,8,7.256e-05
1747152000000,1747152000001,ETHUSDT,8,0.0001
1747180800000,1747180800007,BTCUSDT,8,9.921e-05
1747180800000,1747180800007,ETHUSDT,8,0.0001
1747209600000,1747209600000,BTCUSDT,8,7.542e-05
1747209600000,1747209600000,ETHUSDT,8,5.48e-05
1747238400000,1747238400002,BTCUSDT,8,3.175e-05
1747238400000,1747238400002,ETHUSDT,8,4.737e-05
1747267200000,1747267200000,BTCUSDT,8,2.978e-05
1747267200000,1747267200000,ETHUSDT,8,0.0001
1747296000000,1747296000003,BTCUSDT,8,5.336e-05
1747296000000,1747296000003,ETHUSDT,8,0.0001
1747324800000,1747324800000,BTCUSDT,8,1.439e-05
1747324800000,1747324800000,ETHUSDT,8,5.698e-05
1747353600000,1747353600001,BTCUSDT,8,4.504e-05
1747353600000,1747353600001,ETHUSDT,8,6.801e-05
1747382400000,1747382400000,BTCUSDT,8,7.535e-05
1747382400000,1747382400000,ETHUSDT,8,0.0001
1747411200000,1747411200000,BTCUSDT,8,4.768e-05
1747411200000,1747411200000,ETHUSDT,8,7.202e-05
1747440000000,1747440000000,BTCUSDT,8,2.821e-05
1747440000000,1747440000000,ETHUSDT,8,2.543e-05
1747468800000,1747468800001,BTCUSDT,8,3.34e-05
1747468800000,1747468800001,ETHUSDT,8,-1.883e-05
1747497600000,1747497600004,BTCUSDT,8,5.97e-06
1747497600000,1747497600004,ETHUSDT,8,2.339e-05
1747526400000,1747526400000,BTCUSDT,8,6.742e-05
1747526400000,1747526400000,ETHUSDT,8,5.366e-05
1747555200000,1747555200000,BTCUSDT,8,5.903e-05
1747555200000,1747555200000,ETHUSDT,8,4.909e-05
1747584000000,1747584000000,BTCUSDT,8,0.0001
1747584000000,1747584000000,ETHUSDT,8,1.3e-06
1747612800000,1747612800000,BTCUSDT,8,5.99e-05
1747612800000,1747612800000,ETHUSDT,8,-4.925e-05
1747641600000,1747641600006,BTCUSDT,8,6.04e-05
1747641600000,1747641600006,ETHUSDT,8,6.531e-05
1747670400000,1747670400010,BTCUSDT,8,2.11e-05
1747670400000,1747670400010,ETHUSDT,8,9.181e-05
1747699200000,1747699200000,BTCUSDT,8,8.378e-05
1747699200000,1747699200000,ETHUSDT,8,8.013e-05
1747728000000,1747728000002,BTCUSDT,8,7.107e-05
1747728000000,1747728000002,ETHUSDT,8,6.807e-05
1747756800000,1747756800000,BTCUSDT,8,1.266e-05
1747756800000,1747756800000,ETHUSDT,8,1.174e-05
1747785600000,1747785600000,BTCUSDT,8,8.767e-05
1747785600000,1747785600000,ETHUSDT,8,3.663e-05
1747814400000,1747814400001,BTCUSDT,8,7.147e-05
1747814400000,1747814400001,ETHUSDT,8,9.338e-05
1747843200000,1747843200004,BTCUSDT,8,5.119e-05
1747843200000,1747843200004,ETHUSDT,8,6.47e-06
1747872000000,1747872000001,BTCUSDT,8,0.0001
1747872000000,1747872000001,ETHUSDT,8,1.141e-05
1747900800000,1747900800000,BTCUSDT,8,0.0001
1747900800000,1747900800000,ETHUSDT,8,0.0001
1747929600000,1747929600002,BTCUSDT,8,0.0001
1747929600000,1747929600002,ETHUSDT,8,0.0001
1747958400000,1747958400006,BTCUSDT,8,9.321e-05
1747958400000,1747958400006,ETHUSDT,8,0.0001
1747987200000,1747987200000,BTCUSDT,8,7.261e-05
1747987200000,1747987200000,ETHUSDT,8,0.0001
1748016000000,1748016000007,BTCUSDT,8,8.614e-05
1748016000000,1748016000007,ETHUSDT,8,-7.26e-06
1748044800000,1748044800010,BTCUSDT,8,3.524e-05
1748044800000,1748044800010,ETHUSDT,8,0.0001
1748073600000,1748073600000,BTCUSDT,8,4.59e-05
1748073600000,1748073600000,ETHUSDT,8,4.033e-05
1748102400000,1748102400003,BTCUSDT,8,7.837e-05
1748102400000,1748102400003,ETHUSDT,8,2.114e-05
1748131200000,1748131200004,BTCUSDT,8,9.794e-05
1748131200000,1748131200004,ETHUSDT,8,6.041e-05
1748160000000,1748160000000,BTCUSDT,8,5.113e-05
1748160000000,1748160000000,ETHUSDT,8,3.75e-05
1748188800000,1748188800000,BTCUSDT,8,3.651e-05
1748188800000,1748188800000,ETHUSDT,8,8.487e-05
1748217600000,1748217600000,BTCUSDT,8,7.331e-05
1748217600000,1748217600000,ETHUSDT,8,3.85e-06
1748246400000,1748246400000,BTCUSDT,8,0.0001
1748246400000,1748246400000,ETHUSDT,8,8.047e-05
1748275200000,1748275200002,BTCUSDT,8,9.782e-05
1748275200000,1748275200002,ETHUSDT,8,4.711e-05
1748304000000,1748304000003,BTCUSDT,8,7.65e-05
1748304000000,1748304000003,ETHUSDT,8,4.026e-05
1748332800000,1748332800001,BTCUSDT,8,7.266e-05
1748332800000,1748332800001,ETHUSDT,8,0.0001
1748361600000,1748361600005,BTCUSDT,8,2.476e-05
1748361600000,1748361600005,ETHUSDT,8,0.0001
1748390400000,1748390400002,BTCUSDT,8,3.26e-05
1748390400000,1748390400002,ETHUSDT,8,0.0001
1748419200000,1748419200003,BTCUSDT,8,2.164e-05
1748419200000,1748419200003,ETHUSDT,8,0.0001
1748448000000,1748448000002,BTCUSDT,8,5.368e-05
1748448000000,1748448000002,ETHUSDT,8,0.0001
1748476800000,1748476800000,BTCUSDT,8,3.186e-05
1748476800000,1748476800000,ETHUSDT,8,0.0001
1748505600000,1748505600006,BTCUSDT,8,2.812e-05
1748505600000,1748505600006,ETHUSDT,8,0.0001
1748534400000,1748534400000,BTCUSDT,8,8.379e-05
1748534400000,1748534400000,ETHUSDT,8,8.321e-05
1748563200000,1748563200003,BTCUSDT,8,2.622e-05
1748563200000,1748563200003,ETHUSDT,8,7.477e-05
1748592000000,1748592000003,BTCUSDT,8,3.849e-05
1748592000000,1748592000003,ETHUSDT,8,0.0001
1748620800000,1748620800000,BTCUSDT,8,7.392e-05
1748620800000,1748620800000,ETHUSDT,8,5.699e-05
1748649600000,1748649600000,BTCUSDT,8,8.506e-05
1748649600000,1748649600000,ETHUSDT,8,3.389e-05
1748678400000,1748678400000,BTCUSDT,8,7.552e-05
1748678400000,1748678400000,ETHUSDT,8,8.054e-05
1748707200000,1748707200000,BTCUSDT,8,4.687e-05
1748707200000,1748707200000,ETHUSDT,8,2.739e-05
1748736000000,1748736000001,BTCUSDT,8,-5.82e-06
1748736000000,1748736000001,ETHUSDT,8,7.52e-05
1748764800000,1748764800002,BTCUSDT,8,2.335e-05
1748764800000,1748764800002,ETHUSDT,8,3.946e-05
1748793600000,1748793600000,BTCUSDT,8,4.117e-05
1748793600000,1748793600000,ETHUSDT,8,3.37e-05
1748822400000,1748822400001,BTCUSDT,8,-6.42e-06
1748822400000,1748822400001,ETHUSDT,8,1.586e-05
1748851200000,1748851200000,BTCUSDT,8,5.593e-05
1748851200000,1748851200000,ETHUSDT,8,5.378e-05
1748880000000,1748880000000,BTCUSDT,8,4.467e-05
1748880000000,1748880000000,ETHUSDT,8,8.588e-05
1748908800000,1748908800000,BTCUSDT,8,5.005e-05
1748908800000,1748908800000,ETHUSDT,8,3.263e-05
1748937600000,1748937600000,BTCUSDT,8,6.066e-05
1748937600000,1748937600000,ETHUSDT,8,6.067e-05
1748966400000,1748966400001,BTCUSDT,8,4.456e-05
1748966400000,1748966400001,ETHUSDT,8,5.397e-05
1748995200000,1748995200000,BTCUSDT,8,-1.1e-07
1748995200000,1748995200000,ETHUSDT,8,4.39e-05
1749024000000,1749024000000,BTCUSDT,8,2.611e-05
1749024000000,1749024000000,ETHUSDT,8,7.623e-05
1749052800000,1749052800000,BTCUSDT,8,9.62e-06
1749052800000,1749052800000,ETHUSDT,8,7.897e-05
1749081600000,1749081600016,BTCUSDT,8,7.4e-07
1749081600000,1749081600016,ETHUSDT,8,2.359e-05
1749110400000,1749110400000,BTCUSDT,8,2.871e-05
1749110400000,1749110400000,ETHUSDT,8,8.508e-05
1749139200000,1749139200000,BTCUSDT,8,5.156e-05
1749139200000,1749139200000,ETHUSDT,8,6.396e-05
1749168000000,1749168000002,BTCUSDT,8,-3.491e-05
1749168000000,1749168000002,ETHUSDT,8,-1.147e-05
1749196800000,1749196800000,BTCUSDT,8,-3.03e-05
1749196800000,1749196800000,ETHUSDT,8,2.643e-05
1749225600000,1749225600006,BTCUSDT,8,-2.995e-05
1749225600000,1749225600006,ETHUSDT,8,2.684e-05
1749254400000,1749254400000,BTCUSDT,8,-2.89e-05
1749254400000,1749254400000,ETHUSDT,8,8.699e-05
1749283200000,1749283200000,BTCUSDT,8,-3.158e-05
1749283200000,1749283200000,ETHUSDT,8,5.456e-05
1749312000000,1749312000002,BTCUSDT,8,2.94e-06
1749312000000,1749312000002,ETHUSDT,8,6.753e-05
1749340800000,1749340800000,BTCUSDT,8,4.808e-05
1749340800000,1749340800000,ETHUSDT,8,0.0001
1749369600000,1749369600000,BTCUSDT,8,5.613e-05
1749369600000,1749369600000,ETHUSDT,8,9.522e-05
1749398400000,1749398400000,BTCUSDT,8,-3.602e-05
1749398400000,1749398400000,ETHUSDT,8,4.695e-05
1749427200000,1749427200000,BTCUSDT,8,-2.164e-05
1749427200000,1749427200000,ETHUSDT,8,2.206e-05
1749456000000,1749456000001,BTCUSDT,8,4.024e-05
1749456000000,1749456000001,ETHUSDT,8,1.95e-05
1749484800000,1749484800001,BTCUSDT,8,3.057e-05
1749484800000,1749484800001,ETHUSDT,8,8.643e-05
1749513600000,1749513600000,BTCUSDT,8,6.374e-05
1749513600000,1749513600000,ETHUSDT,8,0.0001
1749542400000,1749542400001,BTCUSDT,8,0.0001
1749542400000,1749542400001,ETHUSDT,8,0.0001
1749571200000,1749571200003,BTCUSDT,8,8.165e-05
1749571200000,1749571200003,ETHUSDT,8,0.0001
1749600000000,1749600000000,BTCUSDT,8,8.779e-05
1749600000000,1749600000000,ETHUSDT,8,0.0001
1749628800000,1749628800000,BTCUSDT,8,8.39e-05
1749628800000,1749628800000,ETHUSDT,8,0.0001
1749657600000,1749657600010,BTCUSDT,8,5.039e-05
1749657600000,1749657600010,ETHUSDT,8,0.0001
1749686400000,1749686400002,BTCUSDT,8,1.856e-05
1749686400000,1749686400002,ETHUSDT,8,6.036e-05
1749715200000,1749715200003,BTCUSDT,8,7.247e-05
1749715200000,1749715200003,ETHUSDT,8,0.0001
1749744000000,1749744000001,BTCUSDT,8,1.198e-05
1749744000000,1749744000001,ETHUSDT,8,5.333e-05
1749772800000,1749772800000,BTCUSDT,8,-1.801e-05
1749772800000,1749772800000,ETHUSDT,8,-1.372e-05
1749801600000,1749801600001,BTCUSDT,8,-2.7e-06
1749801600000,1749801600001,ETHUSDT,8,-1.069e-05
1749830400000,1749830400004,BTCUSDT,8,3.857e-05
1749830400000,1749830400004,ETHUSDT,8,2.083e-05
1749859200000,1749859200000,BTCUSDT,8,1.958e-05
1749859200000,1749859200000,ETHUSDT,8,4.572e-05
1749888000000,1749888000000,BTCUSDT,8,3.858e-05
1749888000000,1749888000000,ETHUSDT,8,1.962e-05
1749916800000,1749916800000,BTCUSDT,8,1.135e-05
1749916800000,1749916800000,ETHUSDT,8,4.4e-06
1749945600000,1749945600005,BTCUSDT,8,-3.641e-05
1749945600000,1749945600005,ETHUSDT,8,1.767e-05
1749974400000,1749974400009,BTCUSDT,8,1.439e-05
1749974400000,1749974400009,ETHUSDT,8,8.487e-05
1750003200000,1750003200000,BTCUSDT,8,7.369e-05
1750003200000,1750003200000,ETHUSDT,8,7.131e-05
1750032000000,1750032000000,BTCUSDT,8,9.36e-06
1750032000000,1750032000000,ETHUSDT,8,4.573e-05
1750060800000,1750060800000,BTCUSDT,8,5.07e-05
1750060800000,1750060800000,ETHUSDT,8,9.06e-05
1750089600000,1750089600003,BTCUSDT,8,2.793e-05
1750089600000,1750089600003,ETHUSDT,8,3.96e-05
1750118400000,1750118400000,BTCUSDT,8,1.847e-05
1750118400000,1750118400000,ETHUSDT,8,-9.06e-06
1750147200000,1750147200006,BTCUSDT,8,5.776e-05
1750147200000,1750147200006,ETHUSDT,8,0.0001
1750176000000,1750176000001,BTCUSDT,8,2.211e-05
1750176000000,1750176000001,ETHUSDT,8,5.558e-05
1750204800000,1750204800001,BTCUSDT,8,-1.752e-05
1750204800000,1750204800001,ETHUSDT,8,5.83e-05
1750233600000,1750233600001,BTCUSDT,8,3.695e-05
1750233600000,1750233600001,ETHUSDT,8,6.782e-05
1750262400000,1750262400001,BTCUSDT,8,6.692e-05
1750262400000,1750262400001,ETHUSDT,8,2.338e-05
1750291200000,1750291200005,BTCUSDT,8,8.45e-06
1750291200000,1750291200005,ETHUSDT,8,5.403e-05
1750320000000,1750320000003,BTCUSDT,8,6.16e-06
1750320000000,1750320000003,ETHUSDT,8,4.793e-05
1750348800000,1750348800000,BTCUSDT,8,2.396e-05
1750348800000,1750348800000,ETHUSDT,8,4.883e-05
1750377600000,1750377600000,BTCUSDT,8,3.565e-05
1750377600000,1750377600000,ETHUSDT,8,8.145e-05
1750406400000,1750406400002,BTCUSDT,8,7.862e-05
1750406400000,1750406400002,ETHUSDT,8,8.963e-05
1750435200000,1750435200001,BTCUSDT,8,2.4e-05
1750435200000,1750435200001,ETHUSDT,8,2.59e-05
1750464000000,1750464000002,BTCUSDT,8,3.977e-05
1750464000000,1750464000002,ETHUSDT,8,-4.99e-05
1750492800000,1750492800005,BTCUSDT,8,1.933e-05
1750492800000,1750492800005,ETHUSDT,8,-1.379e-05
1750521600000,1750521600000,BTCUSDT,8,7.44e-05
1750521600000,1750521600000,ETHUSDT,8,5.011e-05
1750550400000,1750550400005,BTCUSDT,8,2.883e-05
1750550400000,1750550400005,ETHUSDT,8,-7.98e-06
1750579200000,1750579200000,BTCUSDT,8,0.0001
1750579200000,1750579200000,ETHUSDT,8,-1.761e-05
1750608000000,1750608000003,BTCUSDT,8,4.145e-05
1750608000000,1750608000003,ETHUSDT,8,4.714e-05
1750636800000,1750636800000,BTCUSDT,8,-1.061e-05
1750636800000,1750636800000,ETHUSDT,8,2.289e-05
1750665600000,1750665600004,BTCUSDT,8,-2.809e-05
1750665600000,1750665600004,ETHUSDT,8,-1.401e-05
1750694400000,1750694400013,BTCUSDT,8,4.889e-05
1750694400000,1750694400013,ETHUSDT,8,1.3e-06
1750723200000,1750723200003,BTCUSDT,8,1.245e-05
1750723200000,1750723200003,ETHUSDT,8,2.127e-05
1750752000000,1750752000000,BTCUSDT,8,1.218e-05
1750752000000,1750752000000,ETHUSDT,8,1.201e-05
1750780800000,1750780800000,BTCUSDT,8,4.47e-06
1750780800000,1750780800000,ETHUSDT,8,4.46e-06
1750809600000,1750809600005,BTCUSDT,8,-3.174e-05
1750809600000,1750809600005,ETHUSDT,8,-8.33e-06
1750838400000,1750838400000,BTCUSDT,8,2.747e-05
1750838400000,1750838400000,ETHUSDT,8,-2.6e-07
1750867200000,1750867200005,BTCUSDT,8,9.62e-06
1750867200000,1750867200005,ETHUSDT,8,1.198e-05
1750896000000,1750896000000,BTCUSDT,8,1.41e-06
1750896000000,1750896000000,ETHUSDT,8,2.757e-05
1750924800000,1750924800006,BTCUSDT,8,3.805e-05
1750924800000,1750924800006,ETHUSDT,8,8.057e-05
1750953600000,1750953600007,BTCUSDT,8,6.82e-06
1750953600000,1750953600007,ETHUSDT,8,9.06e-06
1750982400000,1750982400000,BTCUSDT,8,1.113e-05
1750982400000,1750982400000,ETHUSDT,8,3.79e-06
1751011200000,1751011200000,BTCUSDT,8,2.663e-05
1751011200000,1751011200000,ETHUSDT,8,5.06e-06
1751040000000,1751040000009,BTCUSDT,8,2.557e-05
1751040000000,1751040000009,ETHUSDT,8,5.546e-05
1751068800000,1751068800001,BTCUSDT,8,-1.161e-05
1751068800000,1751068800001,ETHUSDT,8,8.436e-05
1751097600000,1751097600002,BTCUSDT,8,6.053e-05
1751097600000,1751097600002,ETHUSDT,8,6.58e-06
1751126400000,1751126400000,BTCUSDT,8,4.434e-05
1751126400000,1751126400000,ETHUSDT,8,4.011e-05
1751155200000,1751155200004,BTCUSDT,8,1.25e-05
1751155200000,1751155200004,ETHUSDT,8,6.176e-05
1751184000000,1751184000001,BTCUSDT,8,5.36e-05
1751184000000,1751184000001,ETHUSDT,8,8.777e-05
1751212800000,1751212800001,BTCUSDT,8,0.0001
1751212800000,1751212800001,ETHUSDT,8,4.2e-07
1751241600000,1751241600000,BTCUSDT,8,1.084e-05
1751241600000,1751241600000,ETHUSDT,8,5.102e-05
1751270400000,1751270400005,BTCUSDT,8,2.959e-05
1751270400000,1751270400005,ETHUSDT,8,9.119e-05
1751299200000,1751299200002,BTCUSDT,8,4.923e-05
1751299200000,1751299200002,ETHUSDT,8,3.94e-06
1751328000000,1751328000007,BTCUSDT,8,1.053e-05
1751328000000,1751328000007,ETHUSDT,8,8.191e-05
1751356800000,1751356800002,BTCUSDT,8,4.334e-05
1751356800000,1751356800002,ETHUSDT,8,1.541e-05
1751385600000,1751385600000,BTCUSDT,8,1.109e-05
1751385600000,1751385600000,ETHUSDT,8,-1.429e-05
1751414400000,1751414400001,BTCUSDT,8,1.807e-05
1751414400000,1751414400001,ETHUSDT,8,1.952e-05
1751443200000,1751443200000,BTCUSDT,8,3.403e-05
1751443200000,1751443200000,ETHUSDT,8,4.864e-05
1751472000000,1751472000003,BTCUSDT,8,4.13e-05
1751472000000,1751472000003,ETHUSDT,8,5.236e-05
1751500800000,1751500800006,BTCUSDT,8,4.871e-05
1751500800000,1751500800006,ETHUSDT,8,0.0001
1751529600000,1751529600003,BTCUSDT,8,3.562e-05
1751529600000,1751529600003,ETHUSDT,8,9.82e-05
1751558400000,1751558400003,BTCUSDT,8,5.028e-05
1751558400000,1751558400003,ETHUSDT,8,4.398e-05
1751587200000,1751587200005,BTCUSDT,8,5.23e-05
1751587200000,1751587200005,ETHUSDT,8,1.353e-05
1751616000000,1751616000003,BTCUSDT,8,5.009e-05
1751616000000,1751616000003,ETHUSDT,8,6.619e-05
1751644800000,1751644800001,BTCUSDT,8,1.797e-05
1751644800000,1751644800001,ETHUSDT,8,2.691e-05
1751673600000,1751673600004,BTCUSDT,8,1.066e-05
1751673600000,1751673600004,ETHUSDT,8,1.406e-05
1751702400000,1751702400009,BTCUSDT,8,3.055e-05
1751702400000,1751702400009,ETHUSDT,8,3.958e-05
1751731200000,1751731200006,BTCUSDT,8,4.005e-05
1751731200000,1751731200006,ETHUSDT,8,5.542e-05
1751760000000,1751760000001,BTCUSDT,8,1.941e-05
1751760000000,1751760000001,ETHUSDT,8,3.909e-05
1751788800000,1751788800002,BTCUSDT,8,1.665e-05
1751788800000,1751788800002,ETHUSDT,8,6.583e-05
1751817600000,1751817600004,BTCUSDT,8,1.028e-05
1751817600000,1751817600004,ETHUSDT,8,8.149e-05
1751846400000,1751846400000,BTCUSDT,8,2.36e-05
1751846400000,1751846400000,ETHUSDT,8,0.0001
1751875200000,1751875200007,BTCUSDT,8,3.438e-05
1751875200000,1751875200007,ETHUSDT,8,0.0001
1751904000000,1751904000000,BTCUSDT,8,4.271e-05
1751904000000,1751904000000,ETHUSDT,8,-3.011e-05
1751932800000,1751932800010,BTCUSDT,8,1.073e-05
1751932800000,1751932800010,ETHUSDT,8,7.589e-05
1751961600000,1751961600003,BTCUSDT,8,4.563e-05
1751961600000,1751961600003,ETHUSDT,8,2.787e-05
1751990400000,1751990400000,BTCUSDT,8,3.601e-05
1751990400000,1751990400000,ETHUSDT,8,6.466e-05
1752019200000,1752019200002,BTCUSDT,8,3.093e-05
1752019200000,1752019200002,ETHUSDT,8,4.903e-05
1752048000000,1752048000006,BTCUSDT,8,3.396e-05
1752048000000,1752048000006,ETHUSDT,8,6.771e-05
1752076800000,1752076800001,BTCUSDT,8,4.253e-05
1752076800000,1752076800001,ETHUSDT,8,6.268e-05
1752105600000,1752105600003,BTCUSDT,8,0.0001
1752105600000,1752105600003,ETHUSDT,8,0.0001
1752134400000,1752134400000,BTCUSDT,8,8.523e-05
1752134400000,1752134400000,ETHUSDT,8,2.808e-05
1752163200000,1752163200004,BTCUSDT,8,1.908e-05
1752163200000,1752163200004,ETHUSDT,8,3.187e-05
1752192000000,1752192000004,BTCUSDT,8,0.0001
1752192000000,1752192000004,ETHUSDT,8,0.0001
1752220800000,1752220800007,BTCUSDT,8,0.0001
1752220800000,1752220800007,ETHUSDT,8,0.0001
1752249600000,1752249600001,BTCUSDT,8,0.0001
1752249600000,1752249600001,ETHUSDT,8,0.0001
1752278400000,1752278400000,BTCUSDT,8,0.0001
1752278400000,1752278400000,ETHUSDT,8,8.032e-05
1752307200000,1752307200001,BTCUSDT,8,0.0001
1752307200000,1752307200001,ETHUSDT,8,7.671e-05
1752336000000,1752336000002,BTCUSDT,8,0.0001
1752336000000,1752336000002,ETHUSDT,8,6.119e-05
1752364800000,1752364800006,BTCUSDT,8,0.0001
1752364800000,1752364800006,ETHUSDT,8,4.151e-05
1752393600000,1752393600001,BTCUSDT,8,0.0001
1752393600000,1752393600001,ETHUSDT,8,4.407e-05
1752422400000,1752422400003,BTCUSDT,8,0.0001
1752422400000,1752422400003,ETHUSDT,8,7.205e-05
1752451200000,1752451200000,BTCUSDT,8,8.051e-05
1752451200000,1752451200000,ETHUSDT,8,9.98e-06
1752480000000,1752480000000,BTCUSDT,8,0.0001
1752480000000,1752480000000,ETHUSDT,8,0.0001
1752508800000,1752508800000,BTCUSDT,8,0.0001
1752508800000,1752508800000,ETHUSDT,8,0.0001
1752537600000,1752537600002,BTCUSDT,8,0.0001
1752537600000,1752537600002,ETHUSDT,8,6.134e-05
1752566400000,1752566400000,BTCUSDT,8,0.0001
1752566400000,1752566400000,ETHUSDT,8,0.0001
1752595200000,1752595200000,BTCUSDT,8,0.0001
1752595200000,1752595200000,ETHUSDT,8,0.0001
1752624000000,1752624000000,BTCUSDT,8,0.0001
1752624000000,1752624000000,ETHUSDT,8,0.0001
1752652800000,1752652800000,BTCUSDT,8,0.0001
1752652800000,1752652800000,ETHUSDT,8,0.0001
1752681600000,1752681600008,BTCUSDT,8,0.0001
1752681600000,1752681600008,ETHUSDT,8,0.0001
1752710400000,1752710400003,BTCUSDT,8,0.0001
1752710400000,1752710400003,ETHUSDT,8,0.0001
1752739200000,1752739200000,BTCUSDT,8,0.0001
1752739200000,1752739200000,ETHUSDT,8,0.0001
1752768000000,1752768000000,BTCUSDT,8,0.0001
1752768000000,1752768000000,ETHUSDT,8,0.0001
1752796800000,1752796800004,BTCUSDT,8,0.0001
1752796800000,1752796800004,ETHUSDT,8,0.0001
1752825600000,1752825600000,BTCUSDT,8,0.0001
1752825600000,1752825600000,ETHUSDT,8,0.0001
1752854400000,1752854400000,BTCUSDT,8,0.0001
1752854400000,1752854400000,ETHUSDT,8,0.0001
1752883200000,1752883200009,BTCUSDT,8,0.0001
1752883200000,1752883200009,ETHUSDT,8,0.0001
1752912000000,1752912000000,BTCUSDT,8,0.0001
1752912000000,1752912000000,ETHUSDT,8,0.0001
1752940800000,1752940800002,BTCUSDT,8,0.0001
1752940800000,1752940800002,ETHUSDT,8,0.0001
1752969600000,1752969600000,BTCUSDT,8,0.0001
1752969600000,1752969600000,ETHUSDT,8,0.0001
1752998400000,1752998400000,BTCUSDT,8,0.0001
1752998400000,1752998400000,ETHUSDT,8,0.0001
1753027200000,1753027200000,BTCUSDT,8,0.0001
1753027200000,1753027200000,ETHUSDT,8,0.0001
1753056000000,1753056000001,BTCUSDT,8,0.0001
1753056000000,1753056000001,ETHUSDT,8,0.0001
1753084800000,1753084800000,BTCUSDT,8,0.0001
1753084800000,1753084800000,ETHUSDT,8,0.0001
1753113600000,1753113600001,BTCUSDT,8,0.0001
1753113600000,1753113600001,ETHUSDT,8,0.0001
1753142400000,1753142400000,BTCUSDT,8,0.0001
1753142400000,1753142400000,ETHUSDT,8,0.0001
1753171200000,1753171200010,BTCUSDT,8,0.0001
1753171200000,1753171200010,ETHUSDT,8,0.0001
1753200000000,1753200000007,BTCUSDT,8,0.0001
1753200000000,1753200000007,ETHUSDT,8,0.0001
1753228800000,1753228800000,BTCUSDT,8,0.0001
1753228800000,1753228800000,ETHUSDT,8,0.0001
1753257600000,1753257600004,BTCUSDT,8,0.0001
1753257600000,1753257600004,ETHUSDT,8,0.0001
1753286400000,1753286400002,BTCUSDT,8,0.0001
1753286400000,1753286400002,ETHUSDT,8,0.0001
1753315200000,1753315200000,BTCUSDT,8,0.0001
1753315200000,1753315200000,ETHUSDT,8,0.0001
1753344000000,1753344000001,BTCUSDT,8,0.0001
1753344000000,1753344000001,ETHUSDT,8,0.0001
1753372800000,1753372800000,BTCUSDT,8,0.0001
1753372800000,1753372800000,ETHUSDT,8,0.0001
1753401600000,1753401600000,BTCUSDT,8,0.0001
1753401600000,1753401600000,ETHUSDT,8,0.0001
1753430400000,1753430400000,BTCUSDT,8,0.0001
1753430400000,1753430400000,ETHUSDT,8,0.0001
1753459200000,1753459200000,BTCUSDT,8,0.0001
1753459200000,1753459200000,ETHUSDT,8,0.0001
1753488000000,1753488000001,BTCUSDT,8,0.0001
1753488000000,1753488000001,ETHUSDT,8,0.0001
1753516800000,1753516800005,BTCUSDT,8,0.0001
1753516800000,1753516800005,ETHUSDT,8,0.0001
1753545600000,1753545600001,BTCUSDT,8,0.0001
1753545600000,1753545600001,ETHUSDT,8,0.0001
1753574400000,1753574400001,BTCUSDT,8,0.0001
1753574400000,1753574400001,ETHUSDT,8,9.322e-05
1753603200000,1753603200000,BTCUSDT,8,0.0001
1753603200000,1753603200000,ETHUSDT,8,8.879e-05
1753632000000,1753632000008,BTCUSDT,8,0.0001
1753632000000,1753632000008,ETHUSDT,8,0.0001
1753660800000,1753660800005,BTCUSDT,8,0.0001
1753660800000,1753660800005,ETHUSDT,8,0.0001
1753689600000,1753689600000,BTCUSDT,8,0.0001
1753689600000,1753689600000,ETHUSDT,8,0.0001
1753718400000,1753718400000,BTCUSDT,8,0.0001
1753718400000,1753718400000,ETHUSDT,8,0.0001
1753747200000,1753747200001,BTCUSDT,8,0.0001
1753747200000,1753747200001,ETHUSDT,8,4.494e-05
1753776000000,1753776000000,BTCUSDT,8,0.0001
1753776000000,1753776000000,ETHUSDT,8,0.0001
1753804800000,1753804800000,BTCUSDT,8,0.0001
1753804800000,1753804800000,ETHUSDT,8,0.0001
1753833600000,1753833600011,BTCUSDT,8,0.0001
1753833600000,1753833600011,ETHUSDT,8,2.488e-05
1753862400000,1753862400000,BTCUSDT,8,0.0001
1753862400000,1753862400000,ETHUSDT,8,5.083e-05
1753891200000,1753891200008,BTCUSDT,8,0.0001
1753891200000,1753891200008,ETHUSDT,8,1.54e-05
1753920000000,1753920000000,BTCUSDT,8,5.694e-05
1753920000000,1753920000000,ETHUSDT,8,5.162e-05
1753948800000,1753948800009,BTCUSDT,8,0.0001
1753948800000,1753948800009,ETHUSDT,8,0.0001
1753977600000,1753977600000,BTCUSDT,8,0.0001
1753977600000,1753977600000,ETHUSDT,8,-1.18e-05
1754006400000,1754006400001,BTCUSDT,8,-1.408e-05
1754006400000,1754006400001,ETHUSDT,8,-3.749e-05
1754035200000,1754035200003,BTCUSDT,8,1.549e-05
1754035200000,1754035200003,ETHUSDT,8,1.113e-05
1754064000000,1754064000000,BTCUSDT,8,5.681e-05
1754064000000,1754064000000,ETHUSDT,8,4.859e-05
1754092800000,1754092800004,BTCUSDT,8,4.81e-05
1754092800000,1754092800004,ETHUSDT,8,5.795e-05
1754121600000,1754121600000,BTCUSDT,8,8.94e-06
1754121600000,1754121600000,ETHUSDT,8,6.57e-06
1754150400000,1754150400000,BTCUSDT,8,4.437e-05
1754150400000,1754150400000,ETHUSDT,8,7.965e-05
1754179200000,1754179200000,BTCUSDT,8,5.633e-05
1754179200000,1754179200000,ETHUSDT,8,6.733e-05
1754208000000,1754208000000,BTCUSDT,8,4.533e-05
1754208000000,1754208000000,ETHUSDT,8,5.752e-05
1754236800000,1754236800003,BTCUSDT,8,7.504e-05
1754236800000,1754236800003,ETHUSDT,8,3.767e-05
1754265600000,1754265600004,BTCUSDT,8,4.188e-05
1754265600000,1754265600004,ETHUSDT,8,1.719e-05
1754294400000,1754294400000,BTCUSDT,8,5.719e-05
1754294400000,1754294400000,ETHUSDT,8,1.113e-05
1754323200000,1754323200002,BTCUSDT,8,3.912e-05
1754323200000,1754323200002,ETHUSDT,8,3.611e-05
1754352000000,1754352000000,BTCUSDT,8,7.101e-05
1754352000000,1754352000000,ETHUSDT,8,1.47e-06
1754380800000,1754380800000,BTCUSDT,8,8.589e-05
1754380800000,1754380800000,ETHUSDT,8,3.116e-05
1754409600000,1754409600000,BTCUSDT,8,4.784e-05
1754409600000,1754409600000,ETHUSDT,8,1.37e-05
1754438400000,1754438400005,BTCUSDT,8,5.172e-05
1754438400000,1754438400005,ETHUSDT,8,2.413e-05
1754467200000,1754467200000,BTCUSDT,8,9.275e-05
1754467200000,1754467200000,ETHUSDT,8,8.2e-05
1754496000000,1754496000000,BTCUSDT,8,8.288e-05
1754496000000,1754496000000,ETHUSDT,8,6.246e-05
1754524800000,1754524800003,BTCUSDT,8,4.843e-05
1754524800000,1754524800003,ETHUSDT,8,6.227e-05
1754553600000,1754553600002,BTCUSDT,8,7.574e-05
1754553600000,1754553600002,ETHUSDT,8,4.285e-05
1754582400000,1754582400002,BTCUSDT,8,6.275e-05
1754582400000,1754582400002,ETHUSDT,8,0.0001
1754611200000,1754611200002,BTCUSDT,8,2.403e-05
1754611200000,1754611200002,ETHUSDT,8,4.26e-05
1754640000000,1754640000004,BTCUSDT,8,1.729e-05
1754640000000,1754640000004,ETHUSDT,8,0.0001
1754668800000,1754668800000,BTCUSDT,8,7.973e-05
1754668800000,1754668800000,ETHUSDT,8,0.0001
1754697600000,1754697600005,BTCUSDT,8,8.835e-05
1754697600000,1754697600005,ETHUSDT,8,0.0001
1754726400000,1754726400000,BTCUSDT,8,9.087e-05
1754726400000,1754726400000,ETHUSDT,8,0.0001
1754755200000,1754755200007,BTCUSDT,8,5.151e-05
1754755200000,1754755200007,ETHUSDT,8,0.0001
1754784000000,1754784000003,BTCUSDT,8,9.849e-05
1754784000000,1754784000003,ETHUSDT,8,9.916e-05
1754812800000,1754812800005,BTCUSDT,8,0.0001
1754812800000,1754812800005,ETHUSDT,8,0.0001
1754841600000,1754841600002,BTCUSDT,8,0.0001
1754841600000,1754841600002,ETHUSDT,8,0.0001
1754870400000,1754870400000,BTCUSDT,8,0.0001
1754870400000,1754870400000,ETHUSDT,8,8.873e-05
1754899200000,1754899200000,BTCUSDT,8,0.0001
1754899200000,1754899200000,ETHUSDT,8,9.354e-05
1754928000000,1754928000000,BTCUSDT,8,0.0001
1754928000000,1754928000000,ETHUSDT,8,0.0001
1754956800000,1754956800000,BTCUSDT,8,0.0001
1754956800000,1754956800000,ETHUSDT,8,3.659e-05
1754985600000,1754985600001,BTCUSDT,8,7.988e-05
1754985600000,1754985600001,ETHUSDT,8,0.0001
1755014400000,1755014400005,BTCUSDT,8,8.543e-05
1755014400000,1755014400005,ETHUSDT,8,0.0001
1755043200000,1755043200000,BTCUSDT,8,7.123e-05
1755043200000,1755043200000,ETHUSDT,8,0.0001
1755072000000,1755072000002,BTCUSDT,8,0.0001
1755072000000,1755072000002,ETHUSDT,8,0.0001
1755100800000,1755100800006,BTCUSDT,8,0.0001
1755100800000,1755100800006,ETHUSDT,8,0.0001
1755129600000,1755129600002,BTCUSDT,8,0.0001
1755129600000,1755129600002,ETHUSDT,8,0.0001
1755158400000,1755158400003,BTCUSDT,8,0.0001
1755158400000,1755158400003,ETHUSDT,8,0.0001
1755187200000,1755187200000,BTCUSDT,8,0.0001
1755187200000,1755187200000,ETHUSDT,8,0.0001
1755216000000,1755216000000,BTCUSDT,8,1.939e-05
1755216000000,1755216000000,ETHUSDT,8,0.0001
1755244800000,1755244800000,BTCUSDT,8,7.99e-05
1755244800000,1755244800000,ETHUSDT,8,9.765e-05
1755273600000,1755273600000,BTCUSDT,8,3.722e-05
1755273600000,1755273600000,ETHUSDT,8,6.474e-05
1755302400000,1755302400004,BTCUSDT,8,8.85e-05
1755302400000,1755302400004,ETHUSDT,8,5.967e-05
1755331200000,1755331200000,BTCUSDT,8,8.268e-05
1755331200000,1755331200000,ETHUSDT,8,8.99e-05
1755360000000,1755360000002,BTCUSDT,8,9.023e-05
1755360000000,1755360000002,ETHUSDT,8,1.968e-05
1755388800000,1755388800000,BTCUSDT,8,8.206e-05
1755388800000,1755388800000,ETHUSDT,8,4.669e-05
1755417600000,1755417600001,BTCUSDT,8,4.68e-05
1755417600000,1755417600001,ETHUSDT,8,-6.68e-06
1755446400000,1755446400007,BTCUSDT,8,1.862e-05
1755446400000,1755446400007,ETHUSDT,8,5.334e-05
1755475200000,1755475200000,BTCUSDT,8,2.846e-05
1755475200000,1755475200000,ETHUSDT,8,6.32e-06
1755504000000,1755504000001,BTCUSDT,8,-6.82e-06
1755504000000,1755504000001,ETHUSDT,8,9.191e-05
1755532800000,1755532800002,BTCUSDT,8,5.296e-05
1755532800000,1755532800002,ETHUSDT,8,8.959e-05
1755561600000,1755561600000,BTCUSDT,8,7.137e-05
1755561600000,1755561600000,ETHUSDT,8,0.0001
1755590400000,1755590400001,BTCUSDT,8,6.262e-05
1755590400000,1755590400001,ETHUSDT,8,0.0001
1755619200000,1755619200000,BTCUSDT,8,3.167e-05
1755619200000,1755619200000,ETHUSDT,8,0.0001
1755648000000,1755648000000,BTCUSDT,8,4.543e-05
1755648000000,1755648000000,ETHUSDT,8,0.0001
1755676800000,1755676800000,BTCUSDT,8,1.364e-05
1755676800000,1755676800000,ETHUSDT,8,3.18e-06
1755705600000,1755705600000,BTCUSDT,8,4.936e-05
1755705600000,1755705600000,ETHUSDT,8,9.07e-05
1755734400000,1755734400006,BTCUSDT,8,1.143e-05
1755734400000,1755734400006,ETHUSDT,8,6.232e-05
1755763200000,1755763200000,BTCUSDT,8,7.757e-05
1755763200000,1755763200000,ETHUSDT,8,5.834e-05
1755792000000,1755792000003,BTCUSDT,8,7.414e-05
1755792000000,1755792000003,ETHUSDT,8,2.689e-05
1755820800000,1755820800010,BTCUSDT,8,7.296e-05
1755820800000,1755820800010,ETHUSDT,8,6.376e-05
1755849600000,1755849600007,BTCUSDT,8,0.0001
1755849600000,1755849600007,ETHUSDT,8,6.67e-05
1755878400000,1755878400001,BTCUSDT,8,5.867e-05
1755878400000,1755878400001,ETHUSDT,8,6.004e-05
1755907200000,1755907200004,BTCUSDT,8,0.0001
1755907200000,1755907200004,ETHUSDT,8,0.0001
1755936000000,1755936000006,BTCUSDT,8,0.0001
1755936000000,1755936000006,ETHUSDT,8,0.0001
1755964800000,1755964800000,BTCUSDT,8,9.711e-05
1755964800000,1755964800000,ETHUSDT,8,0.0001
1755993600000,1755993600001,BTCUSDT,8,0.0001
1755993600000,1755993600001,ETHUSDT,8,0.0001
1756022400000,1756022400002,BTCUSDT,8,0.0001
1756022400000,1756022400002,ETHUSDT,8,0.0001
1756051200000,1756051200001,BTCUSDT,8,0.0001
1756051200000,1756051200001,ETHUSDT,8,0.0001
1756080000000,1756080000000,BTCUSDT,8,0.0001
1756080000000,1756080000000,ETHUSDT,8,4.932e-05
1756108800000,1756108800002,BTCUSDT,8,0.0001
1756108800000,1756108800002,ETHUSDT,8,4.567e-05
1756137600000,1756137600002,BTCUSDT,8,8.344e-05
1756137600000,1756137600002,ETHUSDT,8,1.732e-05
1756166400000,1756166400000,BTCUSDT,8,4.522e-05
1756166400000,1756166400000,ETHUSDT,8,-7.39e-06
1756195200000,1756195200000,BTCUSDT,8,3.9e-05
1756195200000,1756195200000,ETHUSDT,8,1.08e-05
1756224000000,1756224000000,BTCUSDT,8,0.0001
1756224000000,1756224000000,ETHUSDT,8,1.029e-05
1756252800000,1756252800003,BTCUSDT,8,1.802e-05
1756252800000,1756252800003,ETHUSDT,8,-8.19e-06
1756281600000,1756281600000,BTCUSDT,8,5.503e-05
1756281600000,1756281600000,ETHUSDT,8,1.933e-05
1756310400000,1756310400009,BTCUSDT,8,3.496e-05
1756310400000,1756310400009,ETHUSDT,8,4.152e-05
1756339200000,1756339200000,BTCUSDT,8,5.297e-05
1756339200000,1756339200000,ETHUSDT,8,5.965e-05
1756368000000,1756368000005,BTCUSDT,8,9.693e-05
1756368000000,1756368000005,ETHUSDT,8,2.643e-05
1756396800000,1756396800004,BTCUSDT,8,7.512e-05
1756396800000,1756396800004,ETHUSDT,8,2.175e-05
1756425600000,1756425600000,BTCUSDT,8,4.261e-05
1756425600000,1756425600000,ETHUSDT,8,1.728e-05
1756454400000,1756454400000,BTCUSDT,8,5.856e-05
1756454400000,1756454400000,ETHUSDT,8,4.981e-05
1756483200000,1756483200005,BTCUSDT,8,6.44e-06
1756483200000,1756483200005,ETHUSDT,8,1.496e-05
1756512000000,1756512000000,BTCUSDT,8,7.523e-05
1756512000000,1756512000000,ETHUSDT,8,4.162e-05
1756540800000,1756540800002,BTCUSDT,8,7.979e-05
1756540800000,1756540800002,ETHUSDT,8,-1.108e-05
1756569600000,1756569600003,BTCUSDT,8,8.042e-05
1756569600000,1756569600003,ETHUSDT,8,4.057e-05
1756598400000,1756598400016,BTCUSDT,8,-1.232e-05
1756598400000,1756598400016,ETHUSDT,8,-1.39e-05
1756627200000,1756627200000,BTCUSDT,8,4.749e-05
1756627200000,1756627200000,ETHUSDT,8,5.543e-05
1756656000000,1756656000001,BTCUSDT,8,0.0001
1756656000000,1756656000001,ETHUSDT,8,-1.154e-05
1756684800000,1756684800000,BTCUSDT,8,4.66e-05
1756684800000,1756684800000,ETHUSDT,8,-2.114e-05
1756713600000,1756713600000,BTCUSDT,8,0.0001
1756713600000,1756713600000,ETHUSDT,8,-1.3e-05
1756742400000,1756742400001,BTCUSDT,8,4.963e-05
1756742400000,1756742400001,ETHUSDT,8,1.22e-06
1756771200000,1756771200000,BTCUSDT,8,6.946e-05
1756771200000,1756771200000,ETHUSDT,8,4.06e-06
1756800000000,1756800000005,BTCUSDT,8,8.805e-05
1756800000000,1756800000005,ETHUSDT,8,5.513e-05
1756828800000,1756828800007,BTCUSDT,8,6.356e-05
1756828800000,1756828800007,ETHUSDT,8,3.026e-05
1756857600000,1756857600006,BTCUSDT,8,7.67e-06
1756857600000,1756857600006,ETHUSDT,8,1.812e-05
1756886400000,1756886400002,BTCUSDT,8,5.127e-05
1756886400000,1756886400002,ETHUSDT,8,-1.11e-06
1756915200000,1756915200002,BTCUSDT,8,2.344e-05
1756915200000,1756915200002,ETHUSDT,8,3.174e-05
1756944000000,1756944000002,BTCUSDT,8,1.808e-05
1756944000000,1756944000002,ETHUSDT,8,2.311e-05
1756972800000,1756972800000,BTCUSDT,8,4.385e-05
1756972800000,1756972800000,ETHUSDT,8,-2.012e-05
1757001600000,1757001600000,BTCUSDT,8,7.941e-05
1757001600000,1757001600000,ETHUSDT,8,-2.527e-05
1757030400000,1757030400001,BTCUSDT,8,7.532e-05
1757030400000,1757030400001,ETHUSDT,8,-5.54e-05
1757059200000,1757059200006,BTCUSDT,8,0.0001
1757059200000,1757059200006,ETHUSDT,8,-3.456e-05
1757088000000,1757088000000,BTCUSDT,8,7.872e-05
1757088000000,1757088000000,ETHUSDT,8,2.866e-05
1757116800000,1757116800000,BTCUSDT,8,1.297e-05
1757116800000,1757116800000,ETHUSDT,8,-2.104e-05
1757145600000,1757145600005,BTCUSDT,8,5.66e-05
1757145600000,1757145600005,ETHUSDT,8,3.956e-05
1757174400000,1757174400000,BTCUSDT,8,5.11e-05
1757174400000,1757174400000,ETHUSDT,8,4.06e-05
1757203200000,1757203200000,BTCUSDT,8,1.97e-05
1757203200000,1757203200000,ETHUSDT,8,5.946e-05
1757232000000,1757232000000,BTCUSDT,8,3.611e-05
1757232000000,1757232000000,ETHUSDT,8,8.938e-05
1757260800000,1757260800000,BTCUSDT,8,6.969e-05
1757260800000,1757260800000,ETHUSDT,8,3.335e-05
1757289600000,1757289600007,BTCUSDT,8,9.404e-05
1757289600000,1757289600007,ETHUSDT,8,2.556e-05
1757318400000,1757318400000,BTCUSDT,8,6.682e-05
1757318400000,1757318400000,ETHUSDT,8,2.063e-05
1757347200000,1757347200000,BTCUSDT,8,7.311e-05
1757347200000,1757347200000,ETHUSDT,8,9.082e-05
1757376000000,1757376000000,BTCUSDT,8,3.799e-05
1757376000000,1757376000000,ETHUSDT,8,4.706e-05
1757404800000,1757404800000,BTCUSDT,8,0.0001
1757404800000,1757404800000,ETHUSDT,8,0.0001
1757433600000,1757433600000,BTCUSDT,8,0.0001
1757433600000,1757433600000,ETHUSDT,8,6.645e-05
1757462400000,1757462400000,BTCUSDT,8,5.805e-05
1757462400000,1757462400000,ETHUSDT,8,6.156e-05
1757491200000,1757491200002,BTCUSDT,8,5.026e-05
1757491200000,1757491200002,ETHUSDT,8,8.82e-05
1757520000000,1757520000000,BTCUSDT,8,0.0001
1757520000000,1757520000000,ETHUSDT,8,0.0001
1757548800000,1757548800000,BTCUSDT,8,5.843e-05
1757548800000,1757548800000,ETHUSDT,8,1.341e-05
1757577600000,1757577600000,BTCUSDT,8,4.283e-05
1757577600000,1757577600000,ETHUSDT,8,0.0001
1757606400000,1757606400001,BTCUSDT,8,3.326e-05
1757606400000,1757606400001,ETHUSDT,8,8.501e-05
1757635200000,1757635200002,BTCUSDT,8,6.137e-05
1757635200000,1757635200002,ETHUSDT,8,4.858e-05
1757664000000,1757664000001,BTCUSDT,8,3.768e-05
1757664000000,1757664000001,ETHUSDT,8,0.0001
1757692800000,1757692800005,BTCUSDT,8,6.891e-05
1757692800000,1757692800005,ETHUSDT,8,0.0001
1757721600000,1757721600005,BTCUSDT,8,-1.554e-05
1757721600000,1757721600005,ETHUSDT,8,0.0001
1757750400000,1757750400002,BTCUSDT,8,2.251e-05
1757750400000,1757750400002,ETHUSDT,8,9.815e-05
1757779200000,1757779200000,BTCUSDT,8,3.137e-05
1757779200000,1757779200000,ETHUSDT,8,0.0001
1757808000000,1757808000006,BTCUSDT,8,8.182e-05
1757808000000,1757808000006,ETHUSDT,8,3.75e-06
1757836800000,1757836800000,BTCUSDT,8,4.78e-05
1757836800000,1757836800000,ETHUSDT,8,8.307e-05
1757865600000,1757865600001,BTCUSDT,8,3.115e-05
1757865600000,1757865600001,ETHUSDT,8,5.553e-05
1757894400000,1757894400006,BTCUSDT,8,6.207e-05
1757894400000,1757894400006,ETHUSDT,8,7.366e-05
1757923200000,1757923200002,BTCUSDT,8,8.259e-05
1757923200000,1757923200002,ETHUSDT,8,6.603e-05
1757952000000,1757952000001,BTCUSDT,8,8.189e-05
1757952000000,1757952000001,ETHUSDT,8,3.563e-05
1757980800000,1757980800001,BTCUSDT,8,9.97e-06
1757980800000,1757980800001,ETHUSDT,8,4.54e-05
1758009600000,1758009600000,BTCUSDT,8,6.991e-05
1758009600000,1758009600000,ETHUSDT,8,4.526e-05
1758038400000,1758038400000,BTCUSDT,8,6.472e-05
1758038400000,1758038400000,ETHUSDT,8,2.037e-05
1758067200000,1758067200001,BTCUSDT,8,6.972e-05
1758067200000,1758067200001,ETHUSDT,8,2.419e-05
1758096000000,1758096000000,BTCUSDT,8,8.441e-05
1758096000000,1758096000000,ETHUSDT,8,5.358e-05
1758124800000,1758124800003,BTCUSDT,8,6.303e-05
1758124800000,1758124800003,ETHUSDT,8,4.406e-05
1758153600000,1758153600006,BTCUSDT,8,4.941e-05
1758153600000,1758153600006,ETHUSDT,8,5.15e-05
1758182400000,1758182400002,BTCUSDT,8,8.928e-05
1758182400000,1758182400002,ETHUSDT,8,4.292e-05
1758211200000,1758211200000,BTCUSDT,8,4.208e-05
1758211200000,1758211200000,ETHUSDT,8,1.971e-05
1758240000000,1758240000000,BTCUSDT,8,-2.31e-06
1758240000000,1758240000000,ETHUSDT,8,5.745e-05
1758268800000,1758268800005,BTCUSDT,8,2.109e-05
1758268800000,1758268800005,ETHUSDT,8,-9.04e-06
1758297600000,1758297600000,BTCUSDT,8,5.264e-05
1758297600000,1758297600000,ETHUSDT,8,-4.324e-05
1758326400000,1758326400000,BTCUSDT,8,3.757e-05
1758326400000,1758326400000,ETHUSDT,8,-4.366e-05
1758355200000,1758355200000,BTCUSDT,8,-2.7e-07
1758355200000,1758355200000,ETHUSDT,8,-5.97e-06
1758384000000,1758384000002,BTCUSDT,8,-1.006e-05
1758384000000,1758384000002,ETHUSDT,8,4.189e-05
1758412800000,1758412800000,BTCUSDT,8,-5.322e-05
1758412800000,1758412800000,ETHUSDT,8,-2.372e-05
1758441600000,1758441600000,BTCUSDT,8,2.563e-05
1758441600000,1758441600000,ETHUSDT,8,4.828e-05
1758470400000,1758470400000,BTCUSDT,8,3.742e-05
1758470400000,1758470400000,ETHUSDT,8,3.039e-05
1758499200000,1758499200005,BTCUSDT,8,6.665e-05
1758499200000,1758499200005,ETHUSDT,8,-2.051e-05
1758528000000,1758528000003,BTCUSDT,8,1.743e-05
1758528000000,1758528000003,ETHUSDT,8,-5.18e-06
1758556800000,1758556800000,BTCUSDT,8,4.838e-05
1758556800000,1758556800000,ETHUSDT,8,5.08e-06
1758585600000,1758585600000,BTCUSDT,8,7.062e-05
1758585600000,1758585600000,ETHUSDT,8,-1.93e-06
1758614400000,1758614400001,BTCUSDT,8,7.083e-05
1758614400000,1758614400001,ETHUSDT,8,5.594e-05
1758643200000,1758643200000,BTCUSDT,8,7.478e-05
1758643200000,1758643200000,ETHUSDT,8,-2.189e-05
1758672000000,1758672000003,BTCUSDT,8,5.794e-05
1758672000000,1758672000003,ETHUSDT,8,9.73e-06
1758700800000,1758700800001,BTCUSDT,8,6.267e-05
1758700800000,1758700800001,ETHUSDT,8,7.19e-06
1758729600000,1758729600002,BTCUSDT,8,4.886e-05
1758729600000,1758729600002,ETHUSDT,8,-3.616e-05
1758758400000,1758758400000,BTCUSDT,8,-2.2e-06
1758758400000,1758758400000,ETHUSDT,8,-8.602e-05
1758787200000,1758787200001,BTCUSDT,8,1.73e-05
1758787200000,1758787200001,ETHUSDT,8,-8.11e-05
1758816000000,1758816000000,BTCUSDT,8,9.56e-05
1758816000000,1758816000000,ETHUSDT,8,0.0001
1758844800000,1758844800000,BTCUSDT,8,3.143e-05
1758844800000,1758844800000,ETHUSDT,8,8.976e-05
1758873600000,1758873600000,BTCUSDT,8,4.36e-05
1758873600000,1758873600000,ETHUSDT,8,3.202e-05
1758902400000,1758902400008,BTCUSDT,8,7.716e-05
1758902400000,1758902400008,ETHUSDT,8,4.775e-05
1758931200000,1758931200000,BTCUSDT,8,-1e-07
1758931200000,1758931200000,ETHUSDT,8,-1.608e-05
1758960000000,1758960000010,BTCUSDT,8,3.425e-05
1758960000000,1758960000010,ETHUSDT,8,4.387e-05
1758988800000,1758988800003,BTCUSDT,8,7.821e-05
1758988800000,1758988800003,ETHUSDT,8,0.0001
1759017600000,1759017600000,BTCUSDT,8,3.314e-05
1759017600000,1759017600000,ETHUSDT,8,7.975e-05
1759046400000,1759046400000,BTCUSDT,8,4.976e-05
1759046400000,1759046400000,ETHUSDT,8,4.229e-05
1759075200000,1759075200000,BTCUSDT,8,5.261e-05
1759075200000,1759075200000,ETHUSDT,8,8.2e-05
1759104000000,1759104000000,BTCUSDT,8,2.312e-05
1759104000000,1759104000000,ETHUSDT,8,3.512e-05
1759132800000,1759132800002,BTCUSDT,8,1.304e-05
1759132800000,1759132800002,ETHUSDT,8,3.842e-05
1759161600000,1759161600001,BTCUSDT,8,3.2e-07
1759161600000,1759161600001,ETHUSDT,8,-3.49e-05
1759190400000,1759190400002,BTCUSDT,8,2.353e-05
1759190400000,1759190400002,ETHUSDT,8,9.16e-06
1759219200000,1759219200005,BTCUSDT,8,5.893e-05
1759219200000,1759219200005,ETHUSDT,8,-1.307e-05
1759248000000,1759248000000,BTCUSDT,8,2.584e-05
1759248000000,1759248000000,ETHUSDT,8,4.72e-06
1759276800000,1759276800000,BTCUSDT,8,3.355e-05
1759276800000,1759276800000,ETHUSDT,8,-1.572e-05
1759305600000,1759305600000,BTCUSDT,8,3.457e-05
1759305600000,1759305600000,ETHUSDT,8,2.569e-05
1759334400000,1759334400000,BTCUSDT,8,0.0001
1759334400000,1759334400000,ETHUSDT,8,-7.44e-06
1759363200000,1759363200000,BTCUSDT,8,7.784e-05
1759363200000,1759363200000,ETHUSDT,8,1.487e-05
1759392000000,1759392000013,BTCUSDT,8,0.0001
1759392000000,1759392000013,ETHUSDT,8,3.033e-05
1759420800000,1759420800000,BTCUSDT,8,9.543e-05
1759420800000,1759420800000,ETHUSDT,8,3.733e-05
1759449600000,1759449600006,BTCUSDT,8,9.926e-05
1759449600000,1759449600006,ETHUSDT,8,1.312e-05
1759478400000,1759478400006,BTCUSDT,8,0.0001
1759478400000,1759478400006,ETHUSDT,8,7.933e-05
1759507200000,1759507200000,BTCUSDT,8,0.0001
1759507200000,1759507200000,ETHUSDT,8,5.593e-05
1759536000000,1759536000001,BTCUSDT,8,0.0001
1759536000000,1759536000001,ETHUSDT,8,5.57e-05
1759564800000,1759564800000,BTCUSDT,8,0.0001
1759564800000,1759564800000,ETHUSDT,8,7.25e-06
1759593600000,1759593600000,BTCUSDT,8,8.312e-05
1759593600000,1759593600000,ETHUSDT,8,4.8e-05
1759622400000,1759622400000,BTCUSDT,8,8.648e-05
1759622400000,1759622400000,ETHUSDT,8,5.761e-05
1759651200000,1759651200003,BTCUSDT,8,0.0001
1759651200000,1759651200003,ETHUSDT,8,0.0001
1759680000000,1759680000009,BTCUSDT,8,9.566e-05
1759680000000,1759680000009,ETHUSDT,8,9.708e-05
1759708800000,1759708800004,BTCUSDT,8,7.672e-05
1759708800000,1759708800004,ETHUSDT,8,7.894e-05
1759737600000,1759737600002,BTCUSDT,8,9.708e-05
1759737600000,1759737600002,ETHUSDT,8,0.0001
1759766400000,1759766400004,BTCUSDT,8,5.831e-05
1759766400000,1759766400004,ETHUSDT,8,0.0001
1759795200000,1759795200000,BTCUSDT,8,0.0001
1759795200000,1759795200000,ETHUSDT,8,0.0001
1759824000000,1759824000003,BTCUSDT,8,8.608e-05
1759824000000,1759824000003,ETHUSDT,8,0.0001
1759852800000,1759852800000,BTCUSDT,8,6.194e-05
1759852800000,1759852800000,ETHUSDT,8,0.0001
1759881600000,1759881600000,BTCUSDT,8,2.542e-05
1759881600000,1759881600000,ETHUSDT,8,1.254e-05
1759910400000,1759910400006,BTCUSDT,8,0.0001
1759910400000,1759910400006,ETHUSDT,8,6.038e-05
1759939200000,1759939200002,BTCUSDT,8,5.396e-05
1759939200000,1759939200002,ETHUSDT,8,1.261e-05
1759968000000,1759968000001,BTCUSDT,8,1.344e-05
1759968000000,1759968000001,ETHUSDT,8,3.613e-05
1759996800000,1759996800000,BTCUSDT,8,5.35e-05
1759996800000,1759996800000,ETHUSDT,8,-2.26e-06
1760025600000,1760025600000,BTCUSDT,8,1.455e-05
1760025600000,1760025600000,ETHUSDT,8,5.752e-05
1760054400000,1760054400005,BTCUSDT,8,7.85e-06
1760054400000,1760054400005,ETHUSDT,8,2.565e-05
1760083200000,1760083200002,BTCUSDT,8,3.879e-05
1760083200000,1760083200002,ETHUSDT,8,2.511e-05
1760112000000,1760112000014,BTCUSDT,8,1.013e-05
1760112000000,1760112000014,ETHUSDT,8,-5.147e-05
1760140800000,1760140800000,BTCUSDT,8,0.0001
1760140800000,1760140800000,ETHUSDT,8,0.0001
1760169600000,1760169600003,BTCUSDT,8,0.0001
1760169600000,1760169600003,ETHUSDT,8,-0.00013094
1760198400000,1760198400000,BTCUSDT,8,4.67e-06
1760198400000,1760198400000,ETHUSDT,8,-1.73e-06
1760227200000,1760227200004,BTCUSDT,8,-3.055e-05
1760227200000,1760227200004,ETHUSDT,8,-6.965e-05
1760256000000,1760256000002,BTCUSDT,8,2.865e-05
1760256000000,1760256000002,ETHUSDT,8,8.39e-06
1760284800000,1760284800000,BTCUSDT,8,-0.00010915
1760284800000,1760284800000,ETHUSDT,8,-4.563e-05
1760313600000,1760313600003,BTCUSDT,8,-3.942e-05
1760313600000,1760313600003,ETHUSDT,8,-2.591e-05
1760342400000,1760342400002,BTCUSDT,8,2.519e-05
1760342400000,1760342400002,ETHUSDT,8,5.255e-05
1760371200000,1760371200003,BTCUSDT,8,-2.305e-05
1760371200000,1760371200003,ETHUSDT,8,5.202e-05
1760400000000,1760400000000,BTCUSDT,8,-4.041e-05
1760400000000,1760400000000,ETHUSDT,8,5.602e-05
1760428800000,1760428800000,BTCUSDT,8,7.12e-06
1760428800000,1760428800000,ETHUSDT,8,3.52e-06
1760457600000,1760457600000,BTCUSDT,8,-4.498e-05
1760457600000,1760457600000,ETHUSDT,8,2.693e-05
1760486400000,1760486400006,BTCUSDT,8,-5.425e-05
1760486400000,1760486400006,ETHUSDT,8,1.42e-05
1760515200000,1760515200002,BTCUSDT,8,3.973e-05
1760515200000,1760515200002,ETHUSDT,8,4.258e-05
1760544000000,1760544000000,BTCUSDT,8,2.25e-06
1760544000000,1760544000000,ETHUSDT,8,2.5e-05
1760572800000,1760572800000,BTCUSDT,8,-2.741e-05
1760572800000,1760572800000,ETHUSDT,8,-4.99e-06
1760601600000,1760601600003,BTCUSDT,8,-2.23e-05
1760601600000,1760601600003,ETHUSDT,8,7.65e-06
1760630400000,1760630400002,BTCUSDT,8,-3.004e-05
1760630400000,1760630400002,ETHUSDT,8,6.18e-06
1760659200000,1760659200001,BTCUSDT,8,-2.85e-06
1760659200000,1760659200001,ETHUSDT,8,3.354e-05
1760688000000,1760688000005,BTCUSDT,8,-6.34e-06
1760688000000,1760688000005,ETHUSDT,8,5.63e-05
1760716800000,1760716800003,BTCUSDT,8,-2.91e-06
1760716800000,1760716800003,ETHUSDT,8,2.963e-05
1760745600000,1760745600000,BTCUSDT,8,-4.819e-05
1760745600000,1760745600000,ETHUSDT,8,1.423e-05
1760774400000,1760774400002,BTCUSDT,8,-6.376e-05
1760774400000,1760774400002,ETHUSDT,8,1.51e-05
1760803200000,1760803200001,BTCUSDT,8,-3.681e-05
1760803200000,1760803200001,ETHUSDT,8,6.086e-05
1760832000000,1760832000001,BTCUSDT,8,-1.411e-05
1760832000000,1760832000001,ETHUSDT,8,6.239e-05
1760860800000,1760860800001,BTCUSDT,8,1.512e-05
1760860800000,1760860800001,ETHUSDT,8,2.101e-05
1760889600000,1760889600001,BTCUSDT,8,2.787e-05
1760889600000,1760889600001,ETHUSDT,8,3.514e-05
1760918400000,1760918400004,BTCUSDT,8,-2.197e-05
1760918400000,1760918400004,ETHUSDT,8,2.481e-05
1760947200000,1760947200001,BTCUSDT,8,-6.65e-06
1760947200000,1760947200001,ETHUSDT,8,5.413e-05
1760976000000,1760976000000,BTCUSDT,8,-1.8e-07
1760976000000,1760976000000,ETHUSDT,8,5.999e-05
1761004800000,1761004800009,BTCUSDT,8,-5.567e-05
1761004800000,1761004800009,ETHUSDT,8,3.53e-05
1761033600000,1761033600000,BTCUSDT,8,2.222e-05
1761033600000,1761033600000,ETHUSDT,8,4.7e-07
1761062400000,1761062400000,BTCUSDT,8,-2.506e-05
1761062400000,1761062400000,ETHUSDT,8,7.724e-05
1761091200000,1761091200004,BTCUSDT,8,-4.212e-05
1761091200000,1761091200004,ETHUSDT,8,-2.491e-05
1761120000000,1761120000000,BTCUSDT,8,2.445e-05
1761120000000,1761120000000,ETHUSDT,8,2.192e-05
1761148800000,1761148800000,BTCUSDT,8,5.702e-05
1761148800000,1761148800000,ETHUSDT,8,2.392e-05
1761177600000,1761177600000,BTCUSDT,8,8.911e-05
1761177600000,1761177600000,ETHUSDT,8,5.29e-06
1761206400000,1761206400001,BTCUSDT,8,2.673e-05
1761206400000,1761206400001,ETHUSDT,8,4.173e-05
1761235200000,1761235200004,BTCUSDT,8,3.933e-05
1761235200000,1761235200004,ETHUSDT,8,5.185e-05
1761264000000,1761264000000,BTCUSDT,8,3.391e-05
1761264000000,1761264000000,ETHUSDT,8,8.88e-06
1761292800000,1761292800000,BTCUSDT,8,1.783e-05
1761292800000,1761292800000,ETHUSDT,8,9.418e-05
1761321600000,1761321600009,BTCUSDT,8,3.224e-05
1761321600000,1761321600009,ETHUSDT,8,3.074e-05
1761350400000,1761350400000,BTCUSDT,8,5.02e-05
1761350400000,1761350400000,ETHUSDT,8,1.282e-05
1761379200000,1761379200001,BTCUSDT,8,1.484e-05
1761379200000,1761379200001,ETHUSDT,8,1.546e-05
1761408000000,1761408000001,BTCUSDT,8,5.57e-05
1761408000000,1761408000001,ETHUSDT,8,6.413e-05
1761436800000,1761436800001,BTCUSDT,8,1.903e-05
1761436800000,1761436800001,ETHUSDT,8,0.0001
1761465600000,1761465600001,BTCUSDT,8,5.35e-06
1761465600000,1761465600001,ETHUSDT,8,2.079e-05
1761494400000,1761494400000,BTCUSDT,8,6.904e-05
1761494400000,1761494400000,ETHUSDT,8,0.0001
1761523200000,1761523200000,BTCUSDT,8,0.0001
1761523200000,1761523200000,ETHUSDT,8,0.0001
1761552000000,1761552000005,BTCUSDT,8,0.0001
1761552000000,1761552000005,ETHUSDT,8,0.0001
1761580800000,1761580800000,BTCUSDT,8,7.304e-05
1761580800000,1761580800000,ETHUSDT,8,7.827e-05
1761609600000,1761609600000,BTCUSDT,8,6.059e-05
1761609600000,1761609600000,ETHUSDT,8,3.936e-05
1761638400000,1761638400000,BTCUSDT,8,7.806e-05
1761638400000,1761638400000,ETHUSDT,8,4.615e-05
1761667200000,1761667200004,BTCUSDT,8,2.992e-05
1761667200000,1761667200004,ETHUSDT,8,1.796e-05
1761696000000,1761696000004,BTCUSDT,8,-3.2e-07
1761696000000,1761696000004,ETHUSDT,8,-5.159e-05
1761724800000,1761724800005,BTCUSDT,8,3.588e-05
1761724800000,1761724800005,ETHUSDT,8,-1.008e-05
1761753600000,1761753600000,BTCUSDT,8,5.003e-05
1761753600000,1761753600000,ETHUSDT,8,3.915e-05
1761782400000,1761782400004,BTCUSDT,8,1.097e-05
1761782400000,1761782400004,ETHUSDT,8,-3.389e-05
1761811200000,1761811200008,BTCUSDT,8,3.449e-05
1761811200000,1761811200008,ETHUSDT,8,-2.243e-05
1761840000000,1761840000001,BTCUSDT,8,3.562e-05
1761840000000,1761840000001,ETHUSDT,8,-6.394e-05
1761868800000,1761868800000,BTCUSDT,8,2.13e-06
1761868800000,1761868800000,ETHUSDT,8,3.219e-05
1761897600000,1761897600008,BTCUSDT,8,0.0001
1761897600000,1761897600008,ETHUSDT,8,7.777e-05
1761926400000,1761926400007,BTCUSDT,8,0.0001
1761926400000,1761926400007,ETHUSDT,8,-1.283e-05
1761955200000,1761955200001,BTCUSDT,8,0.0001
1761955200000,1761955200001,ETHUSDT,8,6.032e-05
1761984000000,1761984000000,BTCUSDT,8,0.0001
1761984000000,1761984000000,ETHUSDT,8,7.748e-05
1762012800000,1762012800000,BTCUSDT,8,9.782e-05
1762012800000,1762012800000,ETHUSDT,8,0.0001
1762041600000,1762041600007,BTCUSDT,8,8.2e-05
1762041600000,1762041600007,ETHUSDT,8,6.688e-05
1762070400000,1762070400000,BTCUSDT,8,8.15e-05
1762070400000,1762070400000,ETHUSDT,8,9.258e-05
1762099200000,1762099200001,BTCUSDT,8,5.635e-05
1762099200000,1762099200001,ETHUSDT,8,3.269e-05
1762128000000,1762128000000,BTCUSDT,8,6.098e-05
1762128000000,1762128000000,ETHUSDT,8,8.937e-05
1762156800000,1762156800010,BTCUSDT,8,6.853e-05
1762156800000,1762156800010,ETHUSDT,8,2.373e-05
1762185600000,1762185600000,BTCUSDT,8,5.329e-05
1762185600000,1762185600000,ETHUSDT,8,5.24e-06
1762214400000,1762214400002,BTCUSDT,8,0.0001
1762214400000,1762214400002,ETHUSDT,8,7.89e-05
1762243200000,1762243200004,BTCUSDT,8,5.808e-05
1762243200000,1762243200004,ETHUSDT,8,8.984e-05
1762272000000,1762272000000,BTCUSDT,8,6.339e-05
1762272000000,1762272000000,ETHUSDT,8,4.875e-05
1762300800000,1762300800000,BTCUSDT,8,7.132e-05
1762300800000,1762300800000,ETHUSDT,8,1.174e-05
1762329600000,1762329600000,BTCUSDT,8,2.831e-05
1762329600000,1762329600000,ETHUSDT,8,6.56e-06
1762358400000,1762358400004,BTCUSDT,8,2.816e-05
1762358400000,1762358400004,ETHUSDT,8,4.337e-05
1762387200000,1762387200001,BTCUSDT,8,3.985e-05
1762387200000,1762387200001,ETHUSDT,8,4.919e-05
1762416000000,1762416000000,BTCUSDT,8,7.916e-05
1762416000000,1762416000000,ETHUSDT,8,4.986e-05
1762444800000,1762444800001,BTCUSDT,8,4.494e-05
1762444800000,1762444800001,ETHUSDT,8,7.1e-07
1762473600000,1762473600005,BTCUSDT,8,4.705e-05
1762473600000,1762473600005,ETHUSDT,8,7.583e-05
1762502400000,1762502400003,BTCUSDT,8,4.227e-05
1762502400000,1762502400003,ETHUSDT,8,4.78e-05
1762531200000,1762531200005,BTCUSDT,8,8.631e-05
1762531200000,1762531200005,ETHUSDT,8,8.277e-05
1762560000000,1762560000011,BTCUSDT,8,7.776e-05
1762560000000,1762560000011,ETHUSDT,8,7.722e-05
1762588800000,1762588800015,BTCUSDT,8,3.047e-05
1762588800000,1762588800015,ETHUSDT,8,8.414e-05
1762617600000,1762617600001,BTCUSDT,8,3.74e-05
1762617600000,1762617600001,ETHUSDT,8,6.487e-05
1762646400000,1762646400004,BTCUSDT,8,-1.64e-05
1762646400000,1762646400004,ETHUSDT,8,1.158e-05
1762675200000,1762675200000,BTCUSDT,8,4.187e-05
1762675200000,1762675200000,ETHUSDT,8,6.622e-05
1762704000000,1762704000005,BTCUSDT,8,8.948e-05
1762704000000,1762704000005,ETHUSDT,8,4.71e-05
1762732800000,1762732800000,BTCUSDT,8,8.87e-05
1762732800000,1762732800000,ETHUSDT,8,3.686e-05
1762761600000,1762761600000,BTCUSDT,8,7.355e-05
1762761600000,1762761600000,ETHUSDT,8,9.099e-05
1762790400000,1762790400003,BTCUSDT,8,4.979e-05
1762790400000,1762790400003,ETHUSDT,8,7.806e-05
1762819200000,1762819200007,BTCUSDT,8,2.818e-05
1762819200000,1762819200007,ETHUSDT,8,2.962e-05
1762848000000,1762848000000,BTCUSDT,8,-2.775e-05
1762848000000,1762848000000,ETHUSDT,8,-2.557e-05
1762876800000,1762876800009,BTCUSDT,8,5.823e-05
1762876800000,1762876800009,ETHUSDT,8,2.827e-05
1762905600000,1762905600000,BTCUSDT,8,2.462e-05
1762905600000,1762905600000,ETHUSDT,8,3.618e-05
1762934400000,1762934400002,BTCUSDT,8,6.87e-06
1762934400000,1762934400002,ETHUSDT,8,-3.94e-05
1762963200000,1762963200000,BTCUSDT,8,5.786e-05
1762963200000,1762963200000,ETHUSDT,8,7.04e-05
1762992000000,1762992000002,BTCUSDT,8,1.077e-05
1762992000000,1762992000002,ETHUSDT,8,6.967e-05
1763020800000,1763020800000,BTCUSDT,8,9.352e-05
1763020800000,1763020800000,ETHUSDT,8,0.0001
1763049600000,1763049600001,BTCUSDT,8,7.448e-05
1763049600000,1763049600001,ETHUSDT,8,2.321e-05
1763078400000,1763078400000,BTCUSDT,8,8.569e-05
1763078400000,1763078400000,ETHUSDT,8,-3.82e-06
1763107200000,1763107200000,BTCUSDT,8,9.126e-05
1763107200000,1763107200000,ETHUSDT,8,3.573e-05
1763136000000,1763136000001,BTCUSDT,8,9.078e-05
1763136000000,1763136000001,ETHUSDT,8,7.962e-05
1763164800000,1763164800005,BTCUSDT,8,8.507e-05
1763164800000,1763164800005,ETHUSDT,8,4.979e-05
1763193600000,1763193600000,BTCUSDT,8,0.0001
1763193600000,1763193600000,ETHUSDT,8,4.397e-05
1763222400000,1763222400001,BTCUSDT,8,5.923e-05
1763222400000,1763222400001,ETHUSDT,8,4.679e-05
1763251200000,1763251200001,BTCUSDT,8,7.745e-05
1763251200000,1763251200001,ETHUSDT,8,0.0001
1763280000000,1763280000000,BTCUSDT,8,0.0001
1763280000000,1763280000000,ETHUSDT,8,0.0001
1763308800000,1763308800000,BTCUSDT,8,7.06e-05
1763308800000,1763308800000,ETHUSDT,8,7.779e-05
1763337600000,1763337600003,BTCUSDT,8,0.0001
1763337600000,1763337600003,ETHUSDT,8,0.0001
1763366400000,1763366400003,BTCUSDT,8,9.568e-05
1763366400000,1763366400003,ETHUSDT,8,0.0001
1763395200000,1763395200000,BTCUSDT,8,7.208e-05
1763395200000,1763395200000,ETHUSDT,8,5.992e-05
1763424000000,1763424000002,BTCUSDT,8,0.0001
1763424000000,1763424000002,ETHUSDT,8,9.056e-05
1763452800000,1763452800004,BTCUSDT,8,0.0001
1763452800000,1763452800004,ETHUSDT,8,0.0001
1763481600000,1763481600000,BTCUSDT,8,3.725e-05
1763481600000,1763481600000,ETHUSDT,8,5.928e-05
1763510400000,1763510400000,BTCUSDT,8,7.496e-05
1763510400000,1763510400000,ETHUSDT,8,0.0001
1763539200000,1763539200000,BTCUSDT,8,5.012e-05
1763539200000,1763539200000,ETHUSDT,8,6.727e-05
1763568000000,1763568000008,BTCUSDT,8,3.98e-05
1763568000000,1763568000008,ETHUSDT,8,3.204e-05
1763596800000,1763596800000,BTCUSDT,8,4.259e-05
1763596800000,1763596800000,ETHUSDT,8,7.097e-05
1763625600000,1763625600000,BTCUSDT,8,0.0001
1763625600000,1763625600000,ETHUSDT,8,7.838e-05
1763654400000,1763654400000,BTCUSDT,8,8.999e-05
1763654400000,1763654400000,ETHUSDT,8,6.788e-05
1763683200000,1763683200001,BTCUSDT,8,4.272e-05
1763683200000,1763683200001,ETHUSDT,8,3.335e-05
1763712000000,1763712000000,BTCUSDT,8,4.524e-05
1763712000000,1763712000000,ETHUSDT,8,1.947e-05
1763740800000,1763740800001,BTCUSDT,8,2.642e-05
1763740800000,1763740800001,ETHUSDT,8,5.44e-05
1763769600000,1763769600004,BTCUSDT,8,1.373e-05
1763769600000,1763769600004,ETHUSDT,8,1.859e-05
1763798400000,1763798400000,BTCUSDT,8,6.735e-05
1763798400000,1763798400000,ETHUSDT,8,7.195e-05
1763827200000,1763827200000,BTCUSDT,8,5.057e-05
1763827200000,1763827200000,ETHUSDT,8,4.657e-05
1763856000000,1763856000000,BTCUSDT,8,3.812e-05
1763856000000,1763856000000,ETHUSDT,8,6.445e-05
1763884800000,1763884800008,BTCUSDT,8,1.53e-06
1763884800000,1763884800008,ETHUSDT,8,-2.356e-05
1763913600000,1763913600003,BTCUSDT,8,-8.93e-06
1763913600000,1763913600003,ETHUSDT,8,-5.87e-06
1763942400000,1763942400004,BTCUSDT,8,-6e-08
1763942400000,1763942400004,ETHUSDT,8,-1e-07
1763971200000,1763971200000,BTCUSDT,8,-1.34e-06
1763971200000,1763971200000,ETHUSDT,8,7.615e-05
1764000000000,1764000000006,BTCUSDT,8,5.044e-05
1764000000000,1764000000006,ETHUSDT,8,4.931e-05
1764028800000,1764028800000,BTCUSDT,8,-5.29e-05
1764028800000,1764028800000,ETHUSDT,8,4.02e-05
1764057600000,1764057600009,BTCUSDT,8,1.996e-05
1764057600000,1764057600009,ETHUSDT,8,3.624e-05
1764086400000,1764086400007,BTCUSDT,8,-3.019e-05
1764086400000,1764086400007,ETHUSDT,8,5.56e-06
1764115200000,1764115200001,BTCUSDT,8,4.038e-05
1764115200000,1764115200001,ETHUSDT,8,4.707e-05
1764144000000,1764144000001,BTCUSDT,8,5.388e-05
1764144000000,1764144000001,ETHUSDT,8,-9.2e-06
1764172800000,1764172800000,BTCUSDT,8,-4.19e-06
1764172800000,1764172800000,ETHUSDT,8,1.886e-05
1764201600000,1764201600013,BTCUSDT,8,-2.599e-05
1764201600000,1764201600013,ETHUSDT,8,2.467e-05
1764230400000,1764230400000,BTCUSDT,8,2.408e-05
1764230400000,1764230400000,ETHUSDT,8,1.646e-05
1764259200000,1764259200004,BTCUSDT,8,4.624e-05
1764259200000,1764259200004,ETHUSDT,8,9.88e-06
1764288000000,1764288000008,BTCUSDT,8,1.771e-05
1764288000000,1764288000008,ETHUSDT,8,-1.45e-06
1764316800000,1764316800000,BTCUSDT,8,6.007e-05
1764316800000,1764316800000,ETHUSDT,8,2.638e-05
1764345600000,1764345600008,BTCUSDT,8,-1.703e-05
1764345600000,1764345600008,ETHUSDT,8,-9.03e-06
1764374400000,1764374400000,BTCUSDT,8,-1.982e-05
1764374400000,1764374400000,ETHUSDT,8,2.574e-05
1764403200000,1764403200005,BTCUSDT,8,1.778e-05
1764403200000,1764403200005,ETHUSDT,8,5.1e-06
1764432000000,1764432000001,BTCUSDT,8,2.635e-05
1764432000000,1764432000001,ETHUSDT,8,-1.52e-06
1764460800000,1764460800003,BTCUSDT,8,6.082e-05
1764460800000,1764460800003,ETHUSDT,8,7.916e-05
1764489600000,1764489600000,BTCUSDT,8,3.556e-05
1764489600000,1764489600000,ETHUSDT,8,4.019e-05
1764518400000,1764518400004,BTCUSDT,8,3.88e-05
1764518400000,1764518400004,ETHUSDT,8,3.707e-05
1764547200000,1764547200000,BTCUSDT,8,3.593e-05
1764547200000,1764547200000,ETHUSDT,8,5.374e-05
1764576000000,1764576000004,BTCUSDT,8,3.153e-05
1764576000000,1764576000004,ETHUSDT,8,7.757e-05
1764604800000,1764604800000,BTCUSDT,8,1.491e-05
1764604800000,1764604800000,ETHUSDT,8,-2.535e-05
1764633600000,1764633600004,BTCUSDT,8,-1.009e-05
1764633600000,1764633600004,ETHUSDT,8,6.949e-05
1764662400000,1764662400000,BTCUSDT,8,2.643e-05
1764662400000,1764662400000,ETHUSDT,8,5.552e-05
1764691200000,1764691200000,BTCUSDT,8,3.999e-05
1764691200000,1764691200000,ETHUSDT,8,4.147e-05
1764720000000,1764720000000,BTCUSDT,8,-1.732e-05
1764720000000,1764720000000,ETHUSDT,8,4.698e-05
1764748800000,1764748800000,BTCUSDT,8,4.206e-05
1764748800000,1764748800000,ETHUSDT,8,1.107e-05
1764777600000,1764777600005,BTCUSDT,8,-8.85e-06
1764777600000,1764777600005,ETHUSDT,8,5.015e-05
1764806400000,1764806400012,BTCUSDT,8,-3.95e-06
1764806400000,1764806400012,ETHUSDT,8,6.305e-05
1764835200000,1764835200000,BTCUSDT,8,7.435e-05
1764835200000,1764835200000,ETHUSDT,8,0.0001
1764864000000,1764864000011,BTCUSDT,8,3.928e-05
1764864000000,1764864000011,ETHUSDT,8,9.628e-05
1764892800000,1764892800000,BTCUSDT,8,4.837e-05
1764892800000,1764892800000,ETHUSDT,8,2.405e-05
1764921600000,1764921600000,BTCUSDT,8,4.944e-05
1764921600000,1764921600000,ETHUSDT,8,9.771e-05
1764950400000,1764950400010,BTCUSDT,8,3.91e-06
1764950400000,1764950400010,ETHUSDT,8,4.884e-05
1764979200000,1764979200001,BTCUSDT,8,3.693e-05
1764979200000,1764979200001,ETHUSDT,8,4.481e-05
1765008000000,1765008000001,BTCUSDT,8,1.919e-05
1765008000000,1765008000001,ETHUSDT,8,4.55e-06
1765036800000,1765036800008,BTCUSDT,8,-1.822e-05
1765036800000,1765036800008,ETHUSDT,8,3.188e-05
1765065600000,1765065600000,BTCUSDT,8,4.192e-05
1765065600000,1765065600000,ETHUSDT,8,3.716e-05
1765094400000,1765094400004,BTCUSDT,8,1.666e-05
1765094400000,1765094400004,ETHUSDT,8,-9.74e-06
1765123200000,1765123200000,BTCUSDT,8,5.212e-05
1765123200000,1765123200000,ETHUSDT,8,1.448e-05
1765152000000,1765152000000,BTCUSDT,8,-5.39e-06
1765152000000,1765152000000,ETHUSDT,8,2.807e-05
1765180800000,1765180800000,BTCUSDT,8,6.545e-05
1765180800000,1765180800000,ETHUSDT,8,7.24e-05
1765209600000,1765209600001,BTCUSDT,8,3.395e-05
1765209600000,1765209600001,ETHUSDT,8,4.139e-05
1765238400000,1765238400001,BTCUSDT,8,8.52e-06
1765238400000,1765238400001,ETHUSDT,8,5.283e-05
1765267200000,1765267200001,BTCUSDT,8,6.379e-05
1765267200000,1765267200001,ETHUSDT,8,6.214e-05
1765296000000,1765296000007,BTCUSDT,8,5.443e-05
1765296000000,1765296000007,ETHUSDT,8,3.873e-05
1765324800000,1765324800007,BTCUSDT,8,2.777e-05
1765324800000,1765324800007,ETHUSDT,8,0.0001
1765353600000,1765353600002,BTCUSDT,8,1.996e-05
1765353600000,1765353600002,ETHUSDT,8,7.429e-05
1765382400000,1765382400012,BTCUSDT,8,3.205e-05
1765382400000,1765382400012,ETHUSDT,8,3.462e-05
1765411200000,1765411200001,BTCUSDT,8,2.59e-05
1765411200000,1765411200001,ETHUSDT,8,6.92e-05
1765440000000,1765440000000,BTCUSDT,8,-1.577e-05
1765440000000,1765440000000,ETHUSDT,8,1.38e-06
1765468800000,1765468800000,BTCUSDT,8,6.1e-05
1765468800000,1765468800000,ETHUSDT,8,2.616e-05
1765497600000,1765497600005,BTCUSDT,8,6.914e-05
1765497600000,1765497600005,ETHUSDT,8,-2.48e-06
1765526400000,1765526400007,BTCUSDT,8,4.698e-05
1765526400000,1765526400007,ETHUSDT,8,3.217e-05
1765555200000,1765555200002,BTCUSDT,8,3.383e-05
1765555200000,1765555200002,ETHUSDT,8,-2.36e-06
1765584000000,1765584000001,BTCUSDT,8,1.21e-06
1765584000000,1765584000001,ETHUSDT,8,1.07e-06
1765612800000,1765612800006,BTCUSDT,8,6.02e-05
1765612800000,1765612800006,ETHUSDT,8,-1.354e-05
1765641600000,1765641600000,BTCUSDT,8,6.041e-05
1765641600000,1765641600000,ETHUSDT,8,3.292e-05
1765670400000,1765670400000,BTCUSDT,8,0.0001
1765670400000,1765670400000,ETHUSDT,8,8.266e-05
1765699200000,1765699200003,BTCUSDT,8,2.898e-05
1765699200000,1765699200003,ETHUSDT,8,4.872e-05
1765728000000,1765728000005,BTCUSDT,8,3.773e-05
1765728000000,1765728000005,ETHUSDT,8,8.259e-05
1765756800000,1765756800000,BTCUSDT,8,1.9e-06
1765756800000,1765756800000,ETHUSDT,8,6.154e-05
1765785600000,1765785600000,BTCUSDT,8,-8.93e-06
1765785600000,1765785600000,ETHUSDT,8,3.415e-05
1765814400000,1765814400000,BTCUSDT,8,3.081e-05
1765814400000,1765814400000,ETHUSDT,8,2.051e-05
1765843200000,1765843200002,BTCUSDT,8,7.467e-05
1765843200000,1765843200002,ETHUSDT,8,-6.41e-06
1765872000000,1765872000000,BTCUSDT,8,1.35e-05
1765872000000,1765872000000,ETHUSDT,8,2.281e-05
1765900800000,1765900800002,BTCUSDT,8,4.089e-05
1765900800000,1765900800002,ETHUSDT,8,-1.87e-05
1765929600000,1765929600004,BTCUSDT,8,6.221e-05
1765929600000,1765929600004,ETHUSDT,8,3.52e-06
1765958400000,1765958400000,BTCUSDT,8,8.987e-05
1765958400000,1765958400000,ETHUSDT,8,3.718e-05
1765987200000,1765987200000,BTCUSDT,8,5.917e-05
1765987200000,1765987200000,ETHUSDT,8,8.6e-07
1766016000000,1766016000005,BTCUSDT,8,6.23e-05
1766016000000,1766016000005,ETHUSDT,8,-1.833e-05
1766044800000,1766044800007,BTCUSDT,8,-8.67e-06
1766044800000,1766044800007,ETHUSDT,8,-3.186e-05
1766073600000,1766073600001,BTCUSDT,8,8.355e-05
1766073600000,1766073600001,ETHUSDT,8,5.89e-05
1766102400000,1766102400000,BTCUSDT,8,5.491e-05
1766102400000,1766102400000,ETHUSDT,8,5.783e-05
1766131200000,1766131200001,BTCUSDT,8,0.0001
1766131200000,1766131200001,ETHUSDT,8,7.285e-05
1766160000000,1766160000000,BTCUSDT,8,0.0001
1766160000000,1766160000000,ETHUSDT,8,9.196e-05
1766188800000,1766188800005,BTCUSDT,8,0.0001
1766188800000,1766188800005,ETHUSDT,8,1.997e-05
1766217600000,1766217600000,BTCUSDT,8,1.234e-05
1766217600000,1766217600000,ETHUSDT,8,1.909e-05
1766246400000,1766246400002,BTCUSDT,8,7.171e-05
1766246400000,1766246400002,ETHUSDT,8,9.03e-06
1766275200000,1766275200000,BTCUSDT,8,9.682e-05
1766275200000,1766275200000,ETHUSDT,8,1.836e-05
1766304000000,1766304000009,BTCUSDT,8,8.873e-05
1766304000000,1766304000009,ETHUSDT,8,4.198e-05
1766332800000,1766332800000,BTCUSDT,8,3.977e-05
1766332800000,1766332800000,ETHUSDT,8,3.37e-06
1766361600000,1766361600000,BTCUSDT,8,4.389e-05
1766361600000,1766361600000,ETHUSDT,8,-2.332e-05
1766390400000,1766390400005,BTCUSDT,8,4.524e-05
1766390400000,1766390400005,ETHUSDT,8,5.76e-06
1766419200000,1766419200009,BTCUSDT,8,6.654e-05
1766419200000,1766419200009,ETHUSDT,8,-5.69e-06
1766448000000,1766448000000,BTCUSDT,8,2.633e-05
1766448000000,1766448000000,ETHUSDT,8,3.812e-05
1766476800000,1766476800000,BTCUSDT,8,5.231e-05
1766476800000,1766476800000,ETHUSDT,8,6.79e-05
1766505600000,1766505600001,BTCUSDT,8,1.795e-05
1766505600000,1766505600001,ETHUSDT,8,2.64e-05
1766534400000,1766534400001,BTCUSDT,8,0.0001
1766534400000,1766534400001,ETHUSDT,8,2.584e-05
1766563200000,1766563200001,BTCUSDT,8,8.455e-05
1766563200000,1766563200001,ETHUSDT,8,6.186e-05
1766592000000,1766592000000,BTCUSDT,8,5.927e-05
1766592000000,1766592000000,ETHUSDT,8,5.629e-05
1766620800000,1766620800000,BTCUSDT,8,5.953e-05
1766620800000,1766620800000,ETHUSDT,8,6.527e-05
1766649600000,1766649600001,BTCUSDT,8,7.953e-05
1766649600000,1766649600001,ETHUSDT,8,6.688e-05
1766678400000,1766678400005,BTCUSDT,8,8.322e-05
1766678400000,1766678400005,ETHUSDT,8,4.97e-05
1766707200000,1766707200004,BTCUSDT,8,4.378e-05
1766707200000,1766707200004,ETHUSDT,8,5.028e-05
1766736000000,1766736000001,BTCUSDT,8,5.427e-05
1766736000000,1766736000001,ETHUSDT,8,6.473e-05
1766764800000,1766764800007,BTCUSDT,8,0.0001
1766764800000,1766764800007,ETHUSDT,8,3.451e-05
1766793600000,1766793600000,BTCUSDT,8,1.809e-05
1766793600000,1766793600000,ETHUSDT,8,4.038e-05
1766822400000,1766822400000,BTCUSDT,8,2.788e-05
1766822400000,1766822400000,ETHUSDT,8,-5.19e-06
1766851200000,1766851200011,BTCUSDT,8,5.85e-05
1766851200000,1766851200011,ETHUSDT,8,8.133e-05
1766880000000,1766880000008,BTCUSDT,8,-3.6e-07
1766880000000,1766880000008,ETHUSDT,8,5.105e-05
1766908800000,1766908800000,BTCUSDT,8,7.955e-05
1766908800000,1766908800000,ETHUSDT,8,7.91e-05
1766937600000,1766937600000,BTCUSDT,8,9.464e-05
1766937600000,1766937600000,ETHUSDT,8,4.862e-05
1766966400000,1766966400016,BTCUSDT,8,0.0001
1766966400000,1766966400016,ETHUSDT,8,9.172e-05
1766995200000,1766995200001,BTCUSDT,8,0.0001
1766995200000,1766995200001,ETHUSDT,8,8.496e-05
1767024000000,1767024000000,BTCUSDT,8,4.826e-05
1767024000000,1767024000000,ETHUSDT,8,1.862e-05
1767052800000,1767052800005,BTCUSDT,8,0.0001
1767052800000,1767052800005,ETHUSDT,8,-1.536e-05
1767081600000,1767081600001,BTCUSDT,8,4.613e-05
1767081600000,1767081600001,ETHUSDT,8,3.92e-05
1767110400000,1767110400003,BTCUSDT,8,8.345e-05
1767110400000,1767110400003,ETHUSDT,8,0.0001
1767139200000,1767139200004,BTCUSDT,8,2.922e-05
1767139200000,1767139200004,ETHUSDT,8,5.157e-05
1767168000000,1767168000001,BTCUSDT,8,1.453e-05
1767168000000,1767168000001,ETHUSDT,8,1.205e-05
1767196800000,1767196800001,BTCUSDT,8,3.75e-05
1767196800000,1767196800001,ETHUSDT,8,3.527e-05
