close_time_ms,btc_spot,btc_quarterly,btc_quarterly_expiry,eth_spot,eth_quarterly,eth_quarterly_expiry
1735693200000,94401.14,97457.8,250328,3363.7,3466.78,250328
1735696800000,93607.74,96685.3,250328,3346.54,3449.34,250328
1735700400000,94098.91,97169.6,250328,3362.61,3467.16,250328
1735704000000,93838.04,96927.0,250328,3355.2,3458.22,250328
1735707600000,93553.91,96641.5,250328,3341.14,3443.01,250328
1735711200000,93792.02,96879.2,250328,3345.41,3447.57,250328
1735714800000,93757.58,96850.1,250328,3346.6,3448.63,250328
1735718400000,93684.1,96769.1,250328,3347.12,3447.86,250328
1735722000000,93428.46,96506.3,250328,3337.01,3438.39,250328
1735725600000,93413.06,96454.4,250328,3334.64,3436.21,250328
1735729200000,93326.23,96349.6,250328,3326.69,3427.5,250328
1735732800000,93444.64,96477.9,250328,3341.0,3442.57,250328
1735736400000,93820.76,96870.1,250328,3347.46,3449.76,250328
1735740000000,94031.76,97102.8,250328,3343.37,3445.76,250328
1735743600000,94175.89,97240.6,250328,3345.86,3447.88,250328
1735747200000,94432.94,97543.1,250328,3352.93,3455.52,250328
1735750800000,94090.49,97194.0,250328,3338.68,3441.51,250328
1735754400000,94143.85,97234.6,250328,3343.7,3446.96,250328
1735758000000,94340.06,97411.3,250328,3348.57,3450.75,250328
1735761600000,94627.07,97711.8,250328,3356.55,3458.15,250328
1735765200000,94786.23,97881.5,250328,3360.4,3463.77,250328
1735768800000,94978.48,98091.2,250328,3368.39,3471.69,250328
1735772400000,94802.98,97926.4,250328,3361.63,3464.97,250328
1735776000000,94591.79,97700.9,250328,3360.38,3463.02,250328
1735779600000,95128.59,98360.0,250328,3389.92,3496.53,250328
1735783200000,94862.72,98119.4,250328,3383.92,3492.11,250328
1735786800000,95234.36,98477.1,250328,3398.49,3506.07,250328
1735790400000,95010.33,98244.8,250328,3388.55,3495.65,250328
1735794000000,95708.07,98942.2,250328,3417.69,3526.06,250328
1735797600000,95596.48,98834.2,250328,3412.39,3521.79,250328
1735801200000,95574.99,98811.8,250328,3410.37,3517.75,250328
1735804800000,95822.0,99053.6,250328,3420.05,3527.91,250328
1735808400000,96150.0,99399.3,250328,3437.93,3546.86,250328
1735812000000,96755.51,100020.6,250328,3467.95,3579.79,250328
1735815600000,96708.0,100026.9,250328,3468.81,3579.57,250328
1735819200000,96732.99,100047.9,250328,3471.18,3583.29,250328
1735822800000,96850.01,100113.5,250328,3480.48,3590.15,250328
1735826400000,96458.17,99698.7,250328,3465.85,3574.33,250328
1735830000000,97256.49,100509.9,250328,3495.19,3603.46,250328
1735833600000,96455.01,99682.1,250328,3463.51,3571.1,250328
1735837200000,97229.74,100519.7,250328,3469.54,3578.66,250328
1735840800000,96757.57,100022.4,250328,3450.46,3560.26,250328
1735844400000,97319.74,100609.1,250328,3465.24,3576.14,250328
1735848000000,97317.74,100679.1,250328,3463.18,3573.43,250328
1735851600000,97306.46,100689.2,250328,3453.0,3563.41,250328
1735855200000,97212.68,100589.9,250328,3454.2,3565.36,250328
1735858800000,96911.04,100278.6,250328,3440.61,3550.93,250328
1735862400000,96984.79,100330.6,250328,3455.67,3567.3,250328
1735866000000,96825.82,100206.1,250328,3449.22,3560.58,250328
1735869600000,96985.47,100342.6,250328,3464.83,3576.44,250328
1735873200000,96966.85,100325.9,250328,3457.95,3568.7,250328
1735876800000,97062.3,100442.2,250328,3470.16,3582.15,250328
1735880400000,96813.41,100135.5,250328,3458.38,3568.55,250328
1735884000000,96765.34,100068.5,250328,3455.98,3567.39,250328
1735887600000,96539.49,99834.7,250328,3442.6,3550.89,250328
1735891200000,96304.0,99622.5,250328,3433.27,3541.99,250328
1735894800000,96129.97,99387.4,250328,3430.2,3537.59,250328
1735898400000,96554.32,99828.9,250328,3443.62,3552.08,250328
1735902000000,96488.53,99773.0,250328,3446.01,3553.87,250328
1735905600000,96757.58,100031.8,250328,3465.62,3574.06,250328
1735909200000,96666.66,99932.1,250328,3463.83,3572.39,250328
1735912800000,96504.79,99778.0,250328,3481.85,3591.21,250328
1735916400000,97016.01,100285.1,250328,3527.19,3637.12,250328
1735920000000,97521.35,100755.1,250328,3565.13,3675.93,250328
1735923600000,97868.2,101080.1,250328,3584.28,3691.98,250328
1735927200000,98026.0,101195.1,250328,3575.47,3683.75,250328
1735930800000,98527.98,101655.3,250328,3605.59,3711.71,250328
1735934400000,98592.01,101798.9,250328,3622.83,3731.27,250328
1735938000000,98311.52,101564.5,250328,3600.57,3711.0,250328
1735941600000,98272.7,101495.9,250328,3614.39,3724.26,250328
1735945200000,98296.37,101496.3,250328,3616.18,3726.13,250328
1735948800000,98174.18,101371.0,250328,3609.01,3719.06,250328
1735952400000,97950.01,101108.4,250328,3602.41,3712.65,250328
1735956000000,98040.0,101164.6,250328,3596.27,3705.17,250328
1735959600000,98304.51,101480.9,250328,3596.4,3704.37,250328
1735963200000,98200.0,101380.0,250328,3597.97,3707.05,250328
1735966800000,98001.0,101183.4,250328,3591.47,3700.98,250328
1735970400000,98126.21,101326.9,250328,3596.65,3706.08,250328
1735974000000,98127.54,101349.4,250328,3600.61,3709.85,250328
1735977600000,98271.88,101418.0,250328,3594.04,3703.73,250328
1735981200000,97906.07,101103.9,250328,3585.01,3695.39,250328
1735984800000,97690.37,100862.1,250328,3589.55,3699.4,250328
1735988400000,97789.32,100963.9,250328,3588.09,3697.87,250328
1735992000000,97889.39,101086.7,250328,3602.01,3713.34,250328
1735995600000,97888.12,101097.8,250328,3635.52,3748.16,250328
1735999200000,97973.05,101170.2,250328,3644.0,3755.73,250328
1736002800000,98035.04,101242.8,250328,3636.99,3748.35,250328
1736006400000,97657.94,100837.2,250328,3607.81,3718.61,250328
1736010000000,97704.6,100906.1,250328,3622.09,3733.82,250328
1736013600000,98016.26,101197.8,250328,3633.31,3743.2,250328
1736017200000,97961.56,101152.2,250328,3626.73,3737.35,250328
1736020800000,98166.26,101312.0,250328,3631.14,3741.22,250328
1736024400000,98599.02,101639.1,250328,3660.47,3770.04,250328
1736028000000,98362.43,101360.1,250328,3658.11,3766.39,250328
1736031600000,98417.25,101431.5,250328,3660.09,3769.15,250328
1736035200000,98220.5,101239.6,250328,3656.88,3765.1,250328
1736038800000,98213.43,101259.4,250328,3650.11,3757.13,250328
1736042400000,98123.53,101176.8,250328,3636.78,3745.41,250328
1736046000000,98227.48,101276.4,250328,3641.41,3749.21,250328
1736049600000,98187.96,101208.9,250328,3637.79,3743.91,250328
1736053200000,98357.46,101353.0,250328,3644.3,3750.79,250328
1736056800000,98358.98,101285.8,250328,3632.65,3738.4,250328
1736060400000,98451.47,101379.8,250328,3639.08,3744.71,250328
1736064000000,98268.77,101194.6,250328,3631.56,3737.08,250328
1736067600000,97861.04,100785.2,250328,3620.01,3725.75,250328
1736071200000,97652.2,100551.5,250328,3609.46,3712.66,250328
1736074800000,97737.48,100645.0,250328,3615.62,3719.36,250328
1736078400000,97641.63,100570.5,250328,3613.47,3715.98,250328
1736082000000,97770.01,100700.0,250328,3614.08,3718.0,250328
1736085600000,97689.96,100615.3,250328,3614.65,3715.81,250328
1736089200000,97855.06,100749.6,250328,3623.11,3725.29,250328
1736092800000,98028.98,100938.0,250328,3629.6,3731.37,250328
1736096400000,98035.17,101014.4,250328,3628.01,3731.65,250328
1736100000000,97731.08,100679.7,250328,3627.81,3732.02,250328
1736103600000,97918.91,100882.4,250328,3630.75,3734.53,250328
1736107200000,98079.63,101038.4,250328,3637.78,3740.52,250328
1736110800000,98275.71,101126.7,250328,3635.77,3737.18,250328
1736114400000,98496.52,101314.6,250328,3645.66,3750.4,250328
1736118000000,98695.21,101516.6,250328,3645.32,3747.94,250328
1736121600000,98363.61,101193.3,250328,3635.99,3737.36,250328
1736125200000,98217.23,101075.5,250328,3621.74,3723.49,250328
1736128800000,98759.43,101593.8,250328,3648.84,3750.71,250328
1736132400000,98815.39,101599.8,250328,3658.46,3758.62,250328
1736136000000,99037.57,101807.3,250328,3664.92,3763.94,250328
1736139600000,99466.09,102198.1,250328,3672.68,3772.99,250328
1736143200000,99600.0,102309.7,250328,3680.61,3774.72,250328
1736146800000,99512.21,102234.3,250328,3666.22,3762.94,250328
1736150400000,99318.7,102089.7,250328,3650.75,3746.48,250328
1736154000000,99043.49,101835.1,250328,3640.9,3737.87,250328
1736157600000,98999.99,101815.2,250328,3644.75,3741.56,250328
1736161200000,98767.96,101589.8,250328,3637.87,3734.8,250328
1736164800000,99259.99,102050.3,250328,3654.52,3751.07,250328
1736168400000,99157.12,101918.0,250328,3642.52,3738.69,250328
1736172000000,99492.51,102241.8,250328,3651.03,3747.27,250328
1736175600000,100737.03,103500.8,250328,3685.47,3781.49,250328
1736179200000,102147.95,105013.5,250328,3714.45,3812.28,250328
1736182800000,102158.67,105062.6,250328,3710.18,3809.95,250328
1736186400000,101831.95,104735.3,250328,3673.87,3773.83,250328
1736190000000,101738.8,104665.2,250328,3682.22,3780.98,250328
1736193600000,101817.22,104666.8,250328,3687.44,3787.17,250328
1736197200000,102127.38,105020.1,250328,3683.49,3780.74,250328
1736200800000,101611.92,104499.7,250328,3667.16,3765.3,250328
1736204400000,102011.98,104856.8,250328,3678.52,3776.84,250328
1736208000000,102235.6,105088.5,250328,3687.45,3786.61,250328
1736211600000,102042.46,104885.1,250328,3675.14,3774.08,250328
1736215200000,101915.66,104755.2,250328,3694.55,3793.77,250328
1736218800000,101677.66,104471.8,250328,3678.07,3776.63,250328
1736222400000,101708.08,104459.4,250328,3682.25,3779.59,250328
1736226000000,101667.02,104437.3,250328,3673.52,3771.0,250328
1736229600000,101743.47,104477.1,250328,3669.38,3766.43,250328
1736233200000,101820.53,104562.0,250328,3672.6,3769.22,250328
1736236800000,101664.81,104387.2,250328,3667.77,3763.69,250328
1736240400000,101905.08,104633.1,250328,3674.63,3770.45,250328
1736244000000,101723.19,104477.8,250328,3661.09,3758.53,250328
1736247600000,101406.78,104105.1,250328,3657.61,3751.71,250328
1736251200000,100830.86,103560.3,250328,3639.27,3732.94,250328
1736254800000,100750.89,103503.1,250328,3633.42,3728.02,250328
1736258400000,100636.8,103387.7,250328,3636.0,3729.05,250328
1736262000000,99979.69,102764.8,250328,3568.75,3662.05,250328
1736265600000,97952.26,100635.4,250328,3462.64,3556.0,250328
1736269200000,97733.58,100318.3,250328,3458.06,3548.96,250328
1736272800000,97277.31,99883.8,250328,3442.55,3531.27,250328
1736276400000,96750.86,99310.2,250328,3421.82,3510.56,250328
1736280000000,96451.98,99003.4,250328,3385.67,3472.31,250328
1736283600000,96533.35,99069.2,250328,3396.62,3482.68,250328
1736287200000,96501.22,98973.5,250328,3363.32,3445.83,250328
1736290800000,97164.0,99763.1,250328,3396.7,3482.26,250328
1736294400000,96954.61,99541.8,250328,3381.31,3466.04,250328
1736298000000,97268.49,99868.9,250328,3411.71,3498.31,250328
1736301600000,96907.15,99390.0,250328,3391.32,3475.31,250328
1736305200000,96878.14,99353.1,250328,3382.9,3466.8,250328
1736308800000,96525.2,98945.7,250328,3360.31,3442.32,250328
1736312400000,96274.81,98670.5,250328,3348.12,3429.15,250328
1736316000000,96492.01,98897.1,250328,3351.41,3432.51,250328
1736319600000,95284.31,97625.3,250328,3308.77,3389.17,250328
1736323200000,95657.09,97931.3,250328,3354.59,3433.04,250328
1736326800000,95945.99,98252.2,250328,3366.14,3445.0,250328
1736330400000,95432.82,97723.6,250328,3347.48,3424.12,250328
1736334000000,95961.02,98249.0,250328,3362.45,3439.35,250328
1736337600000,95134.92,97446.0,250328,3349.79,3426.34,250328
1736341200000,94888.01,97146.4,250328,3339.62,3416.08,250328
1736344800000,95384.0,97702.7,250328,3358.25,3439.22,250328
1736348400000,95288.01,97674.5,250328,3369.53,3449.16,250328
1736352000000,95493.77,97842.7,250328,3346.73,3425.05,250328
1736355600000,94787.87,97159.4,250328,3314.03,3393.4,250328
1736359200000,94030.82,96358.3,250328,3263.06,3341.53,250328
1736362800000,94242.61,96637.2,250328,3282.83,3360.56,250328
1736366400000,94243.89,96645.4,250328,3280.68,3360.78,250328
1736370000000,93980.0,96404.1,250328,3285.68,3366.82,250328
1736373600000,94468.97,96882.6,250328,3299.35,3380.0,250328
1736377200000,95290.93,97725.0,250328,3333.14,3414.46,250328
1736380800000,95060.61,97487.8,250328,3327.29,3407.93,250328
1736384400000,95135.3,97559.1,250328,3342.2,3424.51,250328
1736388000000,94983.82,97429.2,250328,3345.96,3427.49,250328
1736391600000,94776.99,97238.8,250328,3341.18,3422.59,250328
1736395200000,94027.9,96440.8,250328,3324.74,3405.7,250328
1736398800000,94424.24,96813.1,250328,3340.3,3421.86,250328
1736402400000,94472.58,96900.4,250328,3328.87,3409.23,250328
1736406000000,94095.03,96567.4,250328,3316.21,3396.75,250328
1736409600000,93221.59,95635.0,250328,3288.71,3367.64,250328
1736413200000,93030.87,95445.2,250328,3309.91,3388.06,250328
1736416800000,93516.62,95939.4,250328,3318.1,3399.77,250328
1736420400000,93462.43,95864.7,250328,3311.56,3391.72,250328
1736424000000,93465.23,95792.2,250328,3301.41,3381.91,250328
1736427600000,93421.94,95779.6,250328,3296.2,3373.49,250328
1736431200000,91986.42,94285.1,250328,3221.04,3297.48,250328
1736434800000,92863.8,95242.3,250328,3251.3,3329.27,250328
1736438400000,94244.02,96697.6,250328,3320.58,3399.13,250328
1736442000000,94250.95,96685.8,250328,3302.76,3381.14,250328
1736445600000,92693.11,95140.5,250328,3250.48,3329.06,250328
1736449200000,93020.11,95468.6,250328,3260.16,3339.24,250328
1736452800000,91909.59,94306.4,250328,3195.63,3270.6,250328
1736456400000,91903.22,94296.3,250328,3195.55,3272.52,250328
1736460000000,92108.84,94547.5,250328,3207.43,3285.93,250328
1736463600000,92456.32,94873.7,250328,3224.24,3302.77,250328
1736467200000,92552.49,94953.7,250328,3219.2,3297.62,250328
1736470800000,92775.84,95149.9,250328,3222.98,3299.75,250328
1736474400000,93102.52,95501.0,250328,3237.29,3315.33,250328
1736478000000,93364.36,95796.1,250328,3241.47,3319.29,250328
1736481600000,93696.13,96115.0,250328,3254.37,3331.76,250328
1736485200000,93837.69,96253.7,250328,3254.2,3331.11,250328
1736488800000,93956.83,96381.7,250328,3264.18,3339.88,250328
1736492400000,94252.83,96636.8,250328,3278.39,3356.09,250328
1736496000000,94492.63,96905.7,250328,3296.29,3371.64,250328
1736499600000,94680.01,97038.9,250328,3296.31,3372.05,250328
1736503200000,94793.08,97135.7,250328,3302.45,3379.48,250328
1736506800000,95215.73,97555.6,250328,3318.54,3396.62,250328
1736510400000,95073.95,97408.2,250328,3311.65,3388.26,250328
1736514000000,95023.44,97340.6,250328,3310.73,3386.79,250328
1736517600000,93557.23,95893.5,250328,3244.24,3319.52,250328
1736521200000,94115.63,96473.3,250328,3257.01,3332.91,250328
1736524800000,93730.92,96047.9,250328,3245.14,3320.48,250328
1736528400000,93645.05,96078.7,250328,3247.48,3322.78,250328
1736532000000,95793.05,98157.3,250328,3315.07,3392.07,250328
1736535600000,94861.62,97169.0,250328,3286.67,3362.81,250328
1736539200000,95327.06,97547.0,250328,3295.66,3369.59,250328
1736542800000,94672.05,96949.7,250328,3259.59,3334.1,250328
1736546400000,94613.26,96872.4,250328,3264.85,3339.4,250328
1736550000000,94767.7,97007.6,250328,3273.62,3346.7,250328
1736553600000,94726.11,96968.8,250328,3267.04,3341.54,250328
1736557200000,94600.69,96840.7,250328,3265.55,3339.57,250328
1736560800000,94424.26,96664.6,250328,3245.64,3318.63,250328
1736564400000,94424.24,96653.8,250328,3247.96,3321.69,250328
1736568000000,94206.95,96398.8,250328,3236.8,3309.03,250328
1736571600000,94063.29,96263.1,250328,3239.11,3311.4,250328
1736575200000,94366.69,96575.3,250328,3246.0,3318.19,250328
1736578800000,94216.25,96410.8,250328,3238.06,3309.76,250328
1736582400000,94246.36,96448.4,250328,3235.72,3307.42,250328
1736586000000,94074.79,96253.7,250328,3224.64,3297.03,250328
1736589600000,94329.45,96517.1,250328,3244.0,3316.01,250328
1736593200000,94488.86,96650.9,250328,3256.1,3326.77,250328
1736596800000,94625.65,96778.7,250328,3273.81,3347.98,250328
1736600400000,94550.01,96695.0,250328,3272.6,3343.06,250328
1736604000000,94400.01,96524.3,250328,3267.61,3338.76,250328
1736607600000,94620.0,96758.1,250328,3278.52,3349.45,250328
1736611200000,94410.26,96556.0,250328,3271.33,3341.74,250328
1736614800000,94448.14,96605.0,250328,3274.99,3345.84,250328
1736618400000,94151.52,96299.8,250328,3271.79,3342.48,250328
1736622000000,94275.79,96410.8,250328,3278.37,3347.2,250328
1736625600000,94249.26,96355.9,250328,3278.45,3347.76,250328
1736629200000,94586.11,96703.6,250328,3299.54,3368.4,250328
1736632800000,94940.76,97046.2,250328,3307.1,3377.12,250328
1736636400000,94593.8,96695.3,250328,3288.67,3357.82,250328
1736640000000,94599.99,96707.1,250328,3282.83,3351.92,250328
1736643600000,94452.07,96571.2,250328,3283.37,3352.45,250328
1736647200000,94580.0,96704.3,250328,3289.08,3358.21,250328
1736650800000,94625.25,96734.9,250328,3289.79,3358.6,250328
1736654400000,94622.4,96722.4,250328,3286.0,3354.33,250328
1736658000000,94587.99,96682.9,250328,3283.49,3352.57,250328
1736661600000,94571.43,96662.3,250328,3279.8,3348.85,250328
1736665200000,94381.78,96467.0,250328,3270.33,3338.8,250328
1736668800000,94323.85,96428.3,250328,3266.87,3335.93,250328
1736672400000,94170.01,96262.9,250328,3239.98,3307.36,250328
1736676000000,93906.22,96004.5,250328,3238.67,3307.31,250328
1736679600000,94015.16,96099.6,250328,3244.62,3312.8,250328
1736683200000,94255.1,96357.4,250328,3253.02,3321.51,250328
1736686800000,94328.2,96435.1,250328,3250.61,3319.27,250328
1736690400000,94663.78,96773.4,250328,3267.09,3335.28,250328
1736694000000,94811.0,96920.4,250328,3269.1,3337.3,250328
1736697600000,95071.9,97179.9,250328,3285.68,3354.55,250328
1736701200000,95046.76,97149.6,250328,3281.67,3350.42,250328
1736704800000,95139.45,97240.6,250328,3288.57,3357.82,250328
1736708400000,94992.64,97075.2,250328,3285.15,3353.08,250328
1736712000000,94650.26,96761.0,250328,3280.12,3348.84,250328
1736715600000,94687.69,96788.2,250328,3281.67,3350.8,250328
1736719200000,94352.7,96455.2,250328,3266.28,3335.27,250328
1736722800000,93962.91,96001.8,250328,3240.62,3304.48,250328
1736726400000,94545.06,96590.9,250328,3267.3,3334.8,250328
1736730000000,95325.43,97401.8,250328,3308.56,3378.45,250328
1736733600000,94218.01,96330.6,250328,3261.48,3328.87,250328
1736737200000,94217.43,96314.3,250328,3255.96,3325.1,250328
1736740800000,94269.23,96364.7,250328,3242.72,3310.56,250328
1736744400000,94503.34,96660.4,250328,3239.01,3306.76,250328
1736748000000,94181.37,96315.7,250328,3225.83,3293.74,250328
1736751600000,93637.37,95749.9,250328,3191.36,3259.97,250328
1736755200000,93590.24,95669.4,250328,3201.66,3268.88,250328
1736758800000,93039.1,95137.0,250328,3169.36,3236.67,250328
1736762400000,92846.79,94942.7,250328,3155.8,3222.13,250328
1736766000000,91644.96,93649.3,250328,3118.61,3184.88,250328
1736769600000,90851.22,92822.1,250328,3057.16,3119.22,250328
1736773200000,90732.0,92747.6,250328,3046.96,3110.32,250328
1736776800000,91131.41,93145.0,250328,3060.05,3125.51,250328
1736780400000,91833.03,93870.2,250328,3034.41,3098.42,250328
1736784000000,92123.75,94207.3,250328,3049.0,3115.0,250328
1736787600000,91343.2,93411.7,250328,3009.91,3074.33,250328
1736791200000,91983.96,94067.0,250328,3020.79,3085.78,250328
1736794800000,92077.65,94156.6,250328,3007.6,3072.71,250328
1736798400000,92312.18,94387.4,250328,3025.07,3090.0,250328
1736802000000,93575.53,95665.8,250328,3091.36,3157.3,250328
1736805600000,94193.49,96263.0,250328,3114.39,3178.93,250328
1736809200000,94399.98,96486.8,250328,3131.96,3198.07,250328
1736812800000,94536.1,96646.7,250328,3137.51,3204.57,250328
1736816400000,94470.77,96575.5,250328,3134.3,3200.12,250328
1736820000000,94834.5,96974.5,250328,3139.52,3206.35,250328
1736823600000,94882.65,96982.9,250328,3157.36,3224.36,250328
1736827200000,94861.4,96945.6,250328,3158.87,3226.67,250328
1736830800000,95119.19,97211.4,250328,3172.96,3239.59,250328
1736834400000,94916.08,97023.4,250328,3161.99,3227.25,250328
1736838000000,95031.94,97114.5,250328,3183.91,3249.97,250328
1736841600000,94864.0,96952.0,250328,3171.53,3237.17,250328
1736845200000,95488.5,97564.9,250328,3183.78,3249.27,250328
1736848800000,97159.44,99231.6,250328,3243.89,3311.05,250328
1736852400000,96697.08,98764.9,250328,3235.31,3302.0,250328
1736856000000,96548.04,98660.0,250328,3217.62,3286.1,250328
1736859600000,95988.0,98091.4,250328,3183.32,3250.33,250328
1736863200000,96336.0,98585.2,250328,3208.7,3278.57,250328
1736866800000,96293.6,98546.7,250328,3191.56,3262.8,250328
1736870400000,96471.65,98711.1,250328,3199.45,3269.64,250328
1736874000000,95745.43,97955.3,250328,3191.13,3262.0,250328
1736877600000,96527.96,98692.0,250328,3212.6,3282.0,250328
1736881200000,96777.8,98932.5,250328,3225.01,3295.07,250328
1736884800000,96537.8,98713.7,250328,3214.38,3282.92,250328
1736888400000,96505.04,98677.6,250328,3222.44,3292.54,250328
1736892000000,96486.09,98650.3,250328,3216.04,3284.96,250328
1736895600000,96691.91,98874.7,250328,3235.41,3307.77,250328
1736899200000,96560.86,98701.1,250328,3225.63,3293.7,250328
1736902800000,96889.36,99090.3,250328,3221.79,3292.57,250328
1736906400000,97349.62,99543.0,250328,3230.33,3300.83,250328
1736910000000,96824.06,98996.7,250328,3213.09,3284.0,250328
1736913600000,97317.12,99495.2,250328,3240.79,3311.4,250328
1736917200000,97189.71,99359.5,250328,3226.41,3297.85,250328
1736920800000,97029.97,99187.0,250328,3230.32,3300.0,250328
1736924400000,97105.48,99260.9,250328,3230.29,3299.76,250328
1736928000000,97301.35,99470.4,250328,3233.3,3301.11,250328
1736931600000,97202.26,99386.6,250328,3232.63,3303.08,250328
1736935200000,96816.47,99015.4,250328,3199.52,3268.55,250328
1736938800000,96933.59,99085.3,250328,3209.5,3277.93,250328
1736942400000,96762.18,98943.2,250328,3199.6,3269.15,250328
1736946000000,96942.93,99059.2,250328,3202.63,3269.75,250328
1736949600000,98964.0,101200.0,250328,3298.94,3370.56,250328
1736953200000,99434.41,101754.5,250328,3329.48,3404.55,250328
1736956800000,98992.42,101318.3,250328,3334.47,3408.72,250328
1736960400000,98995.58,101329.4,250328,3339.49,3415.16,250328
1736964000000,98645.65,100959.8,250328,3325.81,3400.24,250328
1736967600000,99446.14,101800.0,250328,3372.31,3447.9,250328
1736971200000,99844.9,102220.7,250328,3434.99,3511.13,250328
1736974800000,99566.4,101901.7,250328,3434.01,3509.73,250328
1736978400000,99672.0,102013.8,250328,3432.41,3508.47,250328
1736982000000,99713.46,102071.7,250328,3430.78,3506.45,250328
1736985600000,100497.35,102866.3,250328,3451.52,3527.88,250328
1736989200000,99869.26,102183.6,250328,3398.82,3474.0,250328
1736992800000,100082.35,102428.1,250328,3403.37,3479.35,250328
1736996400000,99637.77,101933.7,250328,3384.83,3460.14,250328
1737000000000,99478.03,101793.8,250328,3363.38,3439.81,250328
1737003600000,99610.0,101915.0,250328,3375.04,3448.51,250328
1737007200000,99382.11,101664.5,250328,3368.39,3441.04,250328
1737010800000,99801.23,102077.4,250328,3380.78,3453.75,250328
1737014400000,99799.99,102078.1,250328,3384.3,3457.15,250328
1737018000000,98955.8,101200.9,250328,3316.2,3390.16,250328
1737021600000,99152.93,101411.5,250328,3336.23,3408.89,250328
1737025200000,99214.25,101459.9,250328,3334.05,3406.36,250328
1737028800000,99158.71,101417.4,250328,3351.27,3425.18,250328
1737032400000,99392.09,101643.9,250328,3357.5,3431.51,250328
1737036000000,99084.04,101366.0,250328,3328.61,3403.32,250328
1737039600000,97618.89,99946.7,250328,3277.14,3351.38,250328
1737043200000,99296.17,101649.3,250328,3333.04,3407.15,250328
1737046800000,99346.39,101768.4,250328,3340.41,3417.0,250328
1737050400000,99838.54,102197.5,250328,3343.86,3421.02,250328
1737054000000,99584.24,101993.4,250328,3325.97,3401.19,250328
1737057600000,100417.2,102866.0,250328,3344.81,3421.87,250328
1737061200000,100343.99,102781.0,250328,3337.33,3413.11,250328
1737064800000,100156.98,102572.3,250328,3320.08,3395.6,250328
1737068400000,99838.25,102254.4,250328,3297.62,3373.39,250328
1737072000000,99987.3,102444.4,250328,3308.05,3383.82,250328
1737075600000,100120.58,102618.3,250328,3313.68,3389.98,250328
1737079200000,101659.8,104107.0,250328,3386.31,3462.85,250328
1737082800000,101100.0,103609.1,250328,3373.3,3448.85,250328
1737086400000,101051.73,103485.4,250328,3361.01,3436.87,250328
1737090000000,101481.29,103918.2,250328,3371.07,3447.12,250328
1737093600000,101334.05,103821.3,250328,3366.71,3442.86,250328
1737097200000,101408.99,103859.2,250328,3367.44,3443.39,250328
1737100800000,101440.5,103965.2,250328,3373.14,3449.17,250328
1737104400000,102136.01,104611.7,250328,3407.33,3484.99,250328
1737108000000,101861.26,104306.9,250328,3404.12,3481.65,250328
1737111600000,102321.53,104823.9,250328,3427.47,3504.83,250328
1737115200000,102237.6,104774.4,250328,3423.24,3499.8,250328
1737118800000,102745.69,105243.6,250328,3407.63,3485.61,250328
1737122400000,102474.14,104987.8,250328,3402.0,3478.99,250328
1737126000000,103378.95,105850.9,250328,3428.87,3506.91,250328
1737129600000,104000.0,106644.0,250328,3421.8,3502.5,250328
1737133200000,104972.81,107603.3,250328,3437.74,3519.43,250328
1737136800000,104125.46,106680.1,250328,3414.41,3494.67,250328
1737140400000,104835.68,107425.5,250328,3411.54,3491.8,250328
1737144000000,105834.93,108353.5,250328,3432.11,3512.95,250328
1737147600000,104692.7,107240.0,250328,3514.81,3596.22,250328
1737151200000,104604.49,107170.5,250328,3473.58,3553.92,250328
1737154800000,104410.39,106958.5,250328,3470.21,3551.09,250328
1737158400000,104077.48,106640.8,250328,3473.63,3553.28,250328
1737162000000,104656.87,107226.0,250328,3487.71,3570.51,250328
1737165600000,104268.14,106802.0,250328,3466.31,3549.13,250328
1737169200000,104327.98,106866.8,250328,3451.36,3532.91,250328
1737172800000,103559.82,106107.4,250328,3384.07,3466.83,250328
1737176400000,103599.27,106150.3,250328,3365.69,3446.31,250328
1737180000000,102829.27,105330.6,250328,3294.0,3368.16,250328
1737183600000,103440.39,105988.8,250328,3313.52,3389.74,250328
1737187200000,102821.75,105290.0,250328,3287.63,3359.6,250328
1737190800000,103272.0,105806.1,250328,3293.21,3365.07,250328
1737194400000,103159.29,105642.4,250328,3270.97,3342.08,250328
1737198000000,103184.64,105662.0,250328,3267.1,3338.12,250328
1737201600000,103589.29,106070.4,250328,3311.62,3384.34,250328
1737205200000,103457.34,105890.2,250328,3289.9,3365.14,250328
1737208800000,104365.81,106840.1,250328,3323.38,3396.25,250328
1737212400000,103993.03,106439.4,250328,3297.5,3370.94,250328
1737216000000,104568.96,107090.1,250328,3307.07,3379.64,250328
1737219600000,103253.66,105642.7,250328,3253.89,3325.0,250328
1737223200000,103826.16,106250.2,250328,3258.2,3329.63,250328
1737226800000,104084.74,106469.9,250328,3264.78,3335.87,250328
1737230400000,104382.01,106783.9,250328,3290.2,3363.49,250328
1737234000000,104035.42,106405.4,250328,3266.02,3337.9,250328
1737237600000,103889.29,106283.0,250328,3274.72,3347.72,250328
1737241200000,104291.3,106693.2,250328,3280.46,3354.3,250328
1737244800000,104556.23,106967.8,250328,3307.71,3381.38,250328
1737248400000,104108.0,106495.9,250328,3316.3,3387.23,250328
1737252000000,104486.83,106871.8,250328,3353.3,3425.21,250328
1737255600000,104877.96,107283.1,250328,3353.41,3427.66,250328
1737259200000,104984.01,107338.1,250328,3335.47,3406.14,250328
1737262800000,105032.03,107356.0,250328,3283.51,3354.8,250328
1737266400000,105116.52,107462.9,250328,3299.91,3369.66,250328
1737270000000,105568.29,107915.4,250328,3283.44,3352.14,250328
1737273600000,105167.12,107599.4,250328,3276.06,3346.64,250328
1737277200000,104428.24,106817.6,250328,3221.9,3291.8,250328
1737280800000,105299.81,107738.2,250328,3226.0,3298.08,250328
1737284400000,104823.86,107258.3,250328,3174.7,3245.46,250328
1737288000000,104363.23,106714.8,250328,3149.97,3218.63,250328
1737291600000,104936.54,107435.6,250328,3205.9,3276.56,250328
1737295200000,104964.71,107426.1,250328,3276.99,3348.18,250328
1737298800000,105160.0,107658.5,250328,3381.16,3459.31,250328
1737302400000,104936.35,107491.6,250328,3383.68,3462.25,250328
1737306000000,104963.11,107468.2,250328,3410.74,3488.08,250328
1737309600000,105115.8,107635.6,250328,3442.39,3519.82,250328
1737313200000,105042.9,107576.6,250328,3432.73,3512.07,250328
1737316800000,106200.0,108720.3,250328,3418.92,3497.01,250328
1737320400000,106275.49,108849.9,250328,3377.67,3456.6,250328
1737324000000,103684.44,106148.4,250328,3233.0,3308.44,250328
1737327600000,103414.0,105837.4,250328,3266.65,3341.22,250328
1737331200000,101331.57,103761.0,250328,3215.12,3285.19,250328
1737334800000,99794.51,102135.3,250328,3170.9,3238.56,250328
1737338400000,100692.82,103062.1,250328,3201.01,3271.01,250328
1737342000000,101926.42,104374.6,250328,3245.07,3317.2,250328
1737345600000,101891.93,104359.2,250328,3272.34,3344.78,250328
1737349200000,102232.34,104651.0,250328,3270.73,3343.56,250328
1737352800000,102344.2,104721.0,250328,3291.33,3362.48,250328
1737356400000,107486.5,110010.9,250328,3416.01,3494.98,250328
1737360000000,107120.65,109706.1,250328,3382.59,3457.84,250328
1737363600000,108320.01,110925.8,250328,3392.43,3467.06,250328
1737367200000,108132.05,110702.6,250328,3364.0,3440.59,250328
1737370800000,107964.56,110570.3,250328,3353.42,3431.22,250328
1737374400000,108239.19,110870.3,250328,3375.43,3454.68,250328
1737378000000,106917.59,109557.0,250328,3304.02,3381.22,250328
1737381600000,107956.31,110654.3,250328,3342.99,3422.27,250328
1737385200000,107866.65,110624.2,250328,3359.4,3443.56,250328
1737388800000,104957.99,107463.7,250328,3335.9,3414.43,250328
1737392400000,106670.38,109363.0,250328,3379.97,3461.03,250328
1737396000000,102963.32,105371.9,250328,3292.93,3370.26,250328
1737399600000,103930.66,106405.9,250328,3330.53,3407.2,250328
1737403200000,103691.63,106231.6,250328,3343.5,3419.0,250328
1737406800000,103647.16,106127.7,250328,3320.24,3397.22,250328
1737410400000,102596.0,105000.0,250328,3284.96,3358.21,250328
1737414000000,103608.0,106029.9,250328,3318.49,3391.84,250328
1737417600000,102260.01,104642.0,250328,3284.0,3356.12,250328
1737421200000,101187.75,103535.2,250328,3226.87,3294.91,250328
1737424800000,101498.24,103834.0,250328,3250.63,3322.18,250328
1737428400000,102545.56,104899.4,250328,3257.94,3329.38,250328
1737432000000,102936.01,105348.7,250328,3262.6,3334.08,250328
1737435600000,102344.2,104743.2,250328,3247.15,3320.59,250328
1737439200000,101365.98,103714.5,250328,3225.13,3296.04,250328
1737442800000,102176.04,104466.3,250328,3241.99,3313.08,250328
1737446400000,101989.05,104320.2,250328,3254.7,3328.42,250328
1737450000000,102466.81,104769.6,250328,3254.14,3324.29,250328
1737453600000,102707.08,104923.0,250328,3276.66,3343.51,250328
1737457200000,103160.85,105460.3,250328,3303.11,3375.34,250328
1737460800000,103758.25,106073.9,250328,3305.07,3378.44,250328
1737464400000,104519.98,106874.8,250328,3307.19,3378.45,250328
1737468000000,104457.07,106772.7,250328,3309.68,3380.0,250328
1737471600000,103260.91,105600.3,250328,3289.41,3358.7,250328
1737475200000,103943.0,106267.4,250328,3295.1,3365.71,250328
1737478800000,104965.99,107328.8,250328,3313.85,3385.85,250328
1737482400000,106173.26,108556.4,250328,3351.0,3423.23,250328
1737486000000,106861.18,109257.9,250328,3345.76,3417.21,250328
1737489600000,107031.34,109365.1,250328,3332.16,3403.23,250328
1737493200000,106137.51,108511.7,250328,3314.39,3384.73,250328
1737496800000,106772.23,109199.6,250328,3331.9,3402.06,250328
1737500400000,105996.01,108389.4,250328,3333.74,3404.98,250328
1737504000000,106143.82,108529.8,250328,3327.54,3399.73,250328
1737507600000,105948.0,108397.8,250328,3361.54,3437.06,250328
1737511200000,105799.99,108144.7,250328,3328.84,3399.89,250328
1737514800000,105583.89,107947.7,250328,3343.77,3414.58,250328
1737518400000,105600.01,107968.6,250328,3330.98,3401.2,250328
1737522000000,105578.41,107961.3,250328,3331.96,3402.76,250328
1737525600000,105689.15,108057.6,250328,3318.5,3388.36,250328
1737529200000,105379.81,107768.4,250328,3309.39,3379.3,250328
1737532800000,105084.77,107434.1,250328,3288.07,3356.18,250328
1737536400000,105270.03,107608.8,250328,3299.56,3368.21,250328
1737540000000,104984.83,107273.5,250328,3298.55,3366.11,250328
1737543600000,105142.76,107459.1,250328,3308.09,3374.06,250328
1737547200000,105100.39,107399.0,250328,3326.55,3393.78,250328
1737550800000,105275.86,107626.3,250328,3316.97,3384.47,250328
1737554400000,104073.94,106307.8,250328,3284.15,3350.7,250328
1737558000000,104393.66,106617.1,250328,3293.97,3360.0,250328
1737561600000,104180.01,106436.5,250328,3278.39,3344.77,250328
1737565200000,103704.64,106021.9,250328,3277.9,3344.96,250328
1737568800000,104345.8,106692.4,250328,3285.39,3352.49,250328
1737572400000,103896.01,106202.8,250328,3249.93,3316.19,250328
1737576000000,104630.0,106912.2,250328,3261.99,3327.12,250328
1737579600000,104321.1,106549.3,250328,3256.61,3320.8,250328
1737583200000,104088.03,106286.7,250328,3259.32,3324.15,250328
1737586800000,103866.79,106031.6,250328,3238.89,3301.18,250328
1737590400000,103706.66,105891.3,250328,3242.6,3306.93,250328
1737594000000,103307.51,105525.7,250328,3253.62,3318.05,250328
1737597600000,102931.94,105124.6,250328,3235.26,3296.74,250328
1737601200000,102655.34,104792.8,250328,3223.13,3283.57,250328
1737604800000,102461.25,104602.2,250328,3226.92,3287.9,250328
1737608400000,102075.22,104133.5,250328,3197.5,3255.18,250328
1737612000000,102532.52,104618.2,250328,3215.0,3273.68,250328
1737615600000,102256.7,104310.6,250328,3208.1,3265.46,250328
1737619200000,102710.27,104732.1,250328,3233.48,3291.62,250328
1737622800000,102215.75,104243.5,250328,3210.05,3267.34,250328
1737626400000,101672.01,103654.2,250328,3197.01,3253.7,250328
1737630000000,101683.61,103656.7,250328,3203.99,3260.3,250328
1737633600000,101944.49,103965.6,250328,3213.08,3271.45,250328
1737637200000,101635.58,103632.2,250328,3203.75,3259.53,250328
1737640800000,102512.28,104566.9,250328,3233.99,3291.6,250328
1737644400000,105213.5,107306.6,250328,3275.55,3335.0,250328
1737648000000,105263.52,107522.4,250328,3259.33,3320.59,250328
1737651600000,105139.18,107396.6,250328,3254.72,3317.11,250328
1737655200000,105927.78,108341.9,250328,3265.85,3331.79,250328
1737658800000,105424.39,107757.4,250328,3241.09,3304.94,250328
1737662400000,103770.04,106094.9,250328,3204.98,3269.41,250328
1737666000000,103284.48,105510.2,250328,3247.18,3310.0,250328
1737669600000,103079.08,105331.5,250328,3248.56,3312.28,250328
1737673200000,103978.82,106177.1,250328,3322.36,3384.17,250328
1737676800000,103910.34,106171.9,250328,3338.21,3403.77,250328
1737680400000,103446.62,105688.6,250328,3285.42,3348.89,250328
1737684000000,103234.3,105420.1,250328,3298.49,3360.52,250328
1737687600000,103016.01,105196.9,250328,3285.41,3347.62,250328
1737691200000,103891.75,106079.8,250328,3302.26,3366.98,250328
1737694800000,104631.99,106827.2,250328,3333.4,3395.32,250328
1737698400000,105222.15,107423.3,250328,3409.96,3473.48,250328
1737702000000,104991.01,107165.7,250328,3386.4,3450.0,250328
1737705600000,105046.8,107183.2,250328,3380.8,3444.58,250328
1737709200000,105500.76,107630.4,250328,3401.3,3463.66,250328
1737712800000,105146.67,107371.6,250328,3401.39,3467.07,250328
1737716400000,105416.75,107563.4,250328,3413.4,3477.4,250328
1737720000000,105420.1,107562.4,250328,3399.22,3461.83,250328
1737723600000,105526.58,107645.7,250328,3404.0,3467.18,250328
1737727200000,105118.07,107228.9,250328,3394.99,3457.29,250328
1737730800000,105758.0,107820.4,250328,3399.66,3460.88,250328
1737734400000,105859.98,107904.4,250328,3383.69,3444.23,250328
1737738000000,105645.89,107689.6,250328,3380.2,3440.74,250328
1737741600000,106458.46,108451.8,250328,3397.9,3460.56,250328
1737745200000,106327.72,108435.1,250328,3381.49,3443.32,250328
1737748800000,105760.94,107880.5,250328,3368.7,3430.06,250328
1737752400000,104859.11,106955.5,250328,3329.28,3390.21,250328
1737756000000,105124.61,107186.8,250328,3329.84,3390.16,250328
1737759600000,104777.25,106853.7,250328,3325.73,3386.3,250328
1737763200000,104870.5,106938.7,250328,3310.09,3371.67,250328
1737766800000,104419.59,106540.4,250328,3273.97,3339.4,250328
1737770400000,104738.0,106858.2,250328,3294.54,3356.37,250328
1737774000000,104559.54,106653.8,250328,3295.0,3355.95,250328
1737777600000,105202.4,107327.8,250328,3319.44,3382.63,250328
1737781200000,104648.0,106770.4,250328,3300.05,3362.33,250328
1737784800000,104365.97,106459.8,250328,3296.51,3360.01,250328
1737788400000,104308.0,106394.2,250328,3292.51,3354.83,250328
1737792000000,104385.98,106475.4,250328,3291.53,3352.85,250328
1737795600000,104341.98,106428.4,250328,3291.06,3352.87,250328
1737799200000,104366.63,106440.2,250328,3283.69,3344.31,250328
1737802800000,104540.0,106630.4,250328,3295.53,3357.51,250328
1737806400000,104670.99,106770.4,250328,3306.91,3368.15,250328
1737810000000,104753.07,106846.8,250328,3306.17,3366.21,250328
1737813600000,104717.04,106830.0,250328,3307.83,3370.4,250328
1737817200000,104600.01,106733.1,250328,3315.85,3380.24,250328
1737820800000,104897.79,107014.8,250328,3334.62,3399.01,250328
1737824400000,104654.9,106775.6,250328,3342.27,3404.02,250328
1737828000000,104899.71,107058.4,250328,3344.17,3408.34,250328
1737831600000,104983.49,107079.1,250328,3342.2,3404.66,250328
1737835200000,105055.16,107125.6,250328,3340.3,3403.54,250328
1737838800000,104965.71,107032.8,250328,3337.03,3400.24,250328
1737842400000,105102.84,107123.0,250328,3339.43,3402.07,250328
1737846000000,105077.54,107089.2,250328,3334.42,3398.29,250328
1737849600000,104746.85,106742.0,250328,3318.77,3381.29,250328
1737853200000,104599.96,106620.9,250328,3321.01,3383.18,250328
1737856800000,104621.37,106620.8,250328,3331.18,3392.91,250328
1737860400000,104696.25,106693.3,250328,3328.35,3390.0,250328
1737864000000,105062.42,107082.0,250328,3338.94,3403.14,250328
1737867600000,105174.27,107202.4,250328,3352.27,3415.73,250328
1737871200000,105094.12,107158.3,250328,3342.32,3406.66,250328
1737874800000,104990.75,107046.8,250328,3341.85,3406.3,250328
1737878400000,104998.35,107040.9,250328,3338.56,3403.36,250328
1737882000000,105030.4,107090.1,250328,3332.08,3395.61,250328
1737885600000,104630.03,106738.2,250328,3298.5,3362.92,250328
1737889200000,104715.29,106863.6,250328,3305.98,3370.11,250328
1737892800000,104818.69,106929.3,250328,3312.3,3377.34,250328
1737896400000,104890.0,107011.7,250328,3307.77,3371.17,250328
1737900000000,104961.73,107078.6,250328,3307.84,3372.41,250328
1737903600000,104944.0,107073.1,250328,3311.09,3375.69,250328
1737907200000,104967.01,107146.0,250328,3315.31,3380.58,250328
1737910800000,104938.02,107125.6,250328,3315.82,3380.66,250328
1737914400000,104945.11,107132.3,250328,3338.04,3403.19,250328
1737918000000,105175.11,107361.3,250328,3337.16,3402.75,250328
1737921600000,105081.63,107280.5,250328,3338.74,3405.82,250328
1737925200000,104949.99,107168.6,250328,3329.67,3394.82,250328
1737928800000,104557.19,106776.0,250328,3296.45,3362.18,250328
1737932400000,104330.22,106524.3,250328,3288.16,3352.87,250328
1737936000000,102620.0,104624.2,250328,3232.61,3297.69,250328
1737939600000,101728.0,103712.0,250328,3214.12,3275.71,250328
1737943200000,101308.29,103254.7,250328,3195.58,3255.8,250328
1737946800000,101000.0,102910.7,250328,3170.82,3227.93,250328
1737950400000,101395.64,103400.0,250328,3183.6,3242.05,250328
1737954000000,100410.04,102337.0,250328,3157.14,3213.78,250328
1737957600000,100374.08,102280.3,250328,3140.94,3197.72,250328
1737961200000,98956.32,100811.1,250328,3084.05,3136.04,250328
1737964800000,99048.02,100783.2,250328,3070.8,3120.81,250328
1737968400000,99043.77,100747.7,250328,3066.01,3116.36,250328
1737972000000,99424.38,101192.4,250328,3080.5,3131.8,250328
1737975600000,98392.74,100154.6,250328,3038.39,3087.17,250328
1737979200000,98761.13,100533.4,250328,3058.94,3108.41,250328
1737982800000,100619.68,102257.7,250328,3103.13,3152.34,250328
1737986400000,100483.99,102203.2,250328,3099.32,3148.32,250328
1737990000000,101920.89,103659.6,250328,3137.51,3187.63,250328
1737993600000,101112.03,102872.9,250328,3133.4,3182.36,250328
1737997200000,99744.0,101541.4,250328,3084.0,3133.94,250328
1738000800000,99150.01,100931.3,250328,3072.7,3122.23,250328
1738004400000,99180.0,100983.3,250328,3054.82,3103.94,250328
1738008000000,99700.02,101511.2,250328,3075.93,3125.27,250328
1738011600000,101386.5,103214.2,250328,3145.38,3197.87,250328
1738015200000,101349.67,103190.5,250328,3159.25,3211.54,250328
1738018800000,101637.18,103438.9,250328,3170.95,3222.45,250328
1738022400000,102082.83,103934.5,250328,3182.44,3234.87,250328
1738026000000,101856.01,103756.8,250328,3167.28,3221.48,250328
1738029600000,101382.67,103193.7,250328,3166.68,3219.95,250328
1738033200000,102402.01,104198.8,250328,3192.83,3244.43,250328
1738036800000,102636.32,104455.5,250328,3203.15,3256.06,250328
1738040400000,102901.45,104755.9,250328,3212.37,3266.39,250328
1738044000000,103014.59,104871.3,250328,3212.95,3264.99,250328
1738047600000,102744.38,104582.9,250328,3195.0,3248.06,250328
1738051200000,102789.72,104625.8,250328,3196.22,3248.8,250328
1738054800000,102851.23,104686.2,250328,3198.4,3252.19,250328
1738058400000,102955.99,104828.7,250328,3196.92,3250.96,250328
1738062000000,102745.36,104626.0,250328,3194.38,3248.65,250328
1738065600000,102762.01,104601.3,250328,3186.74,3240.36,250328
1738069200000,102599.99,104385.7,250328,3174.99,3226.69,250328
1738072800000,102597.36,104367.9,250328,3175.36,3227.55,250328
1738076400000,102641.99,104510.8,250328,3172.31,3225.02,250328
1738080000000,102777.99,104585.6,250328,3181.36,3234.02,250328
1738083600000,102250.01,104110.6,250328,3150.81,3202.97,250328
1738087200000,102572.82,104416.1,250328,3167.62,3221.56,250328
1738090800000,102205.79,104032.4,250328,3144.06,3197.36,250328
1738094400000,102424.24,104244.7,250328,3147.31,3199.14,250328
1738098000000,101264.48,103118.7,250328,3095.42,3147.14,250328
1738101600000,100334.01,102127.3,250328,3053.51,3103.59,250328
1738105200000,101265.63,103039.1,250328,3084.16,3134.09,250328
1738108800000,101335.52,103079.7,250328,3077.72,3127.17,250328
1738112400000,101702.59,103482.4,250328,3110.14,3161.24,250328
1738116000000,101845.02,103603.3,250328,3110.78,3161.72,250328
1738119600000,101795.4,103593.0,250328,3114.1,3165.51,250328
1738123200000,102038.2,103823.6,250328,3130.43,3181.09,250328
1738126800000,102001.06,103766.4,250328,3124.33,3175.73,250328
1738130400000,102262.0,104050.3,250328,3131.0,3181.19,250328
1738134000000,102801.64,104602.0,250328,3147.32,3197.67,250328
1738137600000,102755.82,104560.0,250328,3156.89,3208.63,250328
1738141200000,102732.03,104540.7,250328,3147.51,3198.81,250328
1738144800000,102334.4,104124.8,250328,3130.32,3179.01,250328
1738148400000,102547.01,104345.6,250328,3137.7,3187.21,250328
1738152000000,102646.0,104442.6,250328,3135.13,3184.9,250328
1738155600000,102229.85,104034.8,250328,3118.7,3168.15,250328
1738159200000,101836.23,103617.0,250328,3102.5,3152.04,250328
1738162800000,102029.93,103826.4,250328,3096.62,3146.56,250328
1738166400000,101980.78,103779.7,250328,3101.12,3150.65,250328
1738170000000,102092.01,103889.2,250328,3086.09,3134.27,250328
1738173600000,102406.98,104156.9,250328,3111.59,3161.44,250328
1738177200000,102854.15,104610.7,250328,3127.94,3178.58,250328
1738180800000,103583.99,105354.3,250328,3126.5,3176.24,250328
1738184400000,104193.93,106012.4,250328,3136.56,3187.53,250328
1738188000000,103741.11,105563.7,250328,3140.61,3191.84,250328
1738191600000,103492.06,105303.4,250328,3132.45,3183.96,250328
1738195200000,103733.24,105575.1,250328,3113.9,3165.46,250328
1738198800000,104026.04,105871.0,250328,3124.42,3175.73,250328
1738202400000,104264.15,106098.6,250328,3138.39,3189.28,250328
1738206000000,104663.19,106497.7,250328,3155.37,3207.0,250328
1738209600000,105196.0,107048.4,250328,3201.5,3254.89,250328
1738213200000,105478.0,107338.0,250328,3196.81,3249.76,250328
1738216800000,105375.7,107159.8,250328,3194.99,3247.84,250328
1738220400000,105184.37,106979.5,250328,3186.1,3238.48,250328
1738224000000,105132.07,106907.3,250328,3191.04,3243.15,250328
1738227600000,105060.01,106873.1,250328,3205.01,3257.77,250328
1738231200000,105412.05,107224.2,250328,3221.54,3274.32,250328
1738234800000,105345.4,107101.8,250328,3219.69,3271.71,250328
1738238400000,105300.63,107052.5,250328,3222.71,3274.31,250328
1738242000000,105020.0,106790.0,250328,3220.01,3272.64,250328
1738245600000,104879.99,106700.2,250328,3263.14,3318.18,250328
1738249200000,105920.57,107717.4,250328,3271.24,3324.82,250328
1738252800000,105564.0,107360.5,250328,3255.3,3307.77,250328
1738256400000,105696.96,107446.4,250328,3278.93,3330.38,250328
1738260000000,105300.01,107041.2,250328,3272.6,3325.59,250328
1738263600000,105578.95,107229.8,250328,3270.34,3321.95,250328
1738267200000,105711.27,107343.6,250328,3271.61,3321.51,250328
1738270800000,104907.15,106529.2,250328,3231.6,3281.98,250328
1738274400000,105048.89,106665.8,250328,3244.35,3293.87,250328
1738278000000,105094.56,106728.9,250328,3260.88,3310.1,250328
1738281600000,104722.94,106372.0,250328,3247.39,3296.4,250328
1738285200000,104898.49,106560.3,250328,3270.5,3321.27,250328
1738288800000,104729.58,106412.8,250328,3270.63,3322.09,250328
1738292400000,104341.72,105964.7,250328,3247.61,3297.83,250328
1738296000000,104344.46,105948.2,250328,3230.65,3279.11,250328
1738299600000,104007.58,105633.5,250328,3216.61,3265.4,250328
1738303200000,104319.87,105917.3,250328,3245.32,3293.51,250328
1738306800000,104511.02,106126.2,250328,3262.93,3310.75,250328
1738310400000,104188.56,105796.7,250328,3241.63,3289.58,250328
1738314000000,104028.78,105611.5,250328,3237.01,3283.27,250328
1738317600000,104256.56,105872.4,250328,3266.4,3313.29,250328
1738321200000,104284.1,105937.8,250328,3269.68,3318.36,250328
1738324800000,104736.0,106372.2,250328,3335.16,3382.82,250328
1738328400000,104704.68,106355.5,250328,3350.69,3400.36,250328
1738332000000,104664.02,106316.6,250328,3354.68,3404.99,250328
1738335600000,104442.79,106079.1,250328,3351.11,3400.06,250328
1738339200000,105464.01,107126.0,250328,3427.66,3478.3,250328
1738342800000,105081.87,106763.0,250328,3403.09,3454.91,250328
1738346400000,104580.87,106253.3,250328,3375.88,3425.59,250328
1738350000000,102627.29,104343.6,250328,3314.76,3366.13,250328
1738353600000,102312.32,103993.4,250328,3339.08,3392.57,250328
1738357200000,101680.02,103329.3,250328,3315.99,3366.0,250328
1738360800000,102148.73,103812.8,250328,3319.12,3369.51,250328
1738364400000,102261.3,103929.1,250328,3296.39,3347.73,250328
1738368000000,102429.56,104123.7,250328,3300.99,3348.99,250328
1738371600000,102494.94,104192.5,250328,3317.0,3370.27,250328
1738375200000,102566.0,104245.1,250328,3313.11,3364.37,250328
1738378800000,102467.77,104162.2,250328,3306.2,3356.49,250328
1738382400000,102249.19,103919.0,250328,3291.97,3342.38,250328
1738386000000,102316.16,103989.0,250328,3294.59,3343.81,250328
1738389600000,102500.0,104189.7,250328,3299.73,3349.85,250328
1738393200000,102402.91,104091.0,250328,3295.99,3345.71,250328
1738396800000,102166.49,103827.0,250328,3280.1,3329.2,250328
1738400400000,102016.85,103666.2,250328,3268.48,3316.65,250328
1738404000000,101675.99,103306.1,250328,3236.19,3282.05,250328
1738407600000,101638.0,103286.6,250328,3234.31,3283.14,250328
1738411200000,102028.81,103708.0,250328,3252.16,3301.55,250328
1738414800000,102277.71,103927.4,250328,3267.2,3316.19,250328
1738418400000,101869.02,103525.5,250328,3246.21,3295.04,250328
1738422000000,101827.53,103493.5,250328,3238.8,3288.78,250328
1738425600000,102073.89,103747.1,250328,3250.99,3300.09,250328
1738429200000,101892.32,103539.8,250328,3243.01,3291.71,250328
1738432800000,102262.49,103963.1,250328,3262.24,3311.65,250328
1738436400000,102003.7,103698.6,250328,3242.04,3291.15,250328
1738440000000,101669.6,103351.7,250328,3197.08,3246.26,250328
1738443600000,101333.34,103006.6,250328,3164.01,3213.27,250328
1738447200000,101199.82,102892.4,250328,3149.8,3198.07,250328
1738450800000,100666.91,102388.5,250328,3137.94,3186.78,250328
1738454400000,100635.65,102337.0,250328,3117.54,3165.99,250328
1738458000000,101243.86,102992.4,250328,3151.46,3200.94,250328
1738461600000,101248.38,102965.3,250328,3152.49,3202.47,250328
1738465200000,100452.16,102181.2,250328,3115.81,3165.22,250328
1738468800000,99206.86,100843.9,250328,3077.97,3125.72,250328
1738472400000,99538.6,101206.3,250328,3096.56,3144.85,250328
1738476000000,100259.53,101986.1,250328,3119.72,3168.94,250328
1738479600000,100265.15,101991.8,250328,3114.99,3163.82,250328
1738483200000,99643.3,101351.1,250328,3101.51,3149.55,250328
1738486800000,99831.04,101573.3,250328,3110.01,3159.29,250328
1738490400000,99690.78,101402.8,250328,3111.29,3160.88,250328
1738494000000,99417.06,101063.8,250328,3104.47,3152.94,250328
1738497600000,98864.6,100507.7,250328,3064.86,3110.8,250328
1738501200000,98178.0,99787.3,250328,3052.39,3099.24,250328
1738504800000,98795.88,100418.1,250328,3087.47,3134.9,250328
1738508400000,99205.08,100827.6,250328,3087.07,3134.29,250328
1738512000000,99346.87,100986.4,250328,3081.19,3126.42,250328
1738515600000,98264.0,99955.1,250328,3015.9,3062.56,250328
1738519200000,97228.85,98818.9,250328,2972.99,3017.54,250328
1738522800000,97087.92,98701.9,250328,2928.36,2972.96,250328
1738526400000,98273.16,99898.3,250328,2958.9,3001.29,250328
1738530000000,97798.0,99415.0,250328,2950.64,2995.55,250328
1738533600000,97020.54,98601.3,250328,2907.9,2950.7,250328
1738537200000,97994.46,99535.9,250328,2875.46,2915.24,250328
1738540800000,97700.59,99229.9,250328,2869.68,2910.39,250328
1738544400000,96511.33,97987.0,250328,2823.49,2862.5,250328
1738548000000,93435.82,94780.4,250328,2491.99,2521.25,250328
1738551600000,93566.01,94760.9,250328,2486.64,2513.63,250328
1738555200000,94038.74,95351.8,250328,2527.12,2555.93,250328
1738558800000,92786.53,94097.7,250328,2452.65,2483.16,250328
1738562400000,94216.0,95567.9,250328,2515.01,2548.67,250328
1738566000000,93911.04,95263.8,250328,2525.63,2555.9,250328
1738569600000,95333.01,96719.6,250328,2622.35,2654.22,250328
1738573200000,95340.0,96707.4,250328,2572.8,2604.9,250328
1738576800000,95277.0,96599.4,250328,2570.9,2602.4,250328
1738580400000,95702.67,97014.0,250328,2610.43,2642.75,250328
1738584000000,95107.89,96440.0,250328,2581.41,2612.61,250328
1738587600000,94764.01,96123.9,250328,2580.52,2610.45,250328
1738591200000,94664.51,96012.6,250328,2576.77,2605.98,250328
1738594800000,96589.5,97950.1,250328,2620.58,2651.01,250328
1738598400000,98842.0,100242.6,250328,2700.72,2731.74,250328
1738602000000,98543.08,99901.2,250328,2706.33,2736.33,250328
1738605600000,99206.38,100601.1,250328,2707.7,2738.71,250328
1738609200000,99816.05,101240.4,250328,2732.7,2765.57,250328
1738612800000,101880.0,103312.3,250328,2764.23,2798.43,250328
1738616400000,101083.0,102506.3,250328,2704.12,2736.76,250328
1738620000000,101802.55,103217.2,250328,2817.69,2850.43,250328
1738623600000,101695.62,103106.8,250328,2870.0,2902.72,250328
1738627200000,101328.52,102703.8,250328,2879.9,2913.01,250328
1738630800000,101058.01,102486.5,250328,2840.95,2873.39,250328
1738634400000,101382.68,102769.3,250328,2853.79,2884.53,250328
1738638000000,100839.99,102173.8,250328,2801.8,2831.57,250328
1738641600000,100629.7,101921.5,250328,2811.0,2841.29,250328
1738645200000,100053.12,101335.0,250328,2800.59,2831.53,250328
1738648800000,98865.99,100124.6,250328,2691.07,2720.17,250328
1738652400000,99367.58,100655.1,250328,2727.61,2757.09,250328
1738656000000,98448.02,99708.3,250328,2703.53,2732.41,250328
1738659600000,98304.34,99567.0,250328,2698.31,2727.57,250328
1738663200000,98338.23,99628.4,250328,2694.97,2725.15,250328
1738666800000,98779.91,100077.9,250328,2750.01,2781.65,250328
1738670400000,98967.7,100261.2,250328,2757.99,2788.06,250328
1738674000000,99362.04,100679.7,250328,2804.99,2836.37,250328
1738677600000,99007.22,100300.7,250328,2795.88,2827.43,250328
1738681200000,99984.72,101310.3,250328,2818.47,2850.33,250328
1738684800000,99347.19,100715.8,250328,2777.18,2808.95,250328
1738688400000,99043.48,100354.2,250328,2790.57,2823.25,250328
1738692000000,99168.35,100485.3,250328,2815.1,2846.36,250328
1738695600000,99415.2,100686.6,250328,2829.6,2861.34,250328
1738699200000,98859.77,100110.0,250328,2770.6,2801.0,250328
1738702800000,98652.18,99809.8,250328,2733.0,2761.18,250328
1738706400000,96514.47,97596.5,250328,2639.59,2665.3,250328
1738710000000,97691.2,98843.4,250328,2683.99,2710.5,250328
1738713600000,97763.13,98969.6,250328,2731.19,2761.34,250328
1738717200000,98274.01,99503.2,250328,2729.41,2760.13,250328
1738720800000,97849.82,99028.5,250328,2721.89,2751.05,250328
1738724400000,97993.99,99156.3,250328,2739.51,2769.14,250328
1738728000000,98040.0,99227.6,250328,2720.38,2748.73,250328
1738731600000,98046.0,99221.5,250328,2729.16,2756.86,250328
1738735200000,98138.4,99310.1,250328,2784.74,2814.88,250328
1738738800000,97652.0,98797.4,250328,2744.72,2773.23,250328
1738742400000,97864.43,99018.2,250328,2759.31,2788.91,250328
1738746000000,97634.24,98739.0,250328,2773.86,2802.08,250328
1738749600000,97405.61,98491.5,250328,2758.79,2787.74,250328
1738753200000,97734.96,98855.9,250328,2778.91,2807.31,250328
1738756800000,98198.0,99363.3,250328,2800.01,2829.52,250328
1738760400000,98057.61,99205.0,250328,2787.5,2814.94,250328
1738764000000,98570.01,99727.0,250328,2817.88,2848.25,250328
1738767600000,98292.27,99446.5,250328,2787.39,2816.27,250328
1738771200000,98116.24,99256.8,250328,2773.46,2803.92,250328
1738774800000,97974.01,99152.9,250328,2771.78,2800.79,250328
1738778400000,97550.74,98745.3,250328,2740.69,2769.23,250328
1738782000000,96723.66,97874.1,250328,2723.01,2752.81,250328
1738785600000,97370.0,98534.1,250328,2775.49,2803.47,250328
1738789200000,97323.39,98476.9,250328,2763.01,2792.73,250328
1738792800000,96904.11,98117.8,250328,2787.0,2815.82,250328
1738796400000,96445.63,97583.9,250328,2760.1,2789.36,250328
1738800000000,96612.43,97743.7,250328,2788.25,2818.53,250328
1738803600000,96826.96,97960.1,250328,2768.34,2795.51,250328
1738807200000,97159.68,98356.9,250328,2790.53,2817.51,250328
1738810800000,97364.08,98530.2,250328,2808.01,2837.73,250328
1738814400000,97355.67,98483.9,250328,2806.49,2836.3,250328
1738818000000,97617.01,98774.4,250328,2820.61,2850.89,250328
1738821600000,97831.47,98979.6,250328,2832.16,2861.83,250328
1738825200000,98386.89,99573.7,250328,2853.18,2883.73,250328
1738828800000,98195.61,99380.3,250328,2831.32,2862.09,250328
1738832400000,98128.43,99298.8,250328,2829.39,2860.02,250328
1738836000000,98614.41,99838.1,250328,2851.76,2883.22,250328
1738839600000,99013.3,100231.6,250328,2828.9,2860.38,250328
1738843200000,98877.99,100074.5,250328,2803.92,2834.46,250328
1738846800000,98346.09,99498.1,250328,2770.88,2800.46,250328
1738850400000,98604.5,99788.0,250328,2791.66,2819.13,250328
1738854000000,97835.98,98952.3,250328,2748.48,2776.23,250328
1738857600000,97333.09,98446.2,250328,2705.57,2732.67,250328
1738861200000,96586.96,97717.1,250328,2708.01,2736.02,250328
1738864800000,96715.35,97842.7,250328,2700.0,2728.16,250328
1738868400000,96316.84,97447.7,250328,2693.76,2722.09,250328
1738872000000,95983.0,97068.3,250328,2689.57,2718.56,250328
1738875600000,96926.63,98009.0,250328,2722.96,2751.11,250328
1738879200000,96807.43,97808.8,250328,2709.49,2734.4,250328
1738882800000,96959.99,98061.5,250328,2700.5,2728.01,250328
1738886400000,96554.35,97685.2,250328,2686.64,2715.65,250328
1738890000000,96507.75,97614.2,250328,2687.66,2714.44,250328
1738893600000,97404.01,98531.9,250328,2717.26,2747.55,250328
1738897200000,97575.85,98700.0,250328,2724.9,2751.92,250328
1738900800000,97444.04,98542.7,250328,2715.58,2743.31,250328
1738904400000,97434.79,98527.9,250328,2720.6,2748.99,250328
1738908000000,97338.2,98382.8,250328,2713.98,2741.49,250328
1738911600000,96746.87,97795.5,250328,2696.39,2723.79,250328
1738915200000,96757.05,97820.9,250328,2713.07,2741.9,250328
1738918800000,97021.47,98083.6,250328,2729.6,2758.16,250328
1738922400000,97295.23,98368.2,250328,2738.92,2767.39,250328
1738926000000,97261.51,98317.4,250328,2743.01,2771.59,250328
1738929600000,97750.0,98846.4,250328,2762.69,2794.08,250328
1738933200000,97963.58,99045.8,250328,2757.31,2786.0,250328
1738936800000,98828.01,99952.3,250328,2776.01,2804.9,250328
1738940400000,99710.92,100844.9,250328,2782.86,2810.56,250328
1738944000000,98283.98,99377.8,250328,2721.73,2748.98,250328
1738947600000,97827.66,98839.5,250328,2693.86,2719.89,250328
1738951200000,97434.78,98484.4,250328,2680.09,2705.62,250328
1738954800000,97751.99,98766.3,250328,2678.47,2702.98,250328
1738958400000,96898.56,97921.2,250328,2659.3,2684.78,250328
1738962000000,95764.31,96754.5,250328,2587.65,2611.25,250328
1738965600000,96011.42,97017.0,250328,2587.77,2613.43,250328
1738969200000,96062.76,97058.1,250328,2583.77,2609.38,250328
1738972800000,96506.8,97532.3,250328,2622.1,2646.96,250328
1738976400000,96650.14,97677.0,250328,2646.68,2672.11,250328
1738980000000,96509.2,97517.1,250328,2630.39,2656.18,250328
1738983600000,96751.01,97788.5,250328,2640.95,2666.73,250328
1738987200000,96699.23,97724.9,250328,2641.66,2667.38,250328
1738990800000,96300.01,97340.6,250328,2634.18,2660.2,250328
1738994400000,96211.08,97189.7,250328,2620.19,2645.57,250328
1738998000000,95994.55,96939.5,250328,2616.14,2641.18,250328
1739001600000,96209.92,97167.8,250328,2629.61,2655.23,250328
1739005200000,95893.84,96859.8,250328,2606.22,2631.94,250328
1739008800000,96163.05,97130.2,250328,2619.0,2643.33,250328
1739012400000,96050.64,96987.3,250328,2617.89,2641.35,250328
1739016000000,96120.0,97084.3,250328,2613.32,2639.46,250328
1739019600000,96059.24,96995.0,250328,2604.91,2627.96,250328
1739023200000,96246.7,97207.8,250328,2621.44,2645.54,250328
1739026800000,96091.34,97040.2,250328,2616.23,2640.12,250328
1739030400000,95843.74,96799.8,250328,2605.24,2629.65,250328
1739034000000,96132.07,97084.7,250328,2609.48,2633.35,250328
1739037600000,96377.71,97329.2,250328,2629.89,2654.0,250328
1739041200000,96512.0,97460.8,250328,2631.63,2655.45,250328
1739044800000,96579.99,97549.5,250328,2637.89,2661.01,250328
1739048400000,96455.92,97439.1,250328,2635.83,2659.95,250328
1739052000000,96527.36,97439.6,250328,2638.76,2662.68,250328
1739055600000,96473.9,97458.2,250328,2627.01,2651.51,250328
1739059200000,96444.74,97424.1,250328,2632.46,2655.79,250328
1739062800000,96568.0,97557.5,250328,2637.16,2661.49,250328
1739066400000,96992.36,97945.7,250328,2649.42,2673.58,250328
1739070000000,96727.31,97709.8,250328,2639.62,2664.13,250328
1739073600000,97300.0,98250.0,250328,2678.54,2701.81,250328
1739077200000,97220.59,98178.7,250328,2672.83,2696.75,250328
1739080800000,97029.28,97972.8,250328,2661.47,2685.27,250328
1739084400000,97005.89,97951.5,250328,2663.04,2687.3,250328
1739088000000,97057.83,98012.1,250328,2662.59,2686.57,250328
1739091600000,97086.0,98047.7,250328,2666.99,2692.64,250328
1739095200000,96924.53,97885.7,250328,2658.37,2682.99,250328
1739098800000,96762.01,97713.6,250328,2661.68,2685.47,250328
1739102400000,96554.01,97527.0,250328,2654.78,2679.24,250328
1739106000000,96535.26,97478.7,250328,2654.99,2679.69,250328
1739109600000,95877.92,96821.7,250328,2618.38,2642.92,250328
1739113200000,96127.73,97068.2,250328,2627.63,2651.87,250328
1739116800000,96488.15,97444.6,250328,2653.21,2678.53,250328
1739120400000,96442.16,97407.9,250328,2659.32,2683.96,250328
1739124000000,96171.17,97138.7,250328,2641.74,2666.55,250328
1739127600000,96212.0,97174.0,250328,2636.69,2661.53,250328
1739131200000,96064.74,97001.1,250328,2623.89,2647.4,250328
1739134800000,96322.24,97302.1,250328,2637.19,2661.72,250328
1739138400000,95173.78,96096.1,250328,2552.38,2576.68,250328
1739142000000,95831.64,96814.3,250328,2615.77,2641.1,250328
1739145600000,96462.75,97435.6,250328,2627.18,2651.06,250328
1739149200000,96717.98,97681.4,250328,2642.71,2667.52,250328
1739152800000,95576.0,96506.3,250328,2574.69,2596.39,250328
1739156400000,95798.82,96727.2,250328,2589.54,2613.71,250328
1739160000000,96814.98,97734.4,250328,2625.97,2649.18,250328
1739163600000,96935.46,97883.0,250328,2628.75,2653.16,250328
1739167200000,97015.26,97953.5,250328,2638.4,2662.26,250328
1739170800000,97142.43,98063.6,250328,2636.25,2660.34,250328
1739174400000,97429.83,98383.8,250328,2637.03,2661.37,250328
1739178000000,97683.99,98644.9,250328,2644.8,2668.77,250328
1739181600000,97664.78,98639.1,250328,2650.4,2675.2,250328
1739185200000,97728.29,98703.9,250328,2647.47,2671.22,250328
1739188800000,97661.16,98628.1,250328,2653.16,2677.99,250328
1739192400000,97358.58,98323.2,250328,2639.33,2662.62,250328
1739196000000,98215.72,99190.8,250328,2677.76,2702.21,250328
1739199600000,97270.64,98229.1,250328,2650.86,2675.11,250328
1739203200000,97218.69,98191.2,250328,2658.22,2683.53,250328
1739206800000,97300.75,98251.6,250328,2664.82,2688.68,250328
1739210400000,97500.0,98447.7,250328,2679.01,2702.65,250328
1739214000000,97549.99,98512.8,250328,2683.22,2707.29,250328
1739217600000,97376.0,98317.4,250328,2672.28,2696.11,250328
1739221200000,97331.95,98290.9,250328,2684.28,2708.68,250328
1739224800000,97375.81,98313.5,250328,2664.34,2688.16,250328
1739228400000,97390.26,98356.1,250328,2658.49,2684.59,250328
1739232000000,97430.82,98372.0,250328,2661.19,2683.8,250328
1739235600000,97783.12,98731.7,250328,2705.59,2729.3,250328
1739239200000,97994.23,98968.5,250328,2695.0,2720.01,250328
1739242800000,97764.0,98706.7,250328,2681.49,2705.33,250328
1739246400000,97607.3,98572.5,250328,2678.89,2702.78,250328
1739250000000,98064.93,99024.1,250328,2693.21,2717.67,250328
1739253600000,98412.24,99391.3,250328,2717.01,2742.13,250328
1739257200000,98424.33,99431.1,250328,2722.81,2748.09,250328
1739260800000,98268.97,99270.0,250328,2712.15,2736.82,250328
1739264400000,98223.79,99218.0,250328,2715.29,2740.04,250328
1739268000000,97999.99,98954.5,250328,2704.52,2727.87,250328
1739271600000,97961.25,98936.7,250328,2697.06,2721.67,250328
1739275200000,98151.52,99131.0,250328,2708.8,2732.96,250328
1739278800000,97766.13,98734.1,250328,2686.03,2710.61,250328
1739282400000,96799.53,97748.5,250328,2634.47,2658.7,250328
1739286000000,96962.03,97915.3,250328,2663.81,2688.01,250328
1739289600000,97007.53,97895.3,250328,2662.36,2686.43,250328
1739293200000,96365.05,97283.0,250328,2645.43,2669.06,250328
1739296800000,96165.29,97080.6,250328,2640.79,2664.14,250328
1739300400000,95469.28,96322.5,250328,2610.77,2633.4,250328
1739304000000,95040.82,95926.9,250328,2589.7,2612.81,250328
1739307600000,95305.0,96202.0,250328,2598.44,2622.54,250328
1739311200000,96390.23,97283.0,250328,2622.12,2644.69,250328
1739314800000,95580.23,96451.1,250328,2586.39,2608.78,250328
1739318400000,95778.2,96676.6,250328,2602.59,2625.88,250328
1739322000000,96060.0,97005.7,250328,2610.4,2633.67,250328
1739325600000,96207.32,97094.1,250328,2616.8,2640.19,250328
1739329200000,95579.14,96465.6,250328,2596.65,2619.07,250328
1739332800000,95299.27,96199.0,250328,2587.24,2608.17,250328
1739336400000,95556.98,96433.9,250328,2590.07,2611.24,250328
1739340000000,95886.54,96756.2,250328,2609.0,2632.84,250328
1739343600000,95817.87,96732.9,250328,2601.81,2624.01,250328
1739347200000,96069.58,96988.0,250328,2618.63,2639.97,250328
1739350800000,96358.46,97268.8,250328,2629.94,2651.91,250328
1739354400000,96129.28,97049.1,250328,2629.17,2652.19,250328
1739358000000,95978.01,96873.4,250328,2618.89,2641.36,250328
1739361600000,96094.65,97008.3,250328,2627.08,2649.62,250328
1739365200000,95982.97,96866.5,250328,2628.4,2650.16,250328
1739368800000,94975.38,95821.1,250328,2595.48,2616.5,250328
1739372400000,95628.91,96486.0,250328,2599.43,2617.46,250328
1739376000000,95816.18,96698.8,250328,2606.9,2627.87,250328
1739379600000,96986.14,97816.8,250328,2648.36,2669.48,250328
1739383200000,97354.89,98205.8,250328,2672.99,2695.57,250328
1739386800000,96921.43,97793.8,250328,2663.81,2685.97,250328
1739390400000,97205.06,98048.6,250328,2677.95,2699.57,250328
1739394000000,97025.24,97865.5,250328,2677.8,2699.38,250328
1739397600000,97646.5,98521.6,250328,2682.31,2704.78,250328
1739401200000,97806.57,98706.2,250328,2745.6,2768.42,250328
1739404800000,97869.99,98765.1,250328,2738.27,2761.57,250328
1739408400000,97818.91,98694.2,250328,2728.39,2751.39,250328
1739412000000,97986.19,98884.1,250328,2748.5,2770.05,250328
1739415600000,97473.66,98359.5,250328,2739.69,2762.69,250328
1739419200000,97498.42,98397.5,250328,2744.0,2767.39,250328
1739422800000,96927.46,97793.6,250328,2721.44,2744.53,250328
1739426400000,96666.38,97527.7,250328,2720.77,2742.66,250328
1739430000000,96056.72,96843.9,250328,2686.21,2707.55,250328
1739433600000,96070.23,96881.1,250328,2681.5,2700.36,250328
1739437200000,95943.62,96737.2,250328,2666.62,2687.2,250328
1739440800000,96262.25,97097.9,250328,2683.5,2705.39,250328
1739444400000,96155.86,96983.5,250328,2677.3,2697.2,250328
1739448000000,95925.11,96709.0,250328,2656.19,2674.8,250328
1739451600000,95820.28,96636.6,250328,2655.8,2674.96,250328
1739455200000,96074.66,96899.8,250328,2659.0,2678.12,250328
1739458800000,95857.03,96661.0,250328,2636.53,2658.32,250328
1739462400000,95998.0,96788.8,250328,2647.95,2667.82,250328
1739466000000,95359.22,96165.0,250328,2626.66,2646.04,250328
1739469600000,95692.09,96499.2,250328,2631.39,2651.2,250328
1739473200000,95964.01,96794.5,250328,2639.6,2658.87,250328
1739476800000,95627.76,96422.9,250328,2640.94,2660.53,250328
1739480400000,96264.52,97096.8,250328,2653.61,2675.32,250328
1739484000000,96488.0,97313.6,250328,2666.99,2686.02,250328
1739487600000,96411.4,97262.8,250328,2668.78,2688.42,250328
1739491200000,96608.14,97446.9,250328,2675.87,2696.4,250328
1739494800000,96750.83,97602.8,250328,2675.27,2695.64,250328
1739498400000,96529.27,97363.4,250328,2683.25,2702.42,250328
1739502000000,96528.47,97400.0,250328,2690.5,2711.38,250328
1739505600000,97129.98,97983.1,250328,2715.39,2736.36,250328
1739509200000,96750.0,97609.9,250328,2699.5,2720.48,250328
1739512800000,96683.29,97577.8,250328,2698.64,2720.15,250328
1739516400000,96834.29,97732.3,250328,2700.79,2721.71,250328
1739520000000,96944.09,97814.5,250328,2699.42,2722.0,250328
1739523600000,96871.97,97756.6,250328,2705.75,2727.27,250328
1739527200000,97108.31,97962.0,250328,2713.61,2734.56,250328
1739530800000,97017.4,97863.7,250328,2703.29,2724.29,250328
1739534400000,96887.56,97730.4,250328,2684.81,2705.54,250328
1739538000000,96652.58,97459.2,250328,2686.43,2706.01,250328
1739541600000,96786.68,97605.6,250328,2701.21,2721.8,250328
1739545200000,97290.95,98097.1,250328,2720.75,2741.94,250328
1739548800000,96924.39,97731.4,250328,2734.33,2755.42,250328
1739552400000,97658.7,98472.1,250328,2742.8,2765.05,250328
1739556000000,98526.0,99387.1,250328,2773.97,2796.19,250328
1739559600000,98192.84,99060.3,250328,2755.98,2776.8,250328
1739563200000,97940.45,98791.4,250328,2738.0,2759.1,250328
1739566800000,97196.09,98016.4,250328,2728.2,2746.98,250328
1739570400000,97456.79,98350.0,250328,2744.31,2765.39,250328
1739574000000,97134.59,97950.8,250328,2718.0,2739.41,250328
1739577600000,97500.48,98351.5,250328,2725.95,2746.72,250328
1739581200000,97470.88,98307.3,250328,2716.58,2737.23,250328
1739584800000,97804.24,98641.6,250328,2728.49,2749.6,250328
1739588400000,97839.04,98679.3,250328,2731.4,2752.41,250328
1739592000000,97653.19,98501.4,250328,2724.4,2745.21,250328
1739595600000,97527.63,98314.2,250328,2720.47,2740.78,250328
1739599200000,97611.17,98426.2,250328,2722.46,2742.59,250328
1739602800000,97488.61,98270.5,250328,2709.38,2729.16,250328
1739606400000,97346.26,98224.1,250328,2697.66,2719.89,250328
1739610000000,97505.51,98346.7,250328,2704.79,2724.55,250328
1739613600000,97562.55,98384.5,250328,2702.91,2721.39,250328
1739617200000,97653.95,98515.6,250328,2710.49,2730.89,250328
1739620800000,97615.59,98440.5,250328,2708.37,2727.47,250328
1739624400000,97753.82,98594.7,250328,2710.23,2731.39,250328
1739628000000,97716.89,98547.1,250328,2707.02,2727.56,250328
1739631600000,97593.61,98430.7,250328,2688.68,2709.4,250328
1739635200000,97633.22,98466.2,250328,2691.05,2710.15,250328
1739638800000,97535.39,98339.7,250328,2689.06,2709.62,250328
1739642400000,97410.28,98244.1,250328,2686.12,2705.9,250328
1739646000000,97540.79,98380.4,250328,2702.83,2723.11,250328
1739649600000,97531.9,98360.7,250328,2691.59,2711.54,250328
1739653200000,97539.4,98357.7,250328,2686.11,2706.24,250328
1739656800000,97684.23,98467.3,250328,2701.08,2720.61,250328
1739660400000,97545.76,98368.9,250328,2695.19,2715.25,250328
1739664000000,97569.66,98415.5,250328,2693.04,2713.08,250328
1739667600000,97594.57,98431.1,250328,2699.62,2720.3,250328
1739671200000,97643.0,98474.3,250328,2700.2,2722.9,250328
1739674800000,97524.87,98350.5,250328,2690.51,2710.68,250328
1739678400000,97547.17,98374.5,250328,2698.73,2718.78,250328
1739682000000,97530.81,98368.2,250328,2703.38,2723.29,250328
1739685600000,97603.3,98423.1,250328,2709.27,2729.69,250328
1739689200000,97487.26,98303.7,250328,2710.8,2730.87,250328
1739692800000,97248.98,98086.9,250328,2695.59,2714.89,250328
1739696400000,97163.86,97979.1,250328,2696.79,2716.78,250328
1739700000000,97365.74,98219.4,250328,2704.6,2724.92,250328
1739703600000,97180.98,98031.6,250328,2695.9,2715.89,250328
1739707200000,97336.0,98194.0,250328,2710.99,2731.55,250328
1739710800000,97125.63,97954.2,250328,2705.87,2725.62,250328
1739714400000,96842.37,97692.3,250328,2692.47,2712.76,250328
1739718000000,96969.58,97790.7,250328,2691.93,2711.72,250328
1739721600000,96911.01,97761.0,250328,2694.2,2713.6,250328
1739725200000,97052.64,97875.8,250328,2697.0,2717.31,250328
1739728800000,96982.95,97775.4,250328,2688.24,2708.05,250328
1739732400000,96872.59,97698.3,250328,2679.49,2699.18,250328
1739736000000,97058.47,97904.4,250328,2683.47,2703.46,250328
1739739600000,96909.54,97735.6,250328,2670.57,2690.35,250328
1739743200000,97165.09,97974.3,250328,2686.89,2705.14,250328
1739746800000,96865.79,97665.8,250328,2678.9,2696.87,250328
1739750400000,96118.12,96968.7,250328,2661.41,2681.94,250328
1739754000000,96319.22,96969.6,250328,2670.89,2689.24,250328
1739757600000,96508.63,97202.2,250328,2679.99,2696.73,250328
1739761200000,96228.98,96914.2,250328,2669.34,2685.28,250328
1739764800000,96215.33,96898.9,250328,2671.88,2689.14,250328
1739768400000,96026.01,96687.3,250328,2662.16,2677.96,250328
1739772000000,96242.66,96905.1,250328,2670.91,2685.7,250328
1739775600000,96376.77,97057.7,250328,2686.28,2702.45,250328
1739779200000,96068.22,96760.6,250328,2681.59,2698.48,250328
1739782800000,96144.03,96815.8,250328,2714.6,2731.05,250328
1739786400000,96166.26,96839.9,250328,2733.12,2750.84,250328
1739790000000,96106.17,96785.1,250328,2749.95,2768.58,250328
1739793600000,96063.18,96729.7,250328,2755.2,2773.62,250328
1739797200000,96457.76,97168.9,250328,2766.22,2785.26,250328
1739800800000,96411.95,97109.3,250328,2776.59,2794.1,250328
1739804400000,96799.99,97483.3,250328,2826.6,2846.24,250328
1739808000000,95659.46,96338.7,250328,2755.72,2774.0,250328
1739811600000,95334.75,96044.1,250328,2726.0,2745.73,250328
1739815200000,95479.78,96132.0,250328,2732.6,2751.14,250328
1739818800000,95340.83,95980.0,250328,2700.99,2718.84,250328
1739822400000,95531.36,96208.9,250328,2717.72,2736.96,250328
1739826000000,95971.36,96663.8,250328,2732.49,2753.0,250328
1739829600000,96409.33,97087.4,250328,2776.59,2795.52,250328
1739833200000,95875.48,96531.1,250328,2737.6,2755.88,250328
1739836800000,95780.0,96449.9,250328,2744.05,2762.03,250328
1739840400000,95637.93,96297.9,250328,2720.99,2737.9,250328
1739844000000,96266.24,96916.7,250328,2736.47,2755.73,250328
1739847600000,96064.47,96713.8,250328,2713.49,2731.99,250328
1739851200000,96200.0,96832.8,250328,2712.08,2728.31,250328
1739854800000,96070.81,96703.6,250328,2701.89,2718.65,250328
1739858400000,95609.49,96201.7,250328,2677.63,2693.7,250328
1739862000000,95382.75,96007.6,250328,2663.24,2679.99,250328
1739865600000,95456.93,96082.1,250328,2672.51,2688.62,250328
1739869200000,95238.89,95887.9,250328,2667.8,2683.84,250328
1739872800000,95775.95,96426.2,250328,2697.27,2712.43,250328
1739876400000,95742.5,96394.5,250328,2695.24,2712.18,250328
1739880000000,95640.34,96279.7,250328,2679.26,2695.7,250328
1739883600000,96194.0,96835.4,250328,2703.5,2720.54,250328
1739887200000,96230.0,96885.7,250328,2702.99,2719.66,250328
1739890800000,95536.83,96181.0,250328,2688.62,2704.88,250328
1739894400000,95546.48,96191.3,250328,2673.7,2690.16,250328
1739898000000,94639.98,95266.9,250328,2635.41,2651.09,250328
1739901600000,94102.16,94719.4,250328,2619.76,2635.63,250328
1739905200000,93924.03,94521.0,250328,2631.72,2648.43,250328
1739908800000,94104.14,94719.0,250328,2630.37,2646.4,250328
1739912400000,94196.02,94770.3,250328,2630.9,2646.91,250328
1739916000000,95065.46,95679.7,250328,2652.78,2668.09,250328
1739919600000,95304.43,95938.4,250328,2655.85,2673.38,250328
1739923200000,95671.74,96274.5,250328,2671.99,2687.27,250328
1739926800000,95330.15,95938.2,250328,2669.89,2685.54,250328
1739930400000,95479.99,96071.2,250328,2669.88,2685.42,250328
1739934000000,95831.76,96398.7,250328,2691.3,2707.5,250328
1739937600000,95710.26,96284.1,250328,2694.02,2709.2,250328
1739941200000,95213.85,95864.9,250328,2666.19,2681.81,250328
1739944800000,95289.33,95875.3,250328,2687.21,2703.03,250328
1739948400000,95616.31,96234.9,250328,2698.78,2715.1,250328
1739952000000,95687.71,96319.3,250328,2708.38,2724.78,250328
1739955600000,95629.99,96279.1,250328,2707.88,2725.24,250328
1739959200000,95937.4,96595.3,250328,2724.22,2741.21,250328
1739962800000,96330.32,96981.9,250328,2726.19,2742.79,250328
1739966400000,96422.6,97098.9,250328,2726.93,2743.23,250328
1739970000000,96166.44,96848.8,250328,2704.06,2721.72,250328
1739973600000,96277.54,96947.0,250328,2717.98,2733.91,250328
1739977200000,95766.33,96421.8,250328,2690.9,2707.88,250328
1739980800000,95943.74,96585.7,250328,2696.99,2712.98,250328
1739984400000,96300.0,96953.9,250328,2711.55,2727.19,250328
1739988000000,96389.57,97035.3,250328,2710.95,2727.16,250328
1739991600000,95670.54,96305.7,250328,2699.78,2715.94,250328
1739995200000,96206.54,96806.0,250328,2712.03,2727.87,250328
1739998800000,96180.72,96726.0,250328,2721.04,2736.32,250328
1740002400000,96315.64,96832.9,250328,2710.01,2724.41,250328
1740006000000,96539.85,97107.3,250328,2721.41,2737.28,250328
1740009600000,96644.37,97202.3,250328,2715.5,2731.79,250328
1740013200000,96853.98,97413.2,250328,2729.0,2744.8,250328
1740016800000,96767.67,97295.0,250328,2719.49,2733.37,250328
1740020400000,97134.52,97729.0,250328,2741.74,2756.74,250328
1740024000000,97055.25,97653.9,250328,2741.77,2756.79,250328
1740027600000,97224.46,97839.3,250328,2739.14,2753.89,250328
1740031200000,96909.99,97494.5,250328,2732.06,2747.31,250328
1740034800000,96907.99,97480.7,250328,2730.61,2743.97,250328
1740038400000,96867.92,97476.3,250328,2730.22,2745.81,250328
1740042000000,97150.01,97761.0,250328,2733.04,2747.97,250328
1740045600000,97184.63,97770.6,250328,2725.86,2739.77,250328
1740049200000,97373.98,97942.0,250328,2745.51,2760.0,250328
1740052800000,97207.92,97782.8,250328,2740.71,2755.74,250328
1740056400000,97428.36,98024.1,250328,2742.1,2756.78,250328
1740060000000,97562.19,98139.5,250328,2745.91,2759.5,250328
1740063600000,96966.91,97550.1,250328,2729.19,2743.3,250328
1740067200000,96903.77,97437.0,250328,2712.6,2724.45,250328
1740070800000,97550.73,98124.8,250328,2713.36,2728.11,250328
1740074400000,97954.95,98585.9,250328,2735.37,2749.97,250328
1740078000000,98295.08,98901.5,250328,2737.7,2753.1,250328
1740081600000,98422.8,99042.6,250328,2747.77,2762.92,250328
1740085200000,98453.61,99110.1,250328,2749.69,2764.96,250328
1740088800000,98089.46,98745.8,250328,2726.0,2742.75,250328
1740092400000,98134.95,98770.5,250328,2728.55,2744.9,250328
1740096000000,98305.0,98929.5,250328,2738.04,2754.68,250328
1740099600000,98236.32,98875.0,250328,2735.33,2752.68,250328
1740103200000,98312.0,98950.8,250328,2741.21,2757.22,250328
1740106800000,98111.12,98780.1,250328,2736.57,2752.88,250328
1740110400000,98141.99,98806.0,250328,2744.2,2760.25,250328
1740114000000,98204.01,98827.3,250328,2751.27,2765.05,250328
1740117600000,98333.58,98986.1,250328,2755.99,2771.85,250328
1740121200000,98409.99,99056.7,250328,2761.21,2777.13,250328
1740124800000,98179.76,98826.9,250328,2756.32,2770.91,250328
1740128400000,98213.41,98858.0,250328,2751.0,2766.55,250328
1740132000000,98337.7,99003.3,250328,2782.31,2798.88,250328
1740135600000,98612.0,99265.9,250328,2801.02,2818.05,250328
1740139200000,98629.3,99284.2,250328,2788.73,2805.97,250328
1740142800000,98904.0,99574.5,250328,2806.57,2823.26,250328
1740146400000,99334.93,100004.8,250328,2836.32,2853.7,250328
1740150000000,98777.77,99451.9,250328,2807.0,2824.62,250328
1740153600000,98104.04,98725.0,250328,2723.31,2739.35,250328
1740157200000,98215.81,98868.8,250328,2736.78,2754.84,250328
1740160800000,96971.9,97486.3,250328,2672.65,2686.91,250328
1740164400000,96543.52,97042.9,250328,2679.22,2691.55,250328
1740168000000,95285.11,95751.1,250328,2640.19,2651.8,250328
1740171600000,95066.25,95519.7,250328,2633.6,2645.31,250328
1740175200000,95395.03,95875.2,250328,2642.6,2654.4,250328
1740178800000,95823.53,96361.9,250328,2643.54,2657.19,250328
1740182400000,96181.98,96723.9,250328,2663.0,2675.0,250328
1740186000000,96185.9,96728.6,250328,2678.76,2690.29,250328
1740189600000,96233.2,96727.7,250328,2684.05,2695.23,250328
1740193200000,96343.22,96826.8,250328,2682.74,2696.89,250328
1740196800000,96299.07,96858.0,250328,2675.37,2687.68,250328
1740200400000,96387.36,96960.2,250328,2681.23,2694.46,250328
1740204000000,96509.83,97067.9,250328,2690.68,2704.44,250328
1740207600000,96395.18,96991.4,250328,2684.79,2698.8,250328
1740211200000,96288.09,96869.8,250328,2684.56,2698.05,250328
1740214800000,96219.8,96775.8,250328,2691.0,2705.1,250328
1740218400000,96493.95,97070.2,250328,2715.02,2730.18,250328
1740222000000,96500.16,97070.0,250328,2733.5,2748.78,250328
1740225600000,96580.0,97157.4,250328,2732.99,2748.56,250328
1740229200000,96823.94,97405.2,250328,2739.13,2754.79,250328
1740232800000,96566.03,97116.5,250328,2722.71,2737.69,250328
1740236400000,96535.9,97081.7,250328,2737.23,2751.06,250328
1740240000000,96592.0,97145.3,250328,2775.68,2790.27,250328
1740243600000,96504.01,97082.6,250328,2774.5,2789.23,250328
1740247200000,96639.38,97194.7,250328,2785.08,2800.79,250328
1740250800000,96449.99,97015.7,250328,2762.99,2777.47,250328
1740254400000,96639.99,97183.9,250328,2770.09,2784.67,250328
1740258000000,96578.01,97149.5,250328,2770.68,2785.67,250328
1740261600000,96658.57,97209.7,250328,2765.97,2780.54,250328
1740265200000,96634.06,97189.2,250328,2767.59,2783.35,250328
1740268800000,96551.01,97104.1,250328,2763.22,2778.63,250328
1740272400000,96643.46,97156.1,250328,2771.51,2785.51,250328
1740276000000,96452.83,96977.7,250328,2764.49,2780.02,250328
1740279600000,96410.27,96928.5,250328,2750.22,2766.14,250328
1740283200000,96414.0,96932.3,250328,2752.77,2766.96,250328
1740286800000,96395.88,96900.8,250328,2763.15,2776.6,250328
1740290400000,96208.62,96712.2,250328,2781.96,2795.66,250328
1740294000000,96342.91,96855.1,250328,2794.5,2808.34,250328
1740297600000,96508.85,97059.2,250328,2825.2,2839.88,250328
1740301200000,96364.32,96913.0,250328,2806.39,2820.83,250328
1740304800000,96286.02,96821.0,250328,2807.7,2822.96,250328
1740308400000,96193.88,96718.3,250328,2806.3,2821.55,250328
1740312000000,96115.99,96650.4,250328,2797.48,2812.81,250328
1740315600000,95732.93,96236.8,250328,2789.99,2803.2,250328
1740319200000,95977.96,96511.7,250328,2812.56,2826.4,250328
1740322800000,95593.89,96150.5,250328,2791.04,2807.48,250328
1740326400000,95436.18,95985.2,250328,2783.0,2797.36,250328
1740330000000,95420.5,95979.3,250328,2806.18,2820.24,250328
1740333600000,95656.78,96196.8,250328,2814.5,2829.8,250328
1740337200000,95740.0,96290.8,250328,2808.89,2823.06,250328
1740340800000,95755.99,96289.8,250328,2807.97,2822.72,250328
1740344400000,95777.7,96319.0,250328,2806.56,2821.71,250328
1740348000000,95755.25,96297.6,250328,2807.8,2823.67,250328
1740351600000,95787.13,96327.1,250328,2803.53,2818.9,250328
1740355200000,96258.0,96818.1,250328,2819.69,2835.19,250328
1740358800000,96247.35,96789.4,250328,2805.49,2819.79,250328
1740362400000,95971.24,96498.7,250328,2790.99,2804.02,250328
1740366000000,95829.35,96301.2,250328,2777.38,2790.72,250328
1740369600000,95433.21,95970.2,250328,2718.08,2731.27,250328
1740373200000,95298.0,95812.4,250328,2700.48,2713.63,250328
1740376800000,95727.39,96219.2,250328,2731.64,2745.51,250328
1740380400000,95864.31,96366.7,250328,2731.0,2742.9,250328
1740384000000,95872.02,96376.5,250328,2722.01,2734.99,250328
1740387600000,95509.49,95976.9,250328,2681.6,2693.72,250328
1740391200000,95765.76,96292.1,250328,2696.75,2711.53,250328
1740394800000,95631.66,96134.9,250328,2684.41,2696.0,250328
1740398400000,95821.45,96309.0,250328,2689.99,2701.84,250328
1740402000000,95798.46,96277.5,250328,2679.21,2693.66,250328
1740405600000,95594.57,96115.3,250328,2674.46,2686.95,250328
1740409200000,94674.44,95189.8,250328,2656.71,2669.34,250328
1740412800000,94323.95,94805.3,250328,2658.77,2672.72,250328
1740416400000,94434.49,94885.9,250328,2661.49,2674.34,250328
1740420000000,94644.0,95129.6,250328,2664.41,2679.63,250328
1740423600000,94161.67,94654.4,250328,2650.49,2664.12,250328
1740427200000,93943.51,94424.0,250328,2641.26,2654.34,250328
1740430800000,94020.0,94504.5,250328,2643.0,2656.19,250328
1740434400000,93979.44,94461.2,250328,2636.79,2650.08,250328
1740438000000,92432.06,92845.5,250328,2508.2,2519.19,250328
1740441600000,91552.88,92029.4,250328,2513.52,2525.42,250328
1740445200000,91857.29,92304.2,250328,2499.1,2510.62,250328
1740448800000,92018.41,92508.1,250328,2494.91,2507.88,250328
1740452400000,92376.68,92857.2,250328,2513.54,2526.04,250328
1740456000000,92153.93,92639.5,250328,2495.21,2506.04,250328
1740459600000,91900.01,92400.0,250328,2491.79,2504.64,250328
1740463200000,92070.34,92525.9,250328,2506.05,2517.85,250328
1740466800000,91275.99,91739.3,250328,2480.71,2493.03,250328
1740470400000,89320.01,89803.4,250328,2368.11,2381.21,250328
1740474000000,89400.53,89836.4,250328,2396.99,2408.74,250328
1740477600000,88303.73,88758.1,250328,2383.54,2394.63,250328
1740481200000,88213.77,88652.1,250328,2394.99,2405.9,250328
1740484800000,89239.39,89642.4,250328,2433.69,2443.13,250328
1740488400000,89395.98,89827.0,250328,2437.39,2448.02,250328
1740492000000,88826.11,89284.5,250328,2412.76,2422.89,250328
1740495600000,87157.25,87596.6,250328,2379.02,2388.56,250328
1740499200000,87231.26,87695.9,250328,2409.8,2419.84,250328
1740502800000,87460.0,87971.0,250328,2417.57,2428.17,250328
1740506400000,87259.99,87718.9,250328,2421.19,2433.0,250328
1740510000000,87070.07,87512.5,250328,2424.35,2435.49,250328
1740513600000,87947.25,88409.1,250328,2471.91,2483.27,250328
1740517200000,88161.03,88688.5,250328,2493.37,2505.23,250328
1740520800000,88821.0,89291.5,250328,2513.83,2525.14,250328
1740524400000,88807.64,89321.6,250328,2510.95,2522.17,250328
1740528000000,88680.4,89200.1,250328,2495.7,2506.21,250328
1740531600000,88150.0,88630.2,250328,2475.1,2485.82,250328
1740535200000,88705.66,89192.1,250328,2486.34,2497.87,250328
1740538800000,89018.87,89548.5,250328,2498.51,2510.97,250328
1740542400000,88900.0,89390.0,250328,2490.6,2502.37,250328
1740546000000,88693.95,89208.4,250328,2489.7,2500.85,250328
1740549600000,88423.6,88901.2,250328,2475.48,2487.32,250328
1740553200000,88920.18,89399.4,250328,2500.89,2511.55,250328
1740556800000,88720.02,89205.5,250328,2483.81,2494.87,250328
1740560400000,88484.54,88943.0,250328,2464.39,2476.46,250328
1740564000000,89115.98,89582.9,250328,2490.25,2500.46,250328
1740567600000,89262.66,89735.7,250328,2494.02,2504.77,250328
1740571200000,88616.8,89093.7,250328,2464.79,2475.0,250328
1740574800000,87938.81,88426.9,250328,2433.11,2444.73,250328
1740578400000,87191.99,87661.5,250328,2416.8,2427.73,250328
1740582000000,87621.22,88141.5,250328,2435.88,2447.0,250328
1740585600000,87567.53,88047.2,250328,2428.47,2440.72,250328
1740589200000,86805.99,87303.5,250328,2398.69,2411.97,250328
1740592800000,86051.33,86509.3,250328,2367.01,2379.9,250328
1740596400000,84258.94,84720.4,250328,2293.23,2304.96,250328
1740600000000,83856.99,84345.3,250328,2296.29,2308.1,250328
1740603600000,84385.89,84855.0,250328,2339.77,2351.06,250328
1740607200000,84610.86,85067.1,250328,2343.92,2355.28,250328
1740610800000,84433.51,84925.5,250328,2349.0,2360.66,250328
1740614400000,84250.09,84650.2,250328,2336.37,2348.94,250328
1740618000000,84742.39,85164.6,250328,2337.88,2349.92,250328
1740621600000,84763.25,85157.1,250328,2344.51,2356.26,250328
1740625200000,84295.2,84683.2,250328,2334.79,2344.7,250328
1740628800000,85226.32,85642.9,250328,2332.11,2344.34,250328
1740632400000,85161.93,85573.5,250328,2311.5,2322.75,250328
1740636000000,85883.13,86304.4,250328,2341.57,2352.66,250328
1740639600000,86265.84,86684.9,250328,2348.83,2360.38,250328
1740643200000,86272.01,86723.6,250328,2356.13,2368.05,250328
1740646800000,86078.47,86514.5,250328,2352.26,2364.02,250328
1740650400000,86169.81,86603.6,250328,2359.23,2371.18,250328
1740654000000,87013.46,87481.1,250328,2378.17,2390.54,250328
1740657600000,86698.6,87139.9,250328,2353.82,2366.23,250328
1740661200000,86330.59,86765.7,250328,2347.09,2359.36,250328
1740664800000,86117.57,86561.2,250328,2336.89,2348.06,250328
1740668400000,84968.65,85449.4,250328,2308.6,2321.16,250328
1740672000000,85500.84,85971.6,250328,2323.31,2334.99,250328
1740675600000,84471.69,84921.5,250328,2295.89,2307.97,250328
1740679200000,84597.0,85039.5,250328,2322.18,2334.2,250328
1740682800000,84640.0,85107.9,250328,2326.99,2336.93,250328
1740686400000,84113.98,84566.1,250328,2292.41,2303.83,250328
1740690000000,83524.98,83992.5,250328,2256.45,2268.9,250328
1740693600000,84409.18,84880.7,250328,2282.77,2294.25,250328
1740697200000,84716.34,85208.9,250328,2291.9,2304.24,250328
1740700800000,84708.58,85209.5,250328,2307.72,2318.63,250328
1740704400000,84258.65,84777.3,250328,2294.8,2307.01,250328
1740708000000,81661.55,82160.8,250328,2193.56,2205.6,250328
1740711600000,80805.5,81305.9,250328,2167.86,2179.7,250328
1740715200000,80452.44,80936.6,250328,2147.49,2159.11,250328
1740718800000,80410.5,80906.8,250328,2136.71,2148.77,250328
1740722400000,79973.79,80471.0,250328,2131.5,2145.04,250328
1740726000000,79344.56,79815.1,250328,2109.15,2121.37,250328
1740729600000,79204.59,79674.7,250328,2106.2,2117.62,250328
1740733200000,78975.99,79418.1,250328,2120.21,2130.96,250328
1740736800000,80343.11,80777.0,250328,2143.63,2154.43,250328
1740740400000,80011.02,80490.1,250328,2117.09,2128.19,250328
1740744000000,80513.38,81013.8,250328,2125.8,2137.5,250328
1740747600000,80779.61,81289.7,250328,2120.44,2133.34,250328
1740751200000,81512.42,81975.8,250328,2151.71,2163.41,250328
1740754800000,82105.05,82552.9,250328,2166.41,2180.56,250328
1740758400000,84005.05,84489.0,250328,2223.01,2234.76,250328
1740762000000,84363.69,84826.7,250328,2222.51,2234.65,250328
1740765600000,83605.12,84148.7,250328,2209.3,2221.51,250328
1740769200000,84440.97,84963.7,250328,2228.11,2242.46,250328
1740772800000,84449.99,84938.0,250328,2230.15,2242.47,250328
1740776400000,84191.27,84610.2,250328,2216.13,2228.64,250328
1740780000000,84258.37,84781.8,250328,2225.3,2238.0,250328
1740783600000,84149.98,84638.3,250328,2216.58,2227.41,250328
1740787200000,84349.94,84811.3,250328,2237.59,2248.11,250328
1740790800000,83857.92,84368.2,250328,2216.16,2228.02,250328
1740794400000,84656.93,85187.1,250328,2253.2,2265.92,250328
1740798000000,85240.46,85753.3,250328,2256.19,2268.77,250328
1740801600000,85330.84,85820.5,250328,2262.98,2276.23,250328
1740805200000,86190.01,86761.2,250328,2270.48,2283.21,250328
1740808800000,85588.19,86115.6,250328,2255.9,2268.75,250328
1740812400000,85075.62,85583.7,250328,2236.49,2250.0,250328
1740816000000,84740.15,85276.9,250328,2229.24,2240.9,250328
1740819600000,85303.37,85840.1,250328,2234.78,2248.43,250328
1740823200000,85380.0,85892.6,250328,2233.4,2245.94,250328
1740826800000,84900.01,85390.3,250328,2204.8,2217.93,250328
1740830400000,84632.79,85135.8,250328,2184.42,2196.33,250328
1740834000000,84758.86,85247.6,250328,2181.3,2193.42,250328
1740837600000,84532.24,84999.9,250328,2152.69,2163.79,250328
1740841200000,84713.99,85174.3,250328,2163.31,2175.36,250328
1740844800000,84800.0,85265.6,250328,2173.29,2184.92,250328
1740848400000,85274.82,85730.9,250328,2209.94,2220.81,250328
1740852000000,85214.7,85668.6,250328,2197.02,2208.46,250328
1740855600000,85327.57,85783.7,250328,2212.11,2224.01,250328
1740859200000,85485.41,85925.6,250328,2223.31,2235.12,250328
1740862800000,85537.73,85965.5,250328,2225.3,2235.39,250328
1740866400000,86076.86,86554.4,250328,2229.53,2239.92,250328
1740870000000,86116.35,86574.0,250328,2214.99,2226.04,250328
1740873600000,86064.53,86521.3,250328,2217.39,2228.98,250328
1740877200000,86026.62,86456.9,250328,2215.49,2226.51,250328
1740880800000,86354.93,86783.8,250328,2220.53,2232.32,250328
1740884400000,85774.01,86180.8,250328,2209.81,2220.58,250328
1740888000000,85873.07,86313.7,250328,2220.18,2230.99,250328
1740891600000,85752.8,86201.7,250328,2227.11,2237.83,250328
1740895200000,85957.51,86393.9,250328,2229.5,2240.26,250328
1740898800000,86277.65,86730.4,250328,2222.96,2234.37,250328
1740902400000,86232.42,86686.4,250328,2221.4,2232.51,250328
1740906000000,85754.71,86167.8,250328,2212.59,2223.91,250328
1740909600000,85901.3,86330.2,250328,2242.2,2252.97,250328
1740913200000,86006.0,86383.6,250328,2246.01,2257.31,250328
1740916800000,86105.89,86505.4,250328,2238.88,2249.81,250328
1740920400000,85986.18,86394.7,250328,2232.9,2243.93,250328
1740924000000,85710.81,86121.1,250328,2212.31,2223.31,250328
1740927600000,85107.45,85534.4,250328,2196.23,2207.32,250328
1740931200000,87427.99,87848.0,250328,2229.51,2240.61,250328
1740934800000,91200.0,91526.1,250328,2442.55,2451.41,250328
1740938400000,94093.75,94427.0,250328,2480.49,2489.8,250328
1740942000000,92794.19,93104.0,250328,2474.69,2481.0,250328
1740945600000,93522.0,93829.6,250328,2486.42,2494.54,250328
1740949200000,94330.0,94632.6,250328,2510.8,2518.9,250328
1740952800000,94298.0,94636.3,250328,2525.01,2533.6,250328
1740956400000,94247.4,94538.7,250328,2538.62,2546.45,250328
1740960000000,94270.0,94602.1,250328,2518.11,2526.2,250328
1740963600000,93314.89,93602.6,250328,2465.52,2473.03,250328
1740967200000,93084.64,93403.9,250328,2458.8,2467.69,250328
1740970800000,93318.24,93636.9,250328,2447.48,2456.67,250328
1740974400000,92709.98,93057.5,250328,2441.15,2449.4,250328
1740978000000,92866.0,93197.8,250328,2450.32,2458.92,250328
1740981600000,93344.0,93666.1,250328,2449.94,2458.61,250328
1740985200000,91645.99,91987.5,250328,2372.68,2381.69,250328
1740988800000,92363.58,92702.6,250328,2387.01,2395.78,250328
1740992400000,91477.54,91808.4,250328,2345.41,2355.0,250328
1740996000000,91847.76,92194.9,250328,2347.51,2356.88,250328
1740999600000,92546.77,92899.3,250328,2359.19,2368.53,250328
1741003200000,92739.99,93066.7,250328,2356.16,2365.37,250328
1741006800000,93027.34,93365.5,250328,2367.69,2375.28,250328
1741010400000,93586.83,93918.5,250328,2376.88,2385.87,250328
1741014000000,89278.88,89561.5,250328,2274.81,2280.92,250328
1741017600000,90035.37,90429.7,250328,2287.24,2297.85,250328
1741021200000,90154.0,90529.8,250328,2276.93,2286.01,250328
1741024800000,90300.01,90700.6,250328,2277.21,2287.28,250328
1741028400000,87132.8,87561.5,250328,2193.33,2203.83,250328
1741032000000,85606.0,85966.7,250328,2109.88,2118.04,250328
1741035600000,86074.0,86433.4,250328,2129.16,2138.09,250328
1741039200000,85374.33,85736.9,250328,2111.82,2120.7,250328
1741042800000,86650.96,87037.5,250328,2166.41,2175.31,250328
1741046400000,86220.61,86578.4,250328,2149.01,2157.93,250328
1741050000000,86046.43,86391.2,250328,2125.21,2134.29,250328
1741053600000,83380.55,83762.5,250328,2056.46,2063.95,250328
1741057200000,83936.41,84301.3,250328,2067.61,2075.18,250328
1741060800000,83983.72,84374.9,250328,2074.89,2082.75,250328
1741064400000,83416.95,83728.4,250328,2082.04,2090.33,250328
1741068000000,84273.99,84648.6,250328,2106.94,2115.65,250328
1741071600000,83883.58,84225.1,250328,2097.66,2107.57,250328
1741075200000,83186.4,83576.9,250328,2080.41,2089.06,250328
1741078800000,83893.09,84282.9,250328,2099.03,2106.86,250328
1741082400000,83748.0,84112.3,250328,2087.77,2095.72,250328
1741086000000,83971.93,84336.7,250328,2100.34,2108.31,250328
1741089600000,83937.94,84344.7,250328,2101.36,2110.36,250328
1741093200000,83763.73,84164.9,250328,2103.8,2112.6,250328
1741096800000,82804.0,83194.5,250328,2064.21,2072.72,250328
1741100400000,83201.41,83569.2,250328,2078.81,2085.06,250328
1741104000000,82985.06,83349.2,250328,2074.49,2083.02,250328
1741107600000,83555.37,83893.4,250328,2062.25,2070.53,250328
1741111200000,85443.89,85802.3,250328,2118.91,2127.75,250328
1741114800000,86764.24,87101.6,250328,2148.06,2156.98,250328
1741118400000,88206.19,88563.6,250328,2172.65,2180.88,250328
1741122000000,86825.27,87061.4,250328,2139.05,2146.51,250328
1741125600000,87517.49,87810.6,250328,2177.89,2185.13,250328
1741129200000,87486.0,87776.7,250328,2166.5,2174.26,250328
1741132800000,87281.98,87552.5,250328,2171.51,2177.92,250328
1741136400000,86800.36,87099.1,250328,2165.1,2172.77,250328
1741140000000,87643.11,87920.7,250328,2189.76,2197.09,250328
1741143600000,87466.55,87807.9,250328,2179.3,2186.53,250328
1741147200000,86843.4,87146.8,250328,2160.89,2167.31,250328
1741150800000,86915.94,87202.5,250328,2173.19,2180.38,250328
1741154400000,87145.98,87436.2,250328,2179.87,2187.49,250328
1741158000000,87490.12,87787.4,250328,2190.37,2198.19,250328
1741161600000,87619.49,87985.9,250328,2207.0,2215.59,250328
1741165200000,87760.0,88068.3,250328,2213.57,2220.93,250328
1741168800000,88469.01,88778.1,250328,2238.99,2246.93,250328
1741172400000,89926.07,90212.5,250328,2237.98,2245.18,250328
1741176000000,89814.26,90147.7,250328,2217.72,2226.25,250328
1741179600000,90355.97,90639.5,250328,2217.99,2225.86,250328
1741183200000,89473.92,89762.1,250328,2202.53,2210.15,250328
1741186800000,88519.93,88819.0,250328,2171.17,2179.0,250328
1741190400000,88344.25,88640.2,250328,2186.82,2194.19,250328
1741194000000,88926.53,89221.6,250328,2190.42,2197.83,250328
1741197600000,89687.99,90008.7,250328,2194.84,2202.26,250328
1741201200000,89712.0,90034.0,250328,2205.15,2212.43,250328
1741204800000,89750.0,90053.2,250328,2218.3,2224.55,250328
1741208400000,90499.64,90832.5,250328,2231.39,2238.11,250328
1741212000000,90377.54,90593.5,250328,2235.21,2242.26,250328
1741215600000,90449.46,90781.0,250328,2237.38,2244.43,250328
1741219200000,90606.01,90908.3,250328,2241.59,2248.66,250328
1741222800000,90046.34,90372.8,250328,2238.49,2246.06,250328
1741226400000,91057.19,91324.6,250328,2263.49,2270.0,250328
1741230000000,91812.0,92127.3,250328,2284.63,2291.5,250328
1741233600000,91605.01,91888.6,250328,2289.79,2296.81,250328
1741237200000,92287.45,92601.3,250328,2299.3,2307.04,250328
1741240800000,92737.98,93033.4,250328,2313.71,2321.26,250328
1741244400000,91916.0,92218.9,250328,2292.0,2298.55,250328
1741248000000,91346.48,91664.4,250328,2286.0,2294.51,250328
1741251600000,91156.08,91478.1,250328,2293.55,2301.46,250328
1741255200000,90752.14,91061.6,250328,2284.27,2291.61,250328
1741258800000,91290.88,91565.8,250328,2294.16,2302.92,250328
1741262400000,91350.0,91644.0,250328,2297.59,2305.27,250328
1741266000000,90102.02,90518.4,250328,2267.61,2277.39,250328
1741269600000,89569.13,89878.3,250328,2246.29,2253.54,250328
1741273200000,89803.99,90106.2,250328,2225.0,2232.0,250328
1741276800000,90820.69,91108.3,250328,2257.49,2264.5,250328
1741280400000,89316.02,89608.3,250328,2222.26,2228.31,250328
1741284000000,88628.01,88908.5,250328,2191.2,2198.29,250328
1741287600000,88428.41,88745.4,250328,2201.61,2209.22,250328
1741291200000,88526.18,88814.8,250328,2198.34,2204.63,250328
1741294800000,89045.44,89329.6,250328,2200.38,2206.85,250328
1741298400000,89939.0,90164.4,250328,2213.71,2219.21,250328
1741302000000,90313.66,90547.2,250328,2211.39,2218.3,250328
1741305600000,89931.89,90210.2,250328,2202.2,2209.9,250328
1741309200000,85529.22,85785.0,250328,2117.71,2124.78,250328
1741312800000,88263.85,88531.3,250328,2175.0,2182.09,250328
1741316400000,87235.0,87500.0,250328,2155.63,2162.26,250328
1741320000000,86991.25,87254.1,250328,2147.89,2154.07,250328
1741323600000,87636.41,87898.7,250328,2155.5,2161.79,250328
1741327200000,88221.21,88493.8,250328,2174.79,2181.27,250328
1741330800000,88208.23,88499.9,250328,2182.31,2188.93,250328
1741334400000,88365.18,88646.7,250328,2192.41,2199.63,250328
1741338000000,88365.78,88682.9,250328,2185.43,2193.32,250328
1741341600000,88933.7,89204.7,250328,2193.46,2200.92,250328
1741345200000,89263.4,89494.4,250328,2196.9,2203.12,250328
1741348800000,88966.96,89207.4,250328,2197.49,2203.09,250328
1741352400000,89051.13,89291.3,250328,2178.42,2185.01,250328
1741356000000,89135.98,89372.9,250328,2188.53,2195.28,250328
1741359600000,90440.74,90688.8,250328,2221.65,2228.24,250328
1741363200000,88457.99,88712.6,250328,2209.68,2216.21,250328
1741366800000,87237.37,87460.1,250328,2158.41,2165.02,250328
1741370400000,87685.99,87906.6,250328,2162.31,2169.74,250328
1741374000000,88589.33,88823.4,250328,2194.84,2202.12,250328
1741377600000,87820.1,88094.3,250328,2178.34,2185.26,250328
1741381200000,86987.72,87258.3,250328,2157.51,2164.99,250328
1741384800000,86314.63,86548.1,250328,2139.49,2147.87,250328
1741388400000,86745.15,86998.4,250328,2144.59,2151.53,250328
1741392000000,86801.75,87091.7,250328,2141.6,2149.22,250328
1741395600000,86726.8,87015.0,250328,2152.19,2159.48,250328
1741399200000,86105.99,86372.5,250328,2133.08,2140.16,250328
1741402800000,86180.19,86446.4,250328,2143.79,2151.28,250328
1741406400000,85919.12,86212.1,250328,2137.8,2145.29,250328
1741410000000,86444.53,86732.0,250328,2150.01,2157.65,250328
1741413600000,86279.12,86544.5,250328,2140.21,2147.27,250328
1741417200000,86465.0,86734.7,250328,2139.48,2146.47,250328
1741420800000,86197.14,86438.9,250328,2137.88,2144.39,250328
1741424400000,86071.57,86319.7,250328,2128.52,2136.01,250328
1741428000000,85943.28,86173.8,250328,2129.82,2137.2,250328
1741431600000,86123.19,86360.8,250328,2139.61,2146.43,250328
1741435200000,85955.88,86196.2,250328,2141.95,2148.49,250328
1741438800000,86209.72,86433.6,250328,2168.59,2175.4,250328
1741442400000,86327.96,86561.7,250328,2190.21,2197.05,250328
1741446000000,86361.69,86588.4,250328,2178.81,2185.93,250328
1741449600000,86400.0,86623.5,250328,2181.4,2188.26,250328
1741453200000,86148.09,86368.6,250328,2189.99,2196.78,250328
1741456800000,85943.08,86188.9,250328,2198.93,2205.32,250328
1741460400000,86044.02,86278.4,250328,2208.69,2215.19,250328
1741464000000,86233.52,86468.0,250328,2224.6,2230.16,250328
1741467600000,86281.39,86522.0,250328,2212.99,2218.9,250328
1741471200000,86228.16,86456.3,250328,2216.31,2222.42,250328
1741474800000,86350.0,86606.6,250328,2207.51,2213.52,250328
1741478400000,86222.45,86424.9,250328,2203.58,2210.15,250328
1741482000000,86416.12,86655.6,250328,2206.22,2211.86,250328
1741485600000,86198.39,86418.0,250328,2191.21,2197.89,250328
1741489200000,86003.33,86233.7,250328,2182.0,2187.95,250328
1741492800000,86115.71,86359.8,250328,2186.01,2191.9,250328
1741496400000,86053.74,86328.4,250328,2189.49,2196.71,250328
1741500000000,86034.01,86263.5,250328,2182.89,2189.1,250328
1741503600000,85910.0,86142.6,250328,2179.9,2186.12,250328
1741507200000,86004.61,86253.7,250328,2185.07,2191.45,250328
1741510800000,85792.0,86010.0,250328,2176.1,2182.19,250328
1741514400000,85564.0,85811.9,250328,2165.79,2172.13,250328
1741518000000,84844.1,85082.2,250328,2134.1,2139.85,250328
1741521600000,85024.01,85248.1,250328,2146.7,2152.77,250328
1741525200000,84599.99,84843.6,250328,2141.81,2147.15,250328
1741528800000,83489.95,83731.3,250328,2104.48,2110.28,250328
1741532400000,83602.57,83852.7,250328,2117.5,2123.38,250328
1741536000000,83080.41,83307.2,250328,2097.03,2103.09,250328
1741539600000,82496.01,82715.9,250328,2049.41,2054.38,250328
1741543200000,82366.0,82577.5,250328,2023.93,2029.06,250328
1741546800000,82670.0,82879.0,250328,2021.21,2025.98,250328
1741550400000,82640.86,82756.7,250328,2040.47,2044.68,250328
1741554000000,83083.15,83256.1,250328,2047.03,2051.55,250328
1741557600000,81845.11,82044.9,250328,2024.51,2028.01,250328
1741561200000,80358.19,80495.9,250328,2010.05,2014.42,250328
1741564800000,80734.37,80906.5,250328,2020.41,2024.54,250328
1741568400000,81292.0,81485.6,250328,2036.48,2040.44,250328
1741572000000,81766.01,81908.8,250328,2043.42,2046.94,250328
1741575600000,82198.12,82385.1,250328,2057.91,2062.35,250328
1741579200000,82047.49,82265.1,250328,2057.89,2061.47,250328
1741582800000,82634.05,82855.3,250328,2072.7,2077.46,250328
1741586400000,82308.52,82502.0,250328,2064.18,2068.47,250328
1741590000000,82332.67,82526.7,250328,2067.1,2071.39,250328
1741593600000,82318.77,82506.1,250328,2075.29,2080.2,250328
1741597200000,81350.46,81564.6,250328,2062.1,2067.96,250328
1741600800000,82514.26,82693.9,250328,2102.02,2107.53,250328
1741604400000,82288.19,82496.9,250328,2099.73,2104.4,250328
1741608000000,83582.0,83730.0,250328,2128.12,2132.45,250328
1741611600000,83248.12,83480.3,250328,2125.76,2131.0,250328
1741615200000,81528.94,81752.0,250328,2083.63,2088.64,250328
1741618800000,79847.08,80057.5,250328,2018.96,2023.75,250328
1741622400000,80043.85,80244.0,250328,2017.83,2023.47,250328
1741626000000,79009.98,79237.2,250328,2005.29,2010.09,250328
1741629600000,78459.91,78707.3,250328,1917.49,1921.97,250328
1741633200000,77655.26,77856.8,250328,1825.43,1828.46,250328
1741636800000,79060.84,79274.1,250328,1869.3,1872.98,250328
1741640400000,79304.98,79527.2,250328,1869.18,1873.24,250328
1741644000000,79565.81,79767.8,250328,1887.3,1890.52,250328
1741647600000,79502.36,79724.0,250328,1880.02,1883.5,250328
1741651200000,78595.86,78774.5,250328,1865.1,1868.59,250328
1741654800000,77673.6,77899.2,250328,1813.96,1818.0,250328
1741658400000,79130.66,79347.9,250328,1858.66,1862.58,250328
1741662000000,79354.53,79595.0,250328,1859.69,1864.78,250328
1741665600000,79522.29,79776.4,250328,1849.78,1854.34,250328
1741669200000,79759.91,79992.6,250328,1869.06,1873.0,250328
1741672800000,80261.78,80493.6,250328,1893.6,1897.28,250328
1741676400000,80099.33,80342.7,250328,1884.83,1887.73,250328
1741680000000,80424.95,80700.0,250328,1904.1,1908.97,250328
1741683600000,81131.16,81380.9,250328,1907.5,1911.82,250328
1741687200000,81460.39,81677.4,250328,1917.29,1920.83,250328
1741690800000,81808.26,82028.8,250328,1921.72,1925.65,250328
1741694400000,81720.34,81943.7,250328,1914.12,1918.21,250328
1741698000000,81225.5,81432.6,250328,1894.9,1898.9,250328
1741701600000,80898.49,81113.5,250328,1903.31,1906.68,250328
1741705200000,79773.04,79987.3,250328,1866.89,1870.32,250328
1741708800000,81232.24,81445.8,250328,1914.49,1917.83,250328
1741712400000,81386.8,81607.4,250328,1918.2,1921.62,250328
1741716000000,81305.57,81524.2,250328,1904.91,1907.76,250328
1741719600000,83280.94,83479.4,250328,1953.13,1956.44,250328
1741723200000,83104.01,83275.5,250328,1951.91,1956.45,250328
1741726800000,82799.68,82997.1,250328,1936.7,1940.13,250328
1741730400000,83110.72,83315.1,250328,1940.4,1942.96,250328
1741734000000,83133.48,83330.0,250328,1943.7,1946.5,250328
1741737600000,82932.99,83124.9,250328,1923.43,1926.56,250328
1741741200000,82765.52,82944.4,250328,1911.9,1915.05,250328
1741744800000,83313.6,83478.2,250328,1920.6,1922.98,250328
1741748400000,82430.79,82629.2,250328,1895.89,1898.46,250328
1741752000000,82127.72,82301.8,250328,1868.9,1871.2,250328
1741755600000,81811.05,81989.9,250328,1866.8,1870.08,250328
1741759200000,81987.43,82182.4,250328,1878.53,1883.21,250328
1741762800000,81425.98,81634.8,250328,1873.11,1876.34,250328
1741766400000,82447.79,82656.2,250328,1911.26,1915.44,250328
1741770000000,82689.67,82888.6,250328,1928.1,1932.06,250328
1741773600000,82680.06,82875.7,250328,1894.1,1897.51,250328
1741777200000,82492.67,82673.3,250328,1900.33,1902.45,250328
1741780800000,83004.45,83226.4,250328,1916.84,1919.67,250328
1741784400000,84069.0,84246.8,250328,1929.58,1932.45,250328
1741788000000,82686.27,82860.2,250328,1887.53,1889.8,250328
1741791600000,81535.72,81714.4,250328,1860.8,1863.0,250328
1741795200000,81738.97,81919.2,250328,1869.85,1872.06,250328
1741798800000,81970.76,82167.8,250328,1871.64,1874.37,250328
1741802400000,81844.41,82017.5,250328,1867.81,1869.36,250328
1741806000000,82628.68,82829.8,250328,1878.65,1880.93,250328
1741809600000,82915.93,83090.4,250328,1878.25,1882.04,250328
1741813200000,83124.95,83318.3,250328,1891.76,1894.77,250328
1741816800000,83093.69,83256.1,250328,1894.64,1894.68,250328
1741820400000,83651.15,83869.3,250328,1910.61,1914.35,250328
1741824000000,83680.12,83849.8,250328,1908.2,1910.63,250328
1741827600000,83444.88,83631.8,250328,1899.96,1902.69,250328
1741831200000,83919.68,84099.9,250328,1907.01,1909.73,250328
1741834800000,83785.58,83946.6,250328,1889.9,1892.43,250328
1741838400000,83577.14,83743.8,250328,1886.87,1889.36,250328
1741842000000,83286.63,83452.7,250328,1873.79,1876.56,250328
1741845600000,83157.16,83325.5,250328,1867.83,1870.47,250328
1741849200000,83292.6,83437.0,250328,1869.63,1872.24,250328
1741852800000,83151.99,83317.2,250328,1872.23,1875.01,250328
1741856400000,82973.35,83154.2,250328,1875.51,1878.91,250328
1741860000000,83426.87,83607.0,250328,1891.04,1893.99,250328
1741863600000,83191.67,83357.1,250328,1900.2,1903.21,250328
1741867200000,82975.86,83151.2,250328,1900.24,1903.03,250328
1741870800000,82517.99,82638.9,250328,1897.02,1899.64,250328
1741874400000,81777.15,81927.5,250328,1871.47,1873.61,250328
1741878000000,82009.5,82174.3,250328,1884.55,1887.46,250328
1741881600000,81044.72,81196.7,250328,1875.41,1877.7,250328
1741885200000,80876.36,80928.7,250328,1857.67,1860.02,250328
1741888800000,80064.0,80219.5,250328,1826.95,1828.61,250328
1741892400000,80820.05,81034.1,250328,1851.89,1854.27,250328
1741896000000,80211.4,80417.5,250328,1851.82,1855.21,250328
1741899600000,80379.05,80547.7,250328,1842.72,1845.23,250328
1741903200000,80819.99,80963.9,250328,1862.29,1865.0,250328
1741906800000,81395.54,81596.9,250328,1879.2,1882.48,250328
1741910400000,81115.78,81284.9,250328,1864.59,1867.89,250328
1741914000000,81503.31,81691.0,250328,1874.6,1878.18,250328
1741917600000,81603.08,81783.2,250328,1881.6,1884.67,250328
1741921200000,82226.98,82417.9,250328,1892.64,1895.85,250328
1741924800000,81888.77,82071.4,250328,1889.29,1892.17,250328
1741928400000,81948.16,82108.5,250328,1890.81,1893.75,250328
1741932000000,82141.96,82300.9,250328,1895.33,1897.22,250328
1741935600000,82038.09,82199.4,250328,1895.16,1897.82,250328
1741939200000,82170.85,82359.2,250328,1893.07,1895.93,250328
1741942800000,82593.44,84209.3,250627,1895.01,1929.42,250627
1741946400000,82776.5,84368.4,250627,1894.56,1927.41,250627
1741950000000,83042.22,84637.4,250627,1898.15,1932.06,250627
1741953600000,83253.15,84856.4,250627,1902.4,1937.24,250627
1741957200000,83420.87,85028.0,250627,1902.79,1935.05,250627
1741960800000,83602.16,85143.4,250627,1904.87,1936.81,250627
1741964400000,83524.8,85128.2,250627,1919.49,1952.07,250627
1741968000000,84724.58,86320.5,250627,1922.2,1954.9,250627
1741971600000,84787.37,86350.7,250627,1936.44,1968.88,250627
1741975200000,84365.18,85911.9,250627,1934.8,1967.3,250627
1741978800000,84570.54,86139.0,250627,1935.02,1967.64,250627
1741982400000,84554.0,86177.2,250627,1934.16,1966.42,250627
1741986000000,84127.2,85654.6,250627,1924.89,1957.28,250627
1741989600000,84205.79,85738.7,250627,1922.49,1953.7,250627
1741993200000,84438.06,85943.3,250627,1926.85,1958.44,250627
1741996800000,83983.2,85486.6,250627,1911.65,1943.25,250627
1742000400000,84297.14,85862.2,250627,1915.44,1947.56,250627
1742004000000,84353.85,85889.6,250627,1911.4,1942.89,250627
1742007600000,84557.95,86105.2,250627,1914.01,1944.75,250627
1742011200000,84491.99,86027.5,250627,1920.44,1952.22,250627
1742014800000,84456.57,85999.1,250627,1931.7,1963.89,250627
1742018400000,84266.26,85816.0,250627,1928.6,1960.3,250627
1742022000000,84183.28,85758.3,250627,1928.92,1960.12,250627
1742025600000,83827.31,85356.1,250627,1917.66,1950.17,250627
1742029200000,83891.36,85375.3,250627,1921.79,1953.36,250627
1742032800000,83966.95,85446.7,250627,1925.84,1957.24,250627
1742036400000,83912.19,85388.1,250627,1927.4,1959.11,250627
1742040000000,84103.74,85566.5,250627,1929.0,1960.19,250627
1742043600000,84136.53,85586.2,250627,1923.0,1954.48,250627
1742047200000,84460.0,85864.0,250627,1931.16,1962.17,250627
1742050800000,84131.75,85585.4,250627,1926.75,1957.89,250627
1742054400000,84346.02,85736.6,250627,1937.83,1969.18,250627
1742058000000,84362.91,85728.6,250627,1937.78,1969.5,250627
1742061600000,84422.25,85790.9,250627,1940.55,1971.13,250627
1742065200000,84223.29,85587.7,250627,1932.9,1964.51,250627
1742068800000,84299.98,85633.0,250627,1937.31,1967.67,250627
1742072400000,84389.31,85721.7,250627,1943.86,1974.61,250627
1742076000000,84388.73,85733.3,250627,1950.84,1980.71,250627
1742079600000,84382.65,85790.1,250627,1943.8,1974.96,250627
1742083200000,84338.44,85703.6,250627,1937.17,1967.47,250627
1742086800000,84253.52,85622.4,250627,1932.18,1963.75,250627
1742090400000,83869.31,85230.4,250627,1922.49,1952.64,250627
1742094000000,83966.05,85334.6,250627,1922.21,1951.51,250627
1742097600000,84332.34,85681.4,250627,1927.52,1959.53,250627
1742101200000,84408.97,85765.5,250627,1926.74,1958.1,250627
1742104800000,84395.31,85766.2,250627,1932.12,1961.77,250627
1742108400000,84228.0,85586.5,250627,1927.91,1958.4,250627
1742112000000,84273.96,85675.3,250627,1925.89,1956.36,250627
1742115600000,84268.36,85648.8,250627,1922.68,1953.0,250627
1742119200000,83897.02,85283.5,250627,1907.76,1936.82,250627
1742122800000,83666.98,85055.6,250627,1905.37,1935.37,250627
1742126400000,82410.02,83792.0,250627,1874.0,1902.56,250627
1742130000000,82755.89,84205.7,250627,1881.01,1911.16,250627
1742133600000,82596.1,84034.8,250627,1879.47,1909.56,250627
1742137200000,83373.16,84795.5,250627,1896.83,1926.81,250627
1742140800000,83320.83,84742.5,250627,1895.01,1925.17,250627
1742144400000,83634.53,85025.7,250627,1906.38,1935.99,250627
1742148000000,83913.22,85286.2,250627,1910.15,1940.73,250627
1742151600000,83701.75,85092.9,250627,1896.11,1924.5,250627
1742155200000,83098.47,84497.3,250627,1882.74,1911.73,250627
1742158800000,83216.98,84622.8,250627,1894.86,1924.5,250627
1742162400000,82766.52,84111.1,250627,1889.57,1917.68,250627
1742166000000,82093.71,83465.6,250627,1874.69,1903.0,250627
1742169600000,82574.53,83917.0,250627,1887.0,1916.43,250627
1742173200000,83054.91,84401.5,250627,1901.65,1930.16,250627
1742176800000,83233.8,84575.8,250627,1903.05,1931.62,250627
1742180400000,83212.51,84568.4,250627,1907.66,1938.29,250627
1742184000000,83675.65,85065.3,250627,1908.85,1939.06,250627
1742187600000,83615.53,84978.4,250627,1904.91,1934.13,250627
1742191200000,83120.0,84505.2,250627,1894.19,1923.2,250627
1742194800000,83220.91,84594.2,250627,1893.46,1921.84,250627
1742198400000,83567.87,84988.8,250627,1900.74,1930.36,250627
1742202000000,83547.17,84951.4,250627,1903.73,1932.55,250627
1742205600000,83664.31,85015.1,250627,1912.77,1941.99,250627
1742209200000,83344.34,84743.5,250627,1912.95,1942.35,250627
1742212800000,83514.73,84896.0,250627,1910.59,1939.07,250627
1742216400000,83052.0,84427.4,250627,1908.28,1937.57,250627
1742220000000,83023.38,84469.3,250627,1898.66,1927.95,250627
1742223600000,82913.03,84298.0,250627,1899.84,1928.45,250627
1742227200000,83531.06,84913.5,250627,1919.47,1948.41,250627
1742230800000,83448.86,84792.4,250627,1914.64,1943.33,250627
1742234400000,84197.46,85569.4,250627,1930.65,1960.09,250627
1742238000000,84496.58,85842.6,250627,1948.56,1977.99,250627
1742241600000,84482.55,85798.5,250627,1942.23,1971.18,250627
1742245200000,83954.36,85295.4,250627,1935.25,1965.0,250627
1742248800000,84077.8,85420.8,250627,1941.26,1970.38,250627
1742252400000,84061.19,85390.3,250627,1932.21,1960.92,250627
1742256000000,84010.03,85318.1,250627,1926.31,1954.83,250627
1742259600000,83790.24,85096.6,250627,1922.17,1949.8,250627
1742263200000,83161.97,84415.8,250627,1903.55,1930.75,250627
1742266800000,83367.64,84580.5,250627,1911.28,1938.11,250627
1742270400000,83147.6,84342.2,250627,1901.17,1927.12,250627
1742274000000,82989.11,84169.7,250627,1904.17,1930.11,250627
1742277600000,83010.87,84183.6,250627,1907.49,1933.31,250627
1742281200000,82450.01,83586.6,250627,1898.33,1922.8,250627
1742284800000,83163.81,84350.9,250627,1905.06,1928.81,250627
1742288400000,83281.29,84497.6,250627,1908.6,1933.78,250627
1742292000000,82840.51,84062.4,250627,1901.26,1926.09,250627
1742295600000,82819.65,84010.0,250627,1895.36,1918.13,250627
1742299200000,82581.1,83795.2,250627,1892.43,1916.43,250627
1742302800000,82404.66,83600.5,250627,1895.98,1919.09,250627
1742306400000,81366.64,82568.0,250627,1879.81,1905.36,250627
1742310000000,81854.71,83038.1,250627,1894.87,1918.94,250627
1742313600000,81610.21,82805.6,250627,1881.02,1904.68,250627
1742317200000,81851.51,83037.7,250627,1887.79,1911.96,250627
1742320800000,81466.7,82656.8,250627,1876.78,1900.52,250627
1742324400000,81889.38,83096.8,250627,1890.38,1913.11,250627
1742328000000,82317.21,83526.4,250627,1904.57,1928.98,250627
1742331600000,82050.0,83228.5,250627,1906.56,1931.2,250627
1742335200000,82062.98,83206.2,250627,1911.94,1936.23,250627
1742338800000,82395.74,83591.2,250627,1917.93,1943.08,250627
1742342400000,82715.03,83900.0,250627,1931.54,1956.2,250627
1742346000000,83118.0,84303.6,250627,1945.36,1970.82,250627
1742349600000,82598.7,83800.0,250627,1931.4,1956.01,250627
1742353200000,82868.91,84079.5,250627,1933.55,1958.67,250627
1742356800000,83037.17,84269.8,250627,1938.33,1963.75,250627
1742360400000,82952.87,84190.0,250627,1933.19,1957.52,250627
1742364000000,83241.99,84474.8,250627,1939.04,1964.37,250627
1742367600000,83200.0,84405.4,250627,1938.88,1964.29,250627
1742371200000,83190.0,84396.6,250627,1932.0,1955.71,250627
1742374800000,83413.01,84638.5,250627,1940.4,1965.97,250627
1742378400000,83527.37,84753.4,250627,1943.69,1970.23,250627
1742382000000,83467.41,84704.5,250627,1973.51,1999.97,250627
1742385600000,83881.4,85147.9,250627,2027.99,2054.74,250627
1742389200000,83748.75,84978.3,250627,2004.01,2031.65,250627
1742392800000,84092.16,85350.4,250627,2016.59,2045.2,250627
1742396400000,84318.59,85554.4,250627,2030.87,2058.53,250627
1742400000000,84733.05,85999.3,250627,2048.99,2077.01,250627
1742403600000,84574.01,85826.4,250627,2048.34,2075.47,250627
1742407200000,84230.97,85486.2,250627,2027.69,2054.32,250627
1742410800000,85612.25,86807.6,250627,2045.88,2073.01,250627
1742414400000,85433.38,86577.3,250627,2031.06,2056.66,250627
1742418000000,85353.99,86578.3,250627,2034.2,2060.25,250627
1742421600000,85635.99,86866.2,250627,2040.46,2066.11,250627
1742425200000,86158.52,87406.2,250627,2049.21,2077.04,250627
1742428800000,86845.94,88134.7,250627,2056.06,2084.13,250627
1742432400000,86017.68,87288.8,250627,2033.0,2060.62,250627
1742436000000,85867.96,87107.6,250627,2026.92,2053.12,250627
1742439600000,86065.51,87300.3,250627,2033.25,2060.17,250627
1742443200000,85891.02,87129.6,250627,2022.75,2049.09,250627
1742446800000,85684.78,86933.4,250627,2021.4,2048.14,250627
1742450400000,85827.28,87089.4,250627,2017.18,2045.59,250627
1742454000000,85759.28,86985.5,250627,2012.97,2041.32,250627
1742457600000,85816.39,87055.1,250627,2007.54,2035.59,250627
1742461200000,86241.05,87512.1,250627,2019.48,2048.12,250627
1742464800000,85877.28,87124.7,250627,2005.78,2034.19,250627
1742468400000,85173.78,86430.1,250627,1982.53,2010.82,250627
1742472000000,85502.17,86790.7,250627,1989.08,2016.29,250627
1742475600000,85356.07,86601.3,250627,1996.6,2024.17,250627
1742479200000,85513.81,86701.8,250627,1985.98,2012.36,250627
1742482800000,86171.86,87323.9,250627,2003.78,2030.33,250627
1742486400000,84691.76,85891.5,250627,1972.17,1998.32,250627
1742490000000,83802.01,84998.8,250627,1958.67,1985.24,250627
1742493600000,84093.43,85296.4,250627,1970.88,1996.95,250627
1742497200000,84060.53,85203.8,250627,1967.81,1993.6,250627
1742500800000,84174.79,85357.0,250627,1974.75,2000.66,250627
1742504400000,84530.1,85720.3,250627,1979.43,2006.11,250627
1742508000000,84350.0,85563.8,250627,1977.27,2004.22,250627
1742511600000,84141.31,85320.8,250627,1976.69,2002.25,250627
1742515200000,84223.39,85411.4,250627,1983.79,2010.77,250627
1742518800000,84507.07,85693.8,250627,1991.42,2018.37,250627
1742522400000,84775.07,85986.3,250627,1994.28,2021.34,250627
1742526000000,84685.4,85914.2,250627,1987.79,2013.0,250627
1742529600000,84451.96,85694.2,250627,1978.17,2004.36,250627
1742533200000,84662.74,85916.5,250627,1983.34,2009.89,250627
1742536800000,84469.66,85711.9,250627,1974.43,2000.8,250627
1742540400000,84200.0,85442.7,250627,1973.47,1999.24,250627
1742544000000,83937.98,85172.4,250627,1976.78,2003.64,250627
1742547600000,84022.32,85202.2,250627,1974.91,2001.81,250627
1742551200000,84137.99,85260.3,250627,1969.2,1996.18,250627
1742554800000,84164.17,85298.9,250627,1967.79,1993.84,250627
1742558400000,84046.52,85144.1,250627,1966.81,1992.79,250627
1742562000000,83467.98,84559.9,250627,1946.16,1970.43,250627
1742565600000,83935.7,85100.8,250627,1952.53,1978.47,250627
1742569200000,84240.33,85415.2,250627,1954.49,1980.92,250627
1742572800000,83565.48,84766.3,250627,1950.69,1977.5,250627
1742576400000,84095.97,85278.6,250627,1966.78,1993.69,250627
1742580000000,84024.11,85196.7,250627,1968.81,1995.13,250627
1742583600000,84101.66,85256.7,250627,1970.17,1996.28,250627
1742587200000,83956.36,85117.4,250627,1973.93,2000.42,250627
1742590800000,84216.2,85341.5,250627,1974.69,2001.77,250627
1742594400000,84394.0,85495.0,250627,1973.99,2000.37,250627
1742598000000,84185.39,85310.3,250627,1966.4,1992.28,250627
1742601600000,84088.79,85220.7,250627,1965.75,1992.39,250627
1742605200000,84206.24,85328.0,250627,1980.74,2007.61,250627
1742608800000,84075.48,85200.1,250627,1974.7,2000.6,250627
1742612400000,84188.96,85328.6,250627,1982.66,2008.74,250627
1742616000000,84256.74,85394.1,250627,1986.04,2011.87,250627
1742619600000,84367.4,85496.8,250627,1989.03,2015.5,250627
1742623200000,84323.3,85475.4,250627,1987.71,2012.06,250627
1742626800000,84335.83,85463.3,250627,1988.03,2012.55,250627
1742630400000,84274.72,85393.5,250627,1984.23,2008.7,250627
1742634000000,84222.01,85344.0,250627,1988.26,2012.92,250627
1742637600000,84360.01,85513.0,250627,1993.78,2018.85,250627
1742641200000,84413.62,85565.2,250627,1996.12,2021.44,250627
1742644800000,84239.25,85410.8,250627,1990.41,2015.7,250627
1742648400000,84232.39,85381.6,250627,1995.32,2020.55,250627
1742652000000,84168.31,85292.5,250627,1990.23,2015.19,250627
1742655600000,84007.23,85146.2,250627,1984.54,2009.41,250627
1742659200000,84109.09,85247.4,250627,1986.29,2012.65,250627
1742662800000,84141.0,85280.2,250627,1985.38,2009.4,250627
1742666400000,84238.83,85374.8,250627,1992.66,2018.83,250627
1742670000000,84239.14,85361.4,250627,1995.32,2020.57,250627
1742673600000,84171.59,85312.6,250627,1995.94,2021.0,250627
1742677200000,83944.69,85097.7,250627,1993.5,2019.3,250627
1742680800000,84010.87,85151.2,250627,1986.23,2011.25,250627
1742684400000,83961.39,85116.9,250627,1985.01,2010.42,250627
1742688000000,83840.59,85008.5,250627,1980.69,2005.7,250627
1742691600000,84007.0,85150.0,250627,1985.52,2010.48,250627
1742695200000,84067.56,85190.5,250627,1998.04,2023.21,250627
1742698800000,84233.78,85386.5,250627,2001.72,2027.76,250627
1742702400000,84224.39,85391.2,250627,2008.31,2033.09,250627
1742706000000,84100.0,85260.5,250627,2000.24,2024.85,250627
1742709600000,84230.1,85389.7,250627,1999.67,2024.99,250627
1742713200000,84242.24,85388.8,250627,2002.72,2027.6,250627
1742716800000,84279.82,85417.0,250627,2008.04,2033.19,250627
1742720400000,84347.12,85493.0,250627,2009.73,2035.83,250627
1742724000000,84325.66,85488.3,250627,2014.25,2039.9,250627
1742727600000,84461.98,85631.9,250627,2013.24,2039.37,250627
1742731200000,84679.99,85834.5,250627,2008.01,2033.57,250627
1742734800000,84725.24,85847.6,250627,2009.17,2035.34,250627
1742738400000,85093.59,86225.0,250627,2018.49,2045.02,250627
1742742000000,84899.76,86054.1,250627,2004.35,2030.39,250627
1742745600000,85189.41,86369.0,250627,2007.06,2032.72,250627
1742749200000,85250.0,86410.7,250627,1997.27,2022.75,250627
1742752800000,85017.66,86160.3,250627,1992.95,2017.95,250627
1742756400000,84972.78,86169.4,250627,1997.32,2023.65,250627
1742760000000,85011.19,86209.9,250627,1996.3,2022.41,250627
1742763600000,85102.62,86276.0,250627,1992.42,2019.11,250627
1742767200000,85179.99,86349.9,250627,1995.06,2022.75,250627
1742770800000,85361.21,86506.9,250627,1987.38,2014.07,250627
1742774400000,86082.5,87252.2,250627,2005.99,2032.59,250627
1742778000000,86021.74,87225.8,250627,1998.79,2026.18,250627
1742781600000,85563.04,86793.0,250627,1980.7,2007.01,250627
1742785200000,85883.16,87108.5,250627,1992.11,2019.84,250627
1742788800000,86532.07,87759.5,250627,2014.48,2042.46,250627
1742792400000,86841.83,88108.1,250627,2040.27,2068.14,250627
1742796000000,86899.73,88115.7,250627,2048.88,2076.65,250627
1742799600000,87113.37,88349.1,250627,2066.64,2095.43,250627
1742803200000,86874.52,88119.7,250627,2069.16,2097.61,250627
1742806800000,87416.35,88643.5,250627,2090.46,2118.63,250627
1742810400000,87163.73,88396.0,250627,2094.3,2122.7,250627
1742814000000,87801.27,89013.9,250627,2094.23,2122.58,250627
1742817600000,87689.52,88906.7,250627,2092.77,2120.43,250627
1742821200000,87328.1,88500.0,250627,2083.72,2111.76,250627
1742824800000,87704.46,88866.8,250627,2082.33,2110.34,250627
1742828400000,87961.9,89132.9,250627,2080.81,2105.92,250627
1742832000000,88350.01,89518.2,250627,2089.77,2116.97,250627
1742835600000,88057.54,89219.9,250627,2079.15,2106.82,250627
1742839200000,88461.88,89657.9,250627,2088.28,2115.91,250627
1742842800000,88464.38,89661.3,250627,2097.25,2124.96,250627
1742846400000,88222.0,89420.8,250627,2088.71,2117.8,250627
1742850000000,87832.0,89034.7,250627,2085.38,2113.09,250627
1742853600000,88100.01,89321.8,250627,2083.59,2112.26,250627
1742857200000,87457.65,88658.9,250627,2077.15,2101.77,250627
1742860800000,87498.16,88688.4,250627,2081.2,2107.15,250627
1742864400000,87599.99,88800.9,250627,2086.33,2112.38,250627
1742868000000,87088.31,88286.1,250627,2065.18,2090.85,250627
1742871600000,86854.94,88036.9,250627,2063.07,2088.77,250627
1742875200000,86520.88,87690.5,250627,2043.26,2068.79,250627
1742878800000,86547.17,87697.1,250627,2046.08,2072.47,250627
1742882400000,86656.07,87836.1,250627,2048.48,2073.97,250627
1742886000000,86534.5,87700.0,250627,2055.77,2080.76,250627
1742889600000,86436.82,87578.0,250627,2055.55,2081.49,250627
1742893200000,86714.79,87856.2,250627,2060.84,2086.26,250627
1742896800000,87221.66,88425.2,250627,2070.1,2095.83,250627
1742900400000,87130.14,88300.5,250627,2070.71,2096.49,250627
1742904000000,87370.43,88520.1,250627,2068.68,2093.92,250627
1742907600000,87084.02,88231.4,250627,2059.6,2083.8,250627
1742911200000,87594.4,88815.3,250627,2061.58,2086.19,250627
1742914800000,88022.4,89200.0,250627,2076.39,2101.85,250627
1742918400000,87774.37,88958.2,250627,2067.67,2093.21,250627
1742922000000,87792.4,89004.8,250627,2068.55,2094.28,250627
1742925600000,87937.27,89114.3,250627,2076.35,2102.25,250627
1742929200000,87822.0,88997.2,250627,2062.62,2088.77,250627
1742932800000,88116.23,89285.1,250627,2075.64,2102.28,250627
1742936400000,87849.98,89029.8,250627,2064.5,2090.61,250627
1742940000000,87746.0,88871.7,250627,2063.65,2089.49,250627
1742943600000,87464.73,88720.0,250627,2062.63,2088.94,250627
1742947200000,87392.87,88663.5,250627,2066.15,2092.76,250627
1742950800000,87652.0,88877.9,250627,2071.72,2096.61,250627
1742954400000,87836.04,89056.3,250627,2074.01,2100.82,250627
1742958000000,87324.6,88496.5,250627,2048.5,2074.64,250627
1742961600000,87153.51,88314.9,250627,2049.07,2075.21,250627
1742965200000,87326.78,88506.7,250627,2052.6,2079.13,250627
1742968800000,87520.35,88701.9,250627,2059.12,2085.71,250627
1742972400000,87909.07,89128.4,250627,2067.0,2093.9,250627
1742976000000,88140.45,89359.0,250627,2069.25,2095.86,250627
1742979600000,87959.73,89168.9,250627,2063.58,2090.35,250627
1742983200000,87939.99,89155.4,250627,2062.63,2089.06,250627
1742986800000,88208.47,89434.2,250627,2073.11,2098.93,250627
1742990400000,87954.96,89152.7,250627,2068.51,2094.46,250627
1742994000000,87813.17,89032.3,250627,2064.64,2090.66,250627
1742997600000,86841.31,88102.8,250627,2028.35,2055.45,250627
1743001200000,86773.14,87926.1,250627,2018.1,2042.87,250627
1743004800000,86752.52,87855.9,250627,2012.27,2036.65,250627
1743008400000,86513.99,87649.2,250627,2014.24,2038.89,250627
1743012000000,86569.99,87651.1,250627,2006.32,2031.27,250627
1743015600000,86198.53,87347.7,250627,1994.68,2018.75,250627
1743019200000,86567.19,87668.6,250627,1999.92,2023.91,250627
1743022800000,87280.0,88417.7,250627,2010.5,2034.32,250627
1743026400000,87109.65,88247.0,250627,2008.25,2031.95,250627
1743030000000,86829.48,87934.7,250627,2000.09,2023.98,250627
1743033600000,86909.17,88039.1,250627,2009.52,2032.98,250627
1743037200000,87285.29,88422.5,250627,2017.82,2041.56,250627
1743040800000,87378.87,88502.1,250627,2020.34,2044.13,250627
1743044400000,87575.39,88713.0,250627,2030.51,2054.52,250627
1743048000000,87670.18,88784.3,250627,2031.32,2054.81,250627
1743051600000,87521.61,88655.8,250627,2031.01,2054.66,250627
1743055200000,87314.72,88456.5,250627,2022.67,2046.03,250627
1743058800000,87352.68,88449.6,250627,2024.58,2047.06,250627
1743062400000,87399.99,88499.9,250627,2026.43,2049.19,250627
1743066000000,87434.82,88540.3,250627,2025.7,2048.69,250627
1743069600000,87415.56,88529.2,250627,2028.78,2052.02,250627
1743073200000,87195.59,88300.0,250627,2024.87,2047.3,250627
1743076800000,86943.52,88014.7,250627,2016.21,2038.6,250627
1743080400000,86761.05,87820.8,250627,2018.02,2040.78,250627
1743084000000,86383.83,87480.2,250627,2003.34,2025.2,250627
1743087600000,87297.33,88382.2,250627,2025.75,2048.11,250627
1743091200000,86974.07,88058.5,250627,2005.49,2027.23,250627
1743094800000,86835.24,87865.6,250627,2000.94,2022.26,250627
1743098400000,86913.05,87958.2,250627,2000.08,2021.72,250627
1743102000000,87206.52,88288.9,250627,2009.2,2030.97,250627
1743105600000,87060.41,88119.8,250627,2004.08,2025.53,250627
1743109200000,87307.57,88397.4,250627,2007.37,2029.03,250627
1743112800000,87568.68,88620.9,250627,2018.0,2039.47,250627
1743116400000,87350.71,88446.0,250627,2007.81,2029.79,250627
1743120000000,87232.01,88281.5,250627,2003.66,2025.2,250627
1743123600000,87354.01,88407.8,250627,2004.88,2026.03,250627
1743127200000,87230.29,88301.1,250627,2008.98,2030.89,250627
1743130800000,86987.77,88053.9,250627,2007.74,2028.24,250627
1743134400000,86787.16,87812.8,250627,1999.84,2020.25,250627
1743138000000,86305.38,87312.8,250627,1937.62,1956.03,250627
1743141600000,86059.02,87026.8,250627,1915.63,1933.54,250627
1743145200000,85719.27,86705.4,250627,1915.48,1933.45,250627
1743148800000,85212.99,86214.1,250627,1910.21,1927.98,250627
1743152400000,85213.87,86179.8,250627,1907.13,1923.87,250627
1743156000000,85148.0,86151.9,250627,1908.92,1928.14,250627
1743159600000,84941.49,85930.7,250627,1909.7,1928.76,250627
1743163200000,85255.26,86230.7,250627,1900.48,1919.81,250627
1743166800000,85028.27,86014.9,250627,1884.32,1903.41,250627
1743170400000,84994.0,85969.6,250627,1886.82,1906.98,250627
1743174000000,84172.01,85227.9,250627,1887.94,1908.29,250627
1743177600000,84051.16,85081.2,250627,1872.13,1893.42,250627
1743181200000,83794.73,84800.1,250627,1869.94,1889.31,250627
1743184800000,84008.45,84954.0,250627,1884.02,1903.3,250627
1743188400000,83880.0,84879.8,250627,1879.4,1898.66,250627
1743192000000,83790.73,84749.1,250627,1874.16,1893.81,250627
1743195600000,83794.41,84784.8,250627,1877.29,1896.64,250627
1743199200000,84052.29,85000.0,250627,1886.05,1905.28,250627
1743202800000,84480.35,85449.9,250627,1901.42,1920.15,250627
1743206400000,84424.38,85389.2,250627,1896.9,1916.36,250627
1743210000000,84396.89,85344.0,250627,1903.43,1923.42,250627
1743213600000,84281.9,85212.2,250627,1910.01,1929.64,250627
1743217200000,83851.4,84773.0,250627,1895.27,1915.02,250627
1743220800000,84166.3,85067.1,250627,1899.83,1919.07,250627
1743224400000,84072.96,84980.5,250627,1894.73,1914.23,250627
1743228000000,84012.64,84903.9,250627,1888.41,1908.06,250627
1743231600000,83787.28,84701.0,250627,1882.3,1900.83,250627
1743235200000,83731.82,84659.0,250627,1880.14,1899.5,250627
1743238800000,83934.95,84833.7,250627,1884.57,1902.23,250627
1743242400000,83544.8,84479.7,250627,1877.04,1896.13,250627
1743246000000,82927.81,83864.1,250627,1868.79,1886.65,250627
1743249600000,82293.56,83221.4,250627,1844.55,1861.79,250627
1743253200000,82462.7,83354.1,250627,1851.78,1869.37,250627
1743256800000,82851.95,83737.5,250627,1859.1,1876.02,250627
1743260400000,82504.01,83372.4,250627,1845.43,1862.34,250627
1743264000000,82414.23,83274.9,250627,1840.24,1857.05,250627
1743267600000,82198.43,83075.5,250627,1822.02,1838.76,250627
1743271200000,82332.63,83205.8,250627,1818.14,1834.2,250627
1743274800000,82343.64,83196.4,250627,1818.18,1833.24,250627
1743278400000,82758.4,83640.0,250627,1827.5,1844.2,250627
1743282000000,82511.17,83325.3,250627,1817.76,1834.34,250627
1743285600000,82518.74,83324.2,250627,1817.69,1834.4,250627
1743289200000,82389.75,83247.2,250627,1817.49,1833.04,250627
1743292800000,82648.54,83490.0,250627,1828.08,1842.94,250627
1743296400000,82799.73,83613.6,250627,1826.92,1841.96,250627
1743300000000,82941.13,83754.1,250627,1835.01,1850.3,250627
1743303600000,83330.0,84142.9,250627,1838.94,1853.53,250627
1743307200000,83088.81,83914.6,250627,1834.39,1849.24,250627
1743310800000,83109.81,83930.4,250627,1842.86,1858.08,250627
1743314400000,82958.3,83756.4,250627,1838.07,1853.23,250627
1743318000000,83178.14,84034.0,250627,1839.34,1854.53,250627
1743321600000,83076.59,83904.8,250627,1837.74,1852.95,250627
1743325200000,83378.09,84222.5,250627,1846.99,1862.66,250627
1743328800000,83502.32,84325.4,250627,1843.63,1859.65,250627
1743332400000,83120.87,83983.7,250627,1829.94,1846.51,250627
1743336000000,83111.76,83930.7,250627,1833.27,1849.39,250627
1743339600000,83072.76,83899.7,250627,1833.75,1850.11,250627
1743343200000,82678.42,83495.6,250627,1806.68,1821.97,250627
1743346800000,82803.28,83629.4,250627,1813.67,1829.38,250627
1743350400000,82729.57,83514.8,250627,1813.75,1829.34,250627
1743354000000,82284.01,83086.8,250627,1795.5,1811.01,250627
1743357600000,82415.53,83202.6,250627,1804.94,1820.43,250627
1743361200000,82729.65,83532.0,250627,1824.89,1839.57,250627
1743364800000,82548.81,83341.3,250627,1814.22,1829.42,250627
1743368400000,82554.73,83318.2,250627,1814.96,1830.96,250627
1743372000000,82237.68,83065.7,250627,1805.89,1822.52,250627
1743375600000,82438.0,83199.7,250627,1805.17,1818.91,250627
1743379200000,82389.99,83165.1,250627,1807.74,1821.78,250627
1743382800000,81646.89,82375.7,250627,1786.42,1801.54,250627
1743386400000,81953.03,82754.4,250627,1813.87,1829.81,250627
1743390000000,81922.3,82736.7,250627,1811.86,1827.05,250627
1743393600000,81530.0,82353.2,250627,1798.32,1813.93,250627
1743397200000,81846.01,82649.9,250627,1804.94,1820.47,250627
1743400800000,82166.99,82963.5,250627,1809.15,1824.57,250627
1743404400000,82052.83,82851.7,250627,1804.09,1818.61,250627
1743408000000,81933.51,82755.7,250627,1798.92,1812.21,250627
1743411600000,81899.15,82688.5,250627,1795.54,1810.5,250627
1743415200000,81455.58,82289.1,250627,1786.31,1800.5,250627
1743418800000,82174.16,83000.7,250627,1803.57,1817.68,250627
1743422400000,82205.51,83003.1,250627,1813.43,1827.82,250627
1743426000000,82768.74,83604.7,250627,1834.16,1850.33,250627
1743429600000,82507.99,83364.9,250627,1818.53,1831.5,250627
1743433200000,83499.18,84327.9,250627,1839.81,1854.9,250627
1743436800000,83418.78,84276.7,250627,1842.23,1857.18,250627
1743440400000,83288.89,84109.5,250627,1840.18,1855.34,250627
1743444000000,82680.34,83532.2,250627,1825.47,1840.97,250627
1743447600000,83291.42,84122.2,250627,1839.86,1855.21,250627
1743451200000,82462.27,83298.0,250627,1827.71,1843.33,250627
1743454800000,82431.32,83284.0,250627,1819.61,1836.01,250627
1743458400000,82563.99,83417.3,250627,1824.72,1839.63,250627
1743462000000,82409.99,83221.1,250627,1824.68,1839.55,250627
1743465600000,82550.01,83392.8,250627,1822.43,1837.66,250627
1743469200000,82651.1,83495.0,250627,1831.94,1847.52,250627
1743472800000,82704.2,83575.3,250627,1826.38,1842.26,250627
1743476400000,83100.0,83888.6,250627,1839.38,1855.38,250627
1743480000000,82962.84,83815.5,250627,1835.0,1851.19,250627
1743483600000,83060.0,83904.2,250627,1838.13,1854.53,250627
1743487200000,83006.67,83862.6,250627,1841.49,1857.83,250627
1743490800000,83454.76,84324.2,250627,1857.66,1874.97,250627
1743494400000,83445.5,84385.9,250627,1854.26,1872.04,250627
1743498000000,84121.94,85062.1,250627,1884.33,1903.12,250627
1743501600000,84362.0,85315.8,250627,1885.39,1903.71,250627
1743505200000,84175.99,85149.8,250627,1873.39,1891.08,250627
1743508800000,83930.3,84923.9,250627,1862.36,1880.99,250627
1743512400000,83615.26,84616.3,250627,1865.56,1883.64,250627
1743516000000,83618.23,84636.8,250627,1871.84,1891.95,250627
1743519600000,84195.92,85155.3,250627,1882.53,1901.8,250627
1743523200000,85280.87,86246.3,250627,1918.58,1937.52,250627
1743526800000,85119.99,86090.1,250627,1915.8,1935.05,250627
1743530400000,85117.85,86093.2,250627,1915.33,1933.84,250627
1743534000000,85126.68,86107.6,250627,1908.32,1926.36,250627
1743537600000,84972.01,85927.7,250627,1910.09,1929.15,250627
1743541200000,85231.28,86225.6,250627,1912.84,1932.04,250627
1743544800000,85223.84,86204.2,250627,1915.01,1934.01,250627
1743548400000,85099.99,86077.3,250627,1911.9,1931.28,250627
1743552000000,85158.34,86156.0,250627,1904.98,1924.23,250627
1743555600000,84964.49,85961.9,250627,1889.59,1908.4,250627
1743559200000,85147.3,86142.6,250627,1892.41,1911.37,250627
1743562800000,84714.36,85694.3,250627,1878.25,1896.66,250627
1743566400000,84550.0,85504.5,250627,1876.39,1894.52,250627
1743570000000,84607.0,85566.8,250627,1879.13,1897.31,250627
1743573600000,84100.0,85050.3,250627,1855.88,1873.82,250627
1743577200000,84125.99,85065.3,250627,1854.01,1872.26,250627
1743580800000,84426.33,85399.3,250627,1865.06,1883.71,250627
1743584400000,84677.04,85586.6,250627,1867.82,1886.03,250627
1743588000000,85019.62,85956.5,250627,1879.35,1898.21,250627
1743591600000,84867.92,85823.5,250627,1872.68,1891.32,250627
1743595200000,84566.91,85482.4,250627,1868.72,1886.82,250627
1743598800000,85049.99,85975.6,250627,1871.91,1891.01,250627
1743602400000,85215.82,86159.8,250627,1871.27,1890.0,250627
1743606000000,85877.75,86723.1,250627,1875.75,1894.34,250627
1743609600000,86757.67,87642.2,250627,1901.21,1919.68,250627
1743613200000,87065.18,88038.1,250627,1902.93,1922.15,250627
1743616800000,86615.33,87564.4,250627,1892.68,1911.36,250627
1743620400000,86286.02,87234.3,250627,1898.12,1917.6,250627
1743624000000,86900.02,87870.3,250627,1911.45,1930.46,250627
1743627600000,85659.99,86630.3,250627,1881.25,1900.08,250627
1743631200000,84855.99,85778.6,250627,1867.12,1884.89,250627
1743634800000,82821.59,83696.7,250627,1798.05,1813.65,250627
1743638400000,82516.29,83368.9,250627,1795.22,1812.05,250627
1743642000000,83227.55,84122.3,250627,1820.46,1837.48,250627
1743645600000,83761.62,84659.9,250627,1826.28,1843.4,250627
1743649200000,83768.01,84693.8,250627,1830.25,1847.83,250627
1743652800000,83483.97,84390.8,250627,1824.46,1841.81,250627
1743656400000,83558.8,84493.3,250627,1835.38,1852.16,250627
1743660000000,83343.75,84268.0,250627,1821.7,1838.76,250627
1743663600000,83058.65,83976.0,250627,1817.28,1833.96,250627
1743667200000,83456.75,84389.3,250627,1815.31,1832.94,250627
1743670800000,83679.99,84618.0,250627,1821.63,1839.46,250627
1743674400000,83483.05,84399.8,250627,1811.34,1829.01,250627
1743678000000,83220.01,84080.3,250627,1793.42,1809.63,250627
1743681600000,83096.01,83954.4,250627,1795.13,1811.48,250627
1743685200000,81949.06,82917.0,250627,1759.65,1776.63,250627
1743688800000,82373.58,83340.1,250627,1784.18,1801.24,250627
1743692400000,81532.0,82539.4,250627,1757.97,1775.86,250627
1743696000000,82039.31,83008.4,250627,1782.27,1799.15,250627
1743699600000,81830.56,82796.2,250627,1773.41,1790.48,250627
1743703200000,81830.01,82789.3,250627,1776.45,1793.29,250627
1743706800000,82109.45,83088.8,250627,1788.48,1806.37,250627
1743710400000,82008.7,82957.1,250627,1787.12,1804.2,250627
1743714000000,82363.99,83338.1,250627,1799.01,1816.1,250627
1743717600000,82717.54,83726.1,250627,1812.46,1830.04,250627
1743721200000,82743.46,83743.5,250627,1811.07,1828.23,250627
1743724800000,83213.09,84140.6,250627,1817.23,1834.23,250627
1743728400000,83046.32,84059.4,250627,1810.42,1827.71,250627
1743732000000,82695.91,83734.3,250627,1782.4,1797.89,250627
1743735600000,82910.86,83943.9,250627,1788.88,1806.3,250627
1743739200000,82818.52,83837.5,250627,1792.91,1810.33,250627
1743742800000,82720.32,83728.0,250627,1788.09,1805.48,250627
1743746400000,83200.0,84237.0,250627,1806.08,1824.18,250627
1743750000000,83054.72,84093.1,250627,1800.15,1818.29,250627
1743753600000,83992.85,85054.6,250627,1817.93,1836.41,250627
1743757200000,84415.99,85493.7,250627,1828.29,1848.09,250627
1743760800000,84571.38,85603.0,250627,1829.41,1849.46,250627
1743764400000,82567.03,83584.4,250627,1783.89,1801.45,250627
1743768000000,82680.45,83710.3,250627,1783.88,1802.68,250627
1743771600000,82879.99,83847.0,250627,1788.76,1806.35,250627
1743775200000,83335.99,84384.0,250627,1802.06,1820.99,250627
1743778800000,82573.98,83612.4,250627,1790.13,1809.0,250627
1743782400000,82860.0,83870.1,250627,1795.24,1812.31,250627
1743786000000,83392.7,84397.0,250627,1797.57,1815.21,250627
1743789600000,84460.0,85452.8,250627,1821.35,1838.0,250627
1743793200000,83989.87,84961.8,250627,1806.47,1823.51,250627
1743796800000,84009.99,85029.8,250627,1810.21,1828.21,250627
1743800400000,84164.02,85173.4,250627,1818.94,1836.74,250627
1743804000000,84185.8,85181.6,250627,1818.2,1835.55,250627
1743807600000,84056.74,85094.2,250627,1819.24,1837.47,250627
1743811200000,83889.87,84884.6,250627,1816.87,1834.11,250627
1743814800000,83787.6,84798.2,250627,1822.85,1840.11,250627
1743818400000,83979.87,85003.8,250627,1819.49,1837.33,250627
1743822000000,83976.61,85010.3,250627,1815.6,1833.21,250627
1743825600000,83624.01,84650.0,250627,1810.01,1827.42,250627
1743829200000,83677.75,84690.6,250627,1808.5,1825.69,250627
1743832800000,83688.67,84699.8,250627,1810.01,1827.36,250627
1743836400000,83477.3,84503.4,250627,1809.56,1826.66,250627
1743840000000,83525.34,84523.4,250627,1813.22,1829.88,250627
1743843600000,83519.96,84498.8,250627,1813.83,1831.44,250627
1743847200000,83843.29,84844.2,250627,1820.78,1838.15,250627
1743850800000,83641.51,84635.2,250627,1818.12,1835.26,250627
1743854400000,83452.69,84444.1,250627,1807.34,1824.23,250627
1743858000000,83281.41,84298.1,250627,1797.88,1813.95,250627
1743861600000,82755.29,83760.0,250627,1787.04,1804.16,250627
1743865200000,82914.67,83926.5,250627,1790.8,1807.59,250627
1743868800000,82618.26,83629.2,250627,1782.01,1798.44,250627
1743872400000,82739.96,83722.0,250627,1784.6,1801.24,250627
1743876000000,82869.53,83833.4,250627,1787.46,1804.05,250627
1743879600000,83036.13,84016.1,250627,1793.21,1810.18,250627
1743883200000,82860.0,83825.9,250627,1782.17,1799.04,250627
1743886800000,83075.47,84036.7,250627,1790.6,1807.86,250627
1743890400000,82913.89,83871.8,250627,1790.3,1806.84,250627
1743894000000,83188.41,84160.9,250627,1797.31,1814.65,250627
1743897600000,83537.99,84478.8,250627,1806.01,1823.39,250627
1743901200000,83527.22,84418.8,250627,1810.45,1827.53,250627
1743904800000,83428.97,84347.4,250627,1810.5,1827.77,250627
1743908400000,83300.01,84219.0,250627,1804.3,1821.54,250627
1743912000000,83344.14,84248.0,250627,1809.81,1827.27,250627
1743915600000,83499.99,84422.3,250627,1809.72,1826.38,250627
1743919200000,83450.01,84373.6,250627,1811.18,1827.7,250627
1743922800000,83110.24,84017.9,250627,1798.55,1814.71,250627
1743926400000,83024.96,83952.8,250627,1797.69,1814.63,250627
1743930000000,83034.26,83954.7,250627,1795.39,1812.4,250627
1743933600000,83075.15,83993.5,250627,1791.08,1807.7,250627
1743937200000,82870.25,83786.3,250627,1790.1,1806.71,250627
1743940800000,82855.99,83793.4,250627,1789.19,1806.17,250627
1743944400000,82697.99,83629.5,250627,1777.98,1794.27,250627
1743948000000,82306.01,83214.9,250627,1748.54,1764.58,250627
1743951600000,82667.07,83629.7,250627,1770.02,1785.87,250627
1743955200000,82548.36,83542.4,250627,1759.55,1775.68,250627
1743958800000,81970.0,82992.6,250627,1731.28,1748.79,250627
1743962400000,80808.81,81787.5,250627,1684.77,1699.34,250627
1743966000000,79107.3,79947.8,250627,1618.28,1631.29,250627
1743969600000,79614.35,80464.2,250627,1626.24,1638.84,250627
1743973200000,78867.99,79695.7,250627,1574.65,1586.21,250627
1743976800000,78950.61,79779.5,250627,1587.57,1599.89,250627
1743980400000,78063.66,78861.2,250627,1576.99,1588.78,250627
1743984000000,78430.0,79200.8,250627,1580.76,1591.57,250627
1743987600000,78327.87,79123.3,250627,1572.9,1584.31,250627
1743991200000,79142.01,79951.8,250627,1598.6,1611.21,250627
1743994800000,78447.42,79325.2,250627,1579.29,1591.68,250627
1743998400000,77707.77,78591.8,250627,1543.69,1556.72,250627
1744002000000,76989.92,77851.3,250627,1548.39,1561.83,250627
1744005600000,76942.82,77753.4,250627,1540.37,1552.63,250627
1744009200000,74810.01,75647.4,250627,1431.29,1441.72,250627
1744012800000,75126.01,75969.1,250627,1460.15,1471.08,250627
1744016400000,76266.89,77046.5,250627,1495.94,1506.5,250627
1744020000000,76274.56,77072.8,250627,1484.46,1494.35,250627
1744023600000,76983.6,77822.2,250627,1491.35,1502.48,250627
1744027200000,76685.62,77496.0,250627,1483.11,1493.46,250627
1744030800000,77335.89,78155.0,250627,1521.03,1532.31,250627
1744034400000,78365.47,79223.1,250627,1550.47,1563.24,250627
1744038000000,79033.11,80008.0,250627,1569.62,1583.7,250627
1744041600000,78479.9,79433.4,250627,1556.56,1570.88,250627
1744045200000,77434.01,78341.0,250627,1529.18,1542.27,250627
1744048800000,79074.5,79999.3,250627,1566.15,1579.69,250627
1744052400000,78484.91,79422.0,250627,1549.41,1562.7,250627
1744056000000,78130.44,79028.0,250627,1545.41,1557.04,250627
1744059600000,78955.26,79856.1,250627,1570.94,1582.37,250627
1744063200000,79239.42,80139.4,250627,1568.64,1580.84,250627
1744066800000,79956.47,80871.3,250627,1578.78,1591.25,250627
1744070400000,79163.24,80076.1,250627,1553.04,1563.99,250627
1744074000000,79020.04,79928.1,250627,1544.73,1556.83,250627
1744077600000,80599.99,81515.6,250627,1591.32,1603.02,250627
1744081200000,79947.05,80858.6,250627,1589.69,1602.14,250627
1744084800000,79904.0,80815.6,250627,1584.71,1596.36,250627
1744088400000,80300.0,81172.9,250627,1598.79,1611.42,250627
1744092000000,79872.25,80773.5,250627,1591.83,1604.84,250627
1744095600000,79447.3,80348.3,250627,1576.25,1589.58,250627
1744099200000,79496.0,80404.2,250627,1570.83,1584.52,250627
1744102800000,79154.02,80048.8,250627,1566.95,1580.43,250627
1744106400000,78900.0,79797.1,250627,1568.23,1580.82,250627
1744110000000,79003.54,79896.5,250627,1566.08,1579.07,250627
1744113600000,79982.0,80882.4,250627,1588.32,1601.47,250627
1744117200000,79837.99,80851.2,250627,1571.5,1585.71,250627
1744120800000,79899.9,80942.6,250627,1568.59,1583.73,250627
1744124400000,78479.91,79450.9,250627,1531.16,1544.88,250627
1744128000000,78497.99,79492.7,250627,1531.77,1545.41,250627
1744131600000,77414.25,78425.5,250627,1486.79,1499.94,250627
1744135200000,77349.99,78353.5,250627,1481.04,1494.91,250627
1744138800000,77259.91,78242.2,250627,1475.79,1489.12,250627
1744142400000,76854.05,77885.3,250627,1466.67,1480.02,250627
1744146000000,77133.41,78145.0,250627,1482.1,1495.07,250627
1744149600000,77100.0,78149.3,250627,1477.23,1490.41,250627
1744153200000,76731.21,77774.7,250627,1467.19,1480.98,250627
1744156800000,76322.42,77316.3,250627,1473.41,1486.82,250627
1744160400000,76522.07,77564.2,250627,1467.65,1480.99,250627
1744164000000,76070.53,77180.2,250627,1435.3,1448.57,250627
1744167600000,75674.44,76684.7,250627,1419.04,1431.71,250627
1744171200000,75073.33,76041.7,250627,1418.8,1431.57,250627
1744174800000,76416.34,77398.9,250627,1440.72,1453.57,250627
1744178400000,76734.83,77710.7,250627,1459.15,1471.44,250627
1744182000000,76829.02,77815.4,250627,1459.99,1472.43,250627
1744185600000,77694.12,78733.7,250627,1483.43,1496.72,250627
1744189200000,77304.35,78334.4,250627,1482.49,1495.47,250627
1744192800000,77478.26,78531.9,250627,1479.55,1492.71,250627
1744196400000,77190.0,78255.9,250627,1486.45,1501.01,250627
1744200000000,76230.01,77224.1,250627,1455.33,1468.66,250627
1744203600000,76760.86,77781.0,250627,1461.81,1475.66,250627
1744207200000,77698.12,78696.3,250627,1487.53,1501.02,250627
1744210800000,76870.0,77869.5,250627,1470.96,1484.21,250627
1744214400000,77258.0,78273.2,250627,1485.26,1499.18,250627
1744218000000,78267.68,79284.2,250627,1502.62,1516.61,250627
1744221600000,82202.16,83104.3,250627,1632.94,1648.62,250627
1744225200000,81788.37,82800.0,250627,1628.11,1643.38,250627
1744228800000,82332.08,83368.8,250627,1640.92,1655.0,250627
1744232400000,83204.0,84290.7,250627,1673.63,1688.23,250627
1744236000000,83284.29,84375.8,250627,1671.64,1686.85,250627
1744239600000,83056.83,84154.1,250627,1671.17,1687.55,250627
1744243200000,82615.22,83705.4,250627,1669.51,1684.66,250627
1744246800000,82352.85,83421.1,250627,1646.48,1661.83,250627
1744250400000,82249.29,83309.2,250627,1637.95,1652.53,250627
1744254000000,82200.0,83304.0,250627,1632.99,1648.74,250627
1744257600000,81775.2,82828.4,250627,1617.01,1632.26,250627
1744261200000,82019.26,83041.9,250627,1619.63,1635.0,250627
1744264800000,82158.03,83225.0,250627,1617.08,1632.59,250627
1744268400000,82156.72,83193.1,250627,1616.34,1632.62,250627
1744272000000,81595.81,82634.0,250627,1595.81,1610.53,250627
1744275600000,81549.99,82574.1,250627,1592.71,1607.22,250627
1744279200000,82036.71,83045.5,250627,1604.0,1618.5,250627
1744282800000,81766.05,82791.4,250627,1594.87,1609.27,250627
1744286400000,81882.01,82872.8,250627,1594.81,1608.48,250627
1744290000000,81710.46,82779.0,250627,1593.31,1607.37,250627
1744293600000,80874.36,81943.1,250627,1568.77,1582.97,250627
1744297200000,81272.19,82296.9,250627,1565.48,1579.18,250627
1744300800000,78757.0,79766.9,250627,1495.98,1508.76,250627
1744304400000,79453.82,80409.5,250627,1510.73,1522.56,250627
1744308000000,79328.01,80350.0,250627,1511.56,1524.41,250627
1744311600000,79502.07,80469.7,250627,1518.72,1532.75,250627
1744315200000,79649.34,80595.7,250627,1514.67,1526.88,250627
1744318800000,79931.55,80865.3,250627,1531.28,1542.06,250627
1744322400000,79714.52,80652.6,250627,1524.9,1536.3,250627
1744326000000,79693.77,80590.5,250627,1524.85,1535.98,250627
1744329600000,79607.3,80502.8,250627,1522.25,1533.16,250627
1744333200000,79043.48,79994.2,250627,1508.4,1519.06,250627
1744336800000,80452.72,81356.9,250627,1543.13,1554.17,250627
1744340400000,80302.05,81230.9,250627,1534.57,1546.18,250627
1744344000000,80842.99,81756.7,250627,1544.61,1556.26,250627
1744347600000,80888.15,81830.9,250627,1547.49,1559.13,250627
1744351200000,80816.0,81751.2,250627,1549.19,1561.29,250627
1744354800000,81102.0,82046.7,250627,1552.64,1564.58,250627
1744358400000,81266.76,82195.5,250627,1553.04,1564.53,250627
1744362000000,81631.89,82516.8,250627,1551.55,1563.07,250627
1744365600000,82450.0,83299.5,250627,1564.0,1575.53,250627
1744369200000,82706.86,83523.1,250627,1568.39,1579.85,250627
1744372800000,82129.67,83012.2,250627,1558.79,1569.38,250627
1744376400000,82115.52,82996.4,250627,1558.2,1569.31,250627
1744380000000,82930.67,83780.7,250627,1570.61,1582.57,250627
1744383600000,81898.0,82769.3,250627,1556.47,1567.9,250627
1744387200000,82521.74,83337.2,250627,1565.44,1576.47,250627
1744390800000,82792.46,83612.6,250627,1565.78,1576.78,250627
1744394400000,83930.0,84731.9,250627,1580.11,1590.44,250627
1744398000000,83607.99,84393.7,250627,1562.27,1571.96,250627
1744401600000,83858.28,84655.7,250627,1565.79,1575.67,250627
1744405200000,83848.0,84615.4,250627,1571.36,1582.09,250627
1744408800000,83674.01,84441.8,250627,1573.06,1584.55,250627
1744412400000,83415.34,84189.3,250627,1566.38,1576.87,250627
1744416000000,83423.84,84186.7,250627,1566.85,1576.66,250627
1744419600000,83369.08,84174.9,250627,1562.25,1572.15,250627
1744423200000,83217.39,84050.5,250627,1554.68,1564.64,250627
1744426800000,82804.87,83647.2,250627,1547.76,1558.31,250627
1744430400000,82973.13,83810.4,250627,1554.4,1564.83,250627
1744434000000,83208.04,84048.9,250627,1567.52,1578.99,250627
1744437600000,83338.92,84179.5,250627,1568.56,1580.0,250627
1744441200000,83567.42,84424.5,250627,1573.85,1585.73,250627
1744444800000,83724.92,84619.3,250627,1582.05,1594.2,250627
1744448400000,83604.77,84471.7,250627,1591.76,1603.95,250627
1744452000000,83550.0,84447.5,250627,1597.5,1609.65,250627
1744455600000,83420.44,84314.2,250627,1592.02,1605.13,250627
1744459200000,83528.3,84412.6,250627,1594.06,1606.25,250627
1744462800000,83829.86,84681.3,250627,1607.22,1620.29,250627
1744466400000,84458.24,85294.2,250627,1638.76,1651.84,250627
1744470000000,84827.75,85623.5,250627,1653.85,1666.11,250627
1744473600000,85008.4,85835.8,250627,1655.87,1666.79,250627
1744477200000,84659.19,85499.3,250627,1643.72,1655.06,250627
1744480800000,84760.71,85563.3,250627,1633.82,1645.43,250627
1744484400000,85178.01,85976.6,250627,1650.66,1662.48,250627
1744488000000,84943.4,85778.0,250627,1642.63,1654.72,250627
1744491600000,85517.29,86379.3,250627,1649.24,1661.18,250627
1744495200000,85367.93,86245.5,250627,1647.35,1659.53,250627
1744498800000,85336.01,86198.4,250627,1649.85,1661.21,250627
1744502400000,85276.9,86153.1,250627,1644.18,1656.01,250627
1744506000000,85495.72,86361.7,250627,1642.1,1653.51,250627
1744509600000,85259.77,86106.6,250627,1617.11,1628.81,250627
1744513200000,85302.22,86168.2,250627,1625.4,1637.68,250627
1744516800000,85432.31,86253.0,250627,1624.53,1636.3,250627
1744520400000,84619.98,85500.0,250627,1609.0,1619.91,250627
1744524000000,84515.58,85424.8,250627,1609.28,1620.51,250627
1744527600000,84608.69,85503.6,250627,1616.99,1629.01,250627
1744531200000,84413.1,85318.0,250627,1613.5,1625.22,250627
1744534800000,84664.6,85589.9,250627,1620.6,1632.57,250627
1744538400000,84918.24,85832.7,250627,1627.14,1638.9,250627
1744542000000,84686.79,85599.5,250627,1617.92,1629.74,250627
1744545600000,84528.66,85439.1,250627,1604.28,1616.18,250627
1744549200000,84458.75,85354.8,250627,1603.04,1614.22,250627
1744552800000,83599.13,84558.8,250627,1574.26,1586.55,250627
1744556400000,84093.22,84996.4,250627,1586.01,1597.95,250627
1744560000000,83849.66,84770.0,250627,1586.62,1598.81,250627
1744563600000,84225.97,85150.0,250627,1595.69,1607.3,250627
1744567200000,84754.85,85701.2,250627,1636.77,1649.24,250627
1744570800000,84730.0,85648.1,250627,1629.96,1642.23,250627
1744574400000,83981.31,84930.8,250627,1590.25,1602.08,250627
1744578000000,83499.99,84442.7,250627,1590.76,1602.71,250627
1744581600000,83607.0,84543.3,250627,1593.84,1605.95,250627
1744585200000,83335.99,84242.9,250627,1586.17,1598.44,250627
1744588800000,83760.0,84657.9,250627,1597.76,1610.17,250627
1744592400000,84325.74,85222.7,250627,1611.85,1623.23,250627
1744596000000,84228.0,85076.5,250627,1617.34,1629.64,250627
1744599600000,85140.7,86002.1,250627,1635.44,1648.34,250627
1744603200000,84566.03,85462.7,250627,1629.59,1642.48,250627
1744606800000,84869.31,85744.8,250627,1636.52,1649.09,250627
1744610400000,84575.18,85436.3,250627,1624.38,1636.59,250627
1744614000000,84624.21,85474.3,250627,1623.77,1636.3,250627
1744617600000,84580.76,85456.1,250627,1635.57,1647.47,250627
1744621200000,84763.18,85630.4,250627,1638.28,1650.31,250627
1744624800000,84442.72,85316.3,250627,1641.34,1653.38,250627
1744628400000,84656.85,85519.0,250627,1678.83,1689.94,250627
1744632000000,84927.55,85798.9,250627,1675.32,1687.28,250627
1744635600000,85128.76,85996.5,250627,1677.73,1688.98,250627
1744639200000,84376.66,85269.3,250627,1658.38,1669.38,250627
1744642800000,85423.6,86278.0,250627,1673.4,1684.56,250627
1744646400000,84101.16,85008.5,250627,1627.93,1639.7,250627
1744650000000,84341.99,85209.0,250627,1627.96,1639.65,250627
1744653600000,84859.73,85712.1,250627,1648.11,1659.99,250627
1744657200000,84988.04,85821.9,250627,1640.45,1652.19,250627
1744660800000,84923.07,85738.9,250627,1636.58,1647.27,250627
1744664400000,84861.82,85676.2,250627,1635.18,1646.79,250627
1744668000000,84706.1,85520.2,250627,1624.63,1634.87,250627
1744671600000,84500.01,85313.1,250627,1621.05,1632.33,250627
1744675200000,84591.58,85377.9,250627,1623.77,1635.2,250627
1744678800000,84930.7,85760.1,250627,1631.09,1643.03,250627
1744682400000,84983.73,85780.6,250627,1634.3,1645.7,250627
1744686000000,85232.83,86026.5,250627,1631.72,1643.43,250627
1744689600000,85379.96,86204.9,250627,1637.89,1650.37,250627
1744693200000,85490.46,86319.0,250627,1639.25,1651.2,250627
1744696800000,85545.71,86379.7,250627,1639.03,1650.88,250627
1744700400000,85391.35,86224.2,250627,1636.75,1647.58,250627
1744704000000,85716.77,86587.1,250627,1644.84,1656.24,250627
1744707600000,85850.0,86736.6,250627,1641.07,1652.49,250627
1744711200000,85989.0,86882.1,250627,1648.59,1660.09,250627
1744714800000,85638.14,86540.6,250627,1633.11,1644.42,250627
1744718400000,85589.23,86468.9,250627,1632.05,1644.06,250627
1744722000000,85819.74,86733.2,250627,1641.94,1653.64,250627
1744725600000,85589.44,86504.7,250627,1629.0,1640.96,250627
1744729200000,85146.88,86031.9,250627,1620.57,1631.45,250627
1744732800000,84918.14,85818.8,250627,1621.02,1632.33,250627
1744736400000,84860.81,85722.8,250627,1622.56,1633.83,250627
1744740000000,84483.23,85328.7,250627,1616.03,1626.96,250627
1744743600000,84196.0,85071.4,250627,1610.49,1621.41,250627
1744747200000,83998.52,84842.3,250627,1606.96,1618.56,250627
1744750800000,84020.01,84850.2,250627,1594.94,1605.44,250627
1744754400000,84178.0,85053.1,250627,1603.65,1614.96,250627
1744758000000,83838.47,84714.7,250627,1590.89,1602.5,250627
1744761600000,83643.99,84501.9,250627,1588.78,1599.67,250627
1744765200000,83146.01,84000.8,250627,1581.1,1592.37,250627
1744768800000,83637.79,84512.0,250627,1596.69,1608.52,250627
1744772400000,83900.0,84747.9,250627,1598.59,1609.26,250627
1744776000000,83695.66,84554.3,250627,1591.04,1602.74,250627
1744779600000,83587.99,84426.2,250627,1587.25,1598.51,250627
1744783200000,83363.0,84200.7,250627,1569.36,1580.31,250627
1744786800000,83643.99,84512.3,250627,1576.48,1587.99,250627
1744790400000,83363.17,84221.3,250627,1564.28,1575.19,250627
1744794000000,83736.79,84528.6,250627,1575.49,1585.67,250627
1744797600000,83600.01,84403.2,250627,1568.28,1578.99,250627
1744801200000,83937.02,84769.8,250627,1581.62,1591.38,250627
1744804800000,84048.11,84828.1,250627,1584.17,1593.63,250627
1744808400000,83757.72,84598.4,250627,1577.34,1587.54,250627
1744812000000,83736.37,84553.9,250627,1567.62,1578.5,250627
1744815600000,84605.31,85409.1,250627,1591.0,1600.84,250627
1744819200000,84846.58,85647.0,250627,1590.69,1599.88,250627
1744822800000,85048.55,85858.6,250627,1592.66,1604.38,250627
1744826400000,83281.21,84107.0,250627,1545.7,1556.63,250627
1744830000000,84029.97,84838.0,250627,1566.5,1576.96,250627
1744833600000,84334.01,85223.2,250627,1588.6,1600.88,250627
1744837200000,84295.99,85179.9,250627,1573.63,1583.45,250627
1744840800000,84545.36,85407.0,250627,1592.03,1603.15,250627
1744844400000,84460.43,85356.3,250627,1587.72,1599.21,250627
1744848000000,84030.38,84915.2,250627,1577.14,1588.85,250627
1744851600000,84210.0,85076.8,250627,1585.2,1596.81,250627
1744855200000,84337.99,85213.7,250627,1589.3,1601.3,250627
1744858800000,84272.86,85150.4,250627,1591.93,1603.92,250627
1744862400000,83994.23,84862.4,250627,1584.91,1596.59,250627
1744866000000,84153.05,85029.9,250627,1591.29,1602.14,250627
1744869600000,84391.3,85250.1,250627,1598.99,1609.69,250627
1744873200000,84773.59,85681.7,250627,1602.1,1614.09,250627
1744876800000,84669.98,85561.2,250627,1601.6,1613.2,250627
1744880400000,84445.54,85337.0,250627,1595.38,1607.0,250627
1744884000000,84477.31,85387.1,250627,1595.43,1606.92,250627
1744887600000,84377.27,85269.1,250627,1593.56,1605.19,250627
1744891200000,84562.0,85450.0,250627,1593.27,1605.96,250627
1744894800000,84775.99,85636.2,250627,1601.7,1613.88,250627
1744898400000,84475.14,85363.6,250627,1593.78,1605.4,250627
1744902000000,84087.08,84951.5,250627,1569.91,1581.29,250627
1744905600000,84531.71,85397.7,250627,1583.17,1594.98,250627
1744909200000,84934.0,85801.7,250627,1605.38,1617.37,250627
1744912800000,85108.66,85923.8,250627,1610.04,1621.64,250627
1744916400000,84899.71,85756.0,250627,1600.82,1612.34,250627
1744920000000,84849.06,85697.6,250627,1581.45,1592.92,250627
1744923600000,85140.0,85963.7,250627,1584.51,1594.28,250627
1744927200000,85062.0,85904.6,250627,1587.64,1599.37,250627
1744930800000,84720.21,85587.9,250627,1579.2,1590.42,250627
1744934400000,84947.91,85806.6,250627,1583.62,1595.12,250627
1744938000000,84817.09,85647.2,250627,1579.8,1591.21,250627
1744941600000,84925.58,85785.4,250627,1582.99,1594.69,250627
1744945200000,84888.0,85766.6,250627,1584.57,1596.7,250627
1744948800000,84828.0,85723.3,250627,1584.15,1596.48,250627
1744952400000,84663.71,85570.1,250627,1580.88,1592.88,250627
1744956000000,84734.97,85645.1,250627,1581.4,1593.52,250627
1744959600000,84721.41,85609.3,250627,1581.04,1593.27,250627
1744963200000,84654.68,85555.4,250627,1584.09,1595.47,250627
1744966800000,84647.32,85515.8,250627,1586.97,1598.01,250627
1744970400000,84548.9,85443.8,250627,1588.44,1600.36,250627
1744974000000,84521.25,85378.0,250627,1584.08,1595.04,250627
1744977600000,84669.11,85524.1,250627,1590.67,1601.87,250627
1744981200000,84645.6,85490.5,250627,1593.24,1605.33,250627
1744984800000,84570.61,85400.3,250627,1593.04,1605.03,250627
1744988400000,84583.13,85416.1,250627,1589.21,1600.89,250627
1744992000000,84374.59,85198.5,250627,1583.17,1594.35,250627
1744995600000,84478.12,85307.2,250627,1587.4,1598.0,250627
1744999200000,84571.92,85378.7,250627,1591.86,1603.23,250627
1745002800000,84616.96,85451.1,250627,1593.56,1604.99,250627
1745006400000,84562.83,85408.2,250627,1593.31,1604.4,250627
1745010000000,84520.12,85319.6,250627,1593.47,1603.78,250627
1745013600000,84621.58,85476.1,250627,1599.75,1609.99,250627
1745017200000,84521.48,85358.8,250627,1592.97,1603.05,250627
1745020800000,84474.69,85301.9,250627,1588.6,1600.21,250627
1745024400000,84436.67,85246.4,250627,1586.21,1597.64,250627
1745028000000,84544.06,85355.2,250627,1590.05,1601.38,250627
1745031600000,84785.8,85627.1,250627,1592.34,1604.24,250627
1745035200000,84883.71,85745.3,250627,1597.76,1608.94,250627
1745038800000,85021.9,85879.8,250627,1603.47,1614.74,250627
1745042400000,85079.99,85912.5,250627,1602.24,1613.29,250627
1745046000000,84921.98,85763.3,250627,1596.55,1607.54,250627
1745049600000,85217.39,86052.4,250627,1600.94,1612.01,250627
1745053200000,85311.63,86155.0,250627,1602.95,1614.29,250627
1745056800000,85328.12,86141.4,250627,1598.16,1608.93,250627
1745060400000,85250.0,86088.2,250627,1596.39,1607.99,250627
1745064000000,85217.4,86045.5,250627,1596.79,1608.02,250627
1745067600000,85295.43,86102.3,250627,1597.19,1608.5,250627
1745071200000,85472.54,86318.4,250627,1604.48,1616.05,250627
1745074800000,85415.09,86279.7,250627,1606.18,1617.71,250627
1745078400000,85191.19,86063.9,250627,1607.28,1618.46,250627
1745082000000,84845.93,85731.8,250627,1599.78,1611.84,250627
1745085600000,85239.92,86149.0,250627,1618.84,1630.46,250627
1745089200000,85144.64,86021.2,250627,1615.19,1626.32,250627
1745092800000,85085.55,85988.2,250627,1614.79,1625.93,250627
1745096400000,85195.85,86108.5,250627,1614.01,1627.24,250627
1745100000000,85339.53,86239.9,250627,1620.77,1633.4,250627
1745103600000,85259.86,86172.6,250627,1619.41,1631.93,250627
1745107200000,85077.01,85983.5,250627,1613.27,1625.68,250627
1745110800000,85167.99,86077.7,250627,1610.11,1623.19,250627
1745114400000,85320.15,86209.9,250627,1617.91,1630.23,250627
1745118000000,85226.44,86145.1,250627,1615.93,1628.76,250627
1745121600000,85168.81,86067.3,250627,1611.87,1624.05,250627
1745125200000,85185.13,86087.7,250627,1614.62,1627.47,250627
1745128800000,85088.54,85992.2,250627,1609.86,1622.37,250627
1745132400000,84955.42,85853.2,250627,1605.44,1618.33,250627
1745136000000,84784.01,85679.0,250627,1597.46,1609.56,250627
1745139600000,84647.3,85526.5,250627,1590.04,1603.01,250627
1745143200000,84551.14,85448.6,250627,1591.77,1603.65,250627
1745146800000,84184.03,85084.2,250627,1574.53,1586.72,250627
1745150400000,84129.83,84984.2,250627,1572.62,1584.67,250627
1745154000000,84365.56,85178.7,250627,1576.12,1587.78,250627
1745157600000,84315.21,85118.2,250627,1577.51,1589.44,250627
1745161200000,84626.16,85424.4,250627,1580.23,1591.76,250627
1745164800000,84344.66,85158.4,250627,1573.5,1585.2,250627
1745168400000,84604.11,85406.6,250627,1581.5,1592.88,250627
1745172000000,84581.98,85366.6,250627,1579.72,1591.03,250627
1745175600000,84577.78,85346.7,250627,1581.42,1592.81,250627
1745179200000,84651.61,85432.0,250627,1586.17,1597.51,250627
1745182800000,85127.58,85876.3,250627,1589.88,1600.68,250627
1745186400000,85009.27,85759.1,250627,1589.0,1598.26,250627
1745190000000,84835.28,85597.6,250627,1582.16,1592.74,250627
1745193600000,85179.24,85941.3,250627,1587.36,1598.2,250627
1745197200000,86625.68,87427.8,250627,1610.09,1621.4,250627
1745200800000,87293.07,88104.0,250627,1628.64,1639.25,250627
1745204400000,87350.01,88220.9,250627,1632.66,1643.77,250627
1745208000000,87205.56,88073.5,250627,1634.54,1646.51,250627
1745211600000,87351.14,88284.6,250627,1640.08,1651.9,250627
1745215200000,87550.0,88413.7,250627,1648.21,1660.94,250627
1745218800000,87521.73,88396.8,250627,1647.91,1660.92,250627
1745222400000,87434.78,88312.9,250627,1645.92,1658.07,250627
1745226000000,87569.28,88461.6,250627,1649.16,1660.96,250627
1745229600000,87516.05,88340.1,250627,1642.58,1653.82,250627
1745233200000,87347.83,88184.1,250627,1635.7,1647.5,250627
1745236800000,86971.92,87828.5,250627,1626.34,1637.94,250627
1745240400000,87038.71,87892.8,250627,1623.71,1634.85,250627
1745244000000,87028.09,87847.8,250627,1611.88,1622.73,250627
1745247600000,88208.37,88966.5,250627,1634.16,1644.24,250627
1745251200000,88044.8,88794.4,250627,1623.3,1632.32,250627
1745254800000,87176.96,87905.7,250627,1589.6,1598.91,250627
1745258400000,86847.39,87563.7,250627,1578.42,1587.14,250627
1745262000000,86786.29,87526.9,250627,1567.73,1576.57,250627
1745265600000,87415.1,88159.8,250627,1573.7,1582.2,250627
1745269200000,87367.92,88129.5,250627,1577.77,1586.44,250627
1745272800000,87275.0,88040.4,250627,1578.52,1587.43,250627
1745276400000,87168.08,87906.9,250627,1577.85,1586.37,250627
1745280000000,87516.23,88240.8,250627,1579.57,1588.23,250627
1745283600000,87709.85,88435.1,250627,1568.93,1577.36,250627
1745287200000,88400.01,89207.8,250627,1587.53,1597.11,250627
1745290800000,88169.21,88969.4,250627,1577.09,1585.73,250627
1745294400000,88157.55,88948.4,250627,1579.22,1588.43,250627
1745298000000,88056.79,88818.3,250627,1577.97,1586.66,250627
1745301600000,88391.27,89170.4,250627,1583.71,1592.88,250627
1745305200000,88246.46,89044.3,250627,1583.74,1592.98,250627
1745308800000,88476.83,89279.2,250627,1619.21,1630.1,250627
1745312400000,88414.33,89223.8,250627,1627.75,1637.6,250627
1745316000000,88574.34,89361.4,250627,1625.36,1635.4,250627
1745319600000,88513.71,89343.9,250627,1628.46,1638.51,250627
1745323200000,88614.1,89478.7,250627,1631.03,1641.28,250627
1745326800000,88992.7,89859.1,250627,1634.92,1645.95,250627
1745330400000,90236.16,91080.9,250627,1642.98,1654.01,250627
1745334000000,90797.73,91640.3,250627,1675.0,1687.35,250627
1745337600000,90934.61,91720.3,250627,1703.01,1715.9,250627
1745341200000,90673.1,91499.0,250627,1691.72,1703.67,250627
1745344800000,91396.14,92216.8,250627,1700.42,1712.71,250627
1745348400000,91504.36,92322.6,250627,1703.79,1715.1,250627
1745352000000,91414.79,92227.4,250627,1698.22,1709.73,250627
1745355600000,91111.72,91881.2,250627,1695.32,1708.37,250627
1745359200000,93039.99,93728.0,250627,1754.25,1765.66,250627
1745362800000,92786.19,93469.5,250627,1745.7,1756.48,250627
1745366400000,93442.99,94229.9,250627,1756.26,1767.21,250627
1745370000000,92896.99,93708.7,250627,1751.27,1761.8,250627
1745373600000,92640.0,93481.9,250627,1762.28,1773.12,250627
1745377200000,92868.77,93734.2,250627,1792.21,1804.96,250627
1745380800000,93168.91,94006.4,250627,1795.49,1807.31,250627
1745384400000,93665.99,94500.3,250627,1817.01,1828.77,250627
1745388000000,93478.42,94329.2,250627,1797.41,1809.73,250627
1745391600000,93628.13,94463.7,250627,1788.84,1802.0,250627
1745395200000,94133.82,94987.5,250627,1792.11,1805.42,250627
1745398800000,94285.72,95161.7,250627,1791.32,1803.29,250627
1745402400000,93888.52,94830.2,250627,1785.55,1799.22,250627
1745406000000,93745.19,94628.7,250627,1803.71,1816.4,250627
1745409600000,93466.01,94381.8,250627,1797.23,1810.06,250627
1745413200000,93731.4,94659.7,250627,1815.09,1829.11,250627
1745416800000,93020.22,93962.5,250627,1786.87,1799.35,250627
1745420400000,92940.06,93841.8,250627,1788.12,1801.59,250627
1745424000000,93195.28,94075.3,250627,1794.6,1808.55,250627
1745427600000,93641.74,94498.4,250627,1792.6,1805.57,250627
1745431200000,93894.37,94730.9,250627,1800.72,1812.51,250627
1745434800000,93620.89,94442.1,250627,1798.21,1809.45,250627
1745438400000,93497.88,94338.4,250627,1786.03,1798.19,250627
1745442000000,93640.0,94500.0,250627,1795.59,1808.16,250627
1745445600000,93485.5,94282.5,250627,1791.58,1803.32,250627
1745449200000,93790.19,94616.1,250627,1803.42,1815.58,250627
1745452800000,93691.08,94477.3,250627,1795.07,1807.63,250627
1745456400000,93357.22,94171.4,250627,1789.89,1801.8,250627
1745460000000,93489.18,94290.7,250627,1793.99,1805.75,250627
1745463600000,93101.23,93937.4,250627,1779.36,1790.91,250627
1745467200000,92673.95,93503.7,250627,1768.18,1779.75,250627
1745470800000,92746.66,93572.5,250627,1772.32,1783.84,250627
1745474400000,92576.61,93397.2,250627,1769.59,1780.13,250627
1745478000000,92388.69,93213.7,250627,1768.19,1779.65,250627
1745481600000,92203.55,93024.6,250627,1756.25,1768.1,250627
1745485200000,92017.75,92831.5,250627,1734.91,1747.29,250627
1745488800000,92476.9,93327.7,250627,1743.5,1756.37,250627
1745492400000,92550.89,93485.3,250627,1750.17,1761.87,250627
1745496000000,92619.94,93479.4,250627,1755.1,1767.11,250627
1745499600000,92777.27,93619.6,250627,1757.86,1769.4,250627
1745503200000,92813.83,93638.4,250627,1753.55,1765.96,250627
1745506800000,93101.83,93884.0,250627,1765.37,1777.14,250627
1745510400000,93202.51,94047.5,250627,1764.62,1776.16,250627
1745514000000,93346.08,94175.0,250627,1770.4,1781.93,250627
1745517600000,93011.28,93839.9,250627,1755.41,1767.19,250627
1745521200000,93380.0,94202.1,250627,1763.24,1775.18,250627
1745524800000,93556.12,94364.3,250627,1763.1,1775.12,250627
1745528400000,93390.66,94217.0,250627,1762.01,1774.44,250627
1745532000000,93353.72,94168.6,250627,1760.8,1772.95,250627
1745535600000,93427.98,94256.3,250627,1760.0,1771.48,250627
1745539200000,93980.47,94808.5,250627,1769.65,1781.19,250627
1745542800000,93896.28,94725.7,250627,1774.15,1786.14,250627
1745546400000,93678.13,94491.9,250627,1765.93,1776.72,250627
1745550000000,92992.33,93837.5,250627,1744.61,1756.27,250627
1745553600000,93311.83,94159.0,250627,1760.89,1772.37,250627
1745557200000,93058.58,93906.2,250627,1766.0,1777.4,250627
1745560800000,93206.05,94050.6,250627,1767.26,1778.76,250627
1745564400000,93538.07,94405.4,250627,1776.96,1789.02,250627
1745568000000,93772.26,94655.3,250627,1777.18,1789.13,250627
1745571600000,93680.01,94532.4,250627,1775.19,1787.64,250627
1745575200000,93816.42,94636.0,250627,1788.11,1800.12,250627
1745578800000,93634.02,94444.5,250627,1771.6,1782.91,250627
1745582400000,94635.67,95403.5,250627,1790.49,1803.11,250627
1745586000000,94417.29,95206.7,250627,1773.1,1783.76,250627
1745589600000,94400.01,95216.6,250627,1769.11,1781.9,250627
1745593200000,95368.0,96170.4,250627,1808.34,1820.0,250627
1745596800000,95061.22,95893.5,250627,1806.48,1818.22,250627
1745600400000,95223.81,96005.0,250627,1801.75,1813.33,250627
1745604000000,94527.79,95324.0,250627,1785.82,1796.88,250627
1745607600000,94970.15,95760.9,250627,1796.4,1807.44,250627
1745611200000,95291.0,96058.8,250627,1802.16,1814.48,250627
1745614800000,94869.57,95690.0,250627,1798.33,1810.28,250627
1745618400000,94608.69,95454.2,250627,1789.81,1801.26,250627
1745622000000,94850.0,95667.8,250627,1795.65,1807.07,250627
1745625600000,94638.68,95490.0,250627,1784.6,1796.58,250627
1745629200000,94880.69,95905.6,250627,1796.42,1809.34,250627
1745632800000,95013.14,95995.8,250627,1807.3,1820.45,250627
1745636400000,95000.0,95966.8,250627,1807.99,1820.73,250627
1745640000000,94739.99,95725.4,250627,1797.48,1811.4,250627
1745643600000,94536.99,95501.7,250627,1791.84,1804.51,250627
1745647200000,94626.47,95551.1,250627,1794.45,1807.43,250627
1745650800000,94630.42,95567.6,250627,1803.05,1815.9,250627
1745654400000,94570.31,95504.6,250627,1800.49,1814.55,250627
1745658000000,94318.04,95250.8,250627,1806.35,1820.03,250627
1745661600000,94277.65,95202.8,250627,1803.47,1816.42,250627
1745665200000,94209.03,95165.4,250627,1803.89,1817.26,250627
1745668800000,94144.06,95074.9,250627,1785.85,1799.2,250627
1745672400000,94245.9,95220.2,250627,1791.7,1805.74,250627
1745676000000,94149.2,95096.6,250627,1790.42,1803.93,250627
1745679600000,94240.01,95202.5,250627,1792.2,1805.44,250627
1745683200000,94373.24,95344.1,250627,1800.2,1814.31,250627
1745686800000,94286.92,95243.3,250627,1802.94,1817.14,250627
1745690400000,94316.79,95258.7,250627,1804.5,1818.47,250627
1745694000000,94154.71,95078.9,250627,1802.79,1816.35,250627
1745697600000,94307.5,95260.2,250627,1813.08,1827.41,250627
1745701200000,94087.0,95007.2,250627,1805.7,1820.46,250627
1745704800000,94355.38,95255.2,250627,1812.05,1825.73,250627
1745708400000,94781.86,95752.3,250627,1816.28,1829.72,250627
1745712000000,94628.0,95565.2,250627,1820.88,1835.08,250627
1745715600000,94870.01,95838.4,250627,1842.03,1855.93,250627
1745719200000,94117.6,95034.9,250627,1804.6,1817.83,250627
1745722800000,94345.86,95291.5,250627,1813.24,1826.33,250627
1745726400000,94156.21,95113.8,250627,1809.75,1823.31,250627
1745730000000,94014.17,94972.0,250627,1798.2,1811.03,250627
1745733600000,93923.88,94859.4,250627,1798.69,1812.07,250627
1745737200000,94015.91,94978.8,250627,1800.62,1813.83,250627
1745740800000,94065.98,94989.7,250627,1803.76,1816.73,250627
1745744400000,94202.51,95137.5,250627,1810.09,1823.89,250627
1745748000000,94159.87,95079.2,250627,1810.65,1824.36,250627
1745751600000,94053.6,94970.7,250627,1809.19,1823.28,250627
1745755200000,93920.01,94830.7,250627,1805.94,1820.87,250627
1745758800000,93734.86,94627.4,250627,1796.19,1810.19,250627
1745762400000,94060.09,94916.3,250627,1797.96,1812.53,250627
1745766000000,93985.9,94874.0,250627,1796.63,1810.6,250627
1745769600000,93901.08,94772.1,250627,1793.86,1808.47,250627
1745773200000,93881.82,94763.1,250627,1795.29,1810.1,250627
1745776800000,94043.78,94900.8,250627,1798.12,1812.95,250627
1745780400000,94287.29,95135.2,250627,1803.39,1818.07,250627
1745784000000,94433.5,95270.8,250627,1808.01,1822.66,250627
1745787600000,94260.86,95095.0,250627,1802.5,1816.79,250627
1745791200000,94328.29,95187.5,250627,1803.0,1817.39,250627
1745794800000,93939.57,94791.9,250627,1794.6,1808.6,250627
1745798400000,93749.3,94583.3,250627,1791.29,1805.06,250627
1745802000000,93419.9,94254.4,250627,1773.59,1786.01,250627
1745805600000,92949.99,93746.5,250627,1763.89,1776.62,250627
1745809200000,93621.64,94414.5,250627,1772.99,1785.73,250627
1745812800000,93849.93,94610.3,250627,1784.23,1796.75,250627
1745816400000,94036.48,94830.0,250627,1787.76,1800.07,250627
1745820000000,94224.28,94993.4,250627,1795.8,1808.55,250627
1745823600000,94583.99,95367.1,250627,1804.69,1817.29,250627
1745827200000,94692.49,95493.9,250627,1804.79,1817.52,250627
1745830800000,94706.39,95500.2,250627,1809.39,1822.68,250627
1745834400000,94739.07,95527.1,250627,1805.76,1819.09,250627
1745838000000,95060.77,95893.9,250627,1815.39,1828.41,250627
1745841600000,95319.99,96187.2,250627,1816.2,1829.9,250627
1745845200000,95350.69,96219.7,250627,1806.87,1820.57,250627
1745848800000,93965.7,94868.6,250627,1784.22,1797.06,250627
1745852400000,94417.73,95301.3,250627,1781.92,1795.47,250627
1745856000000,93833.51,94734.8,250627,1763.28,1776.98,250627
1745859600000,93734.04,94644.4,250627,1757.99,1771.38,250627
1745863200000,94100.39,94972.0,250627,1770.86,1784.51,250627
1745866800000,94175.89,95076.8,250627,1778.2,1792.39,250627
1745870400000,94787.2,95655.2,250627,1797.17,1810.05,250627
1745874000000,94469.67,95325.8,250627,1785.83,1800.23,250627
1745877600000,94549.97,95390.4,250627,1793.45,1804.11,250627
1745881200000,94809.52,95646.4,250627,1801.88,1815.23,250627
1745884800000,95011.18,95829.4,250627,1799.88,1812.67,250627
1745888400000,95065.27,95906.2,250627,1802.08,1815.61,250627
1745892000000,94857.49,95725.6,250627,1796.5,1810.14,250627
1745895600000,94615.68,95479.0,250627,1794.63,1808.27,250627
1745899200000,94658.76,95507.2,250627,1802.08,1815.72,250627
1745902800000,94353.32,95228.0,250627,1792.38,1806.14,250627
1745906400000,94276.49,95118.0,250627,1794.89,1808.43,250627
1745910000000,94780.0,95656.1,250627,1821.13,1835.09,250627
1745913600000,94917.61,95778.9,250627,1821.71,1835.33,250627
1745917200000,95030.0,95888.1,250627,1832.5,1846.11,250627
1745920800000,94989.28,95864.2,250627,1831.85,1845.82,250627
1745924400000,94817.32,95700.2,250627,1825.71,1838.6,250627
1745928000000,95129.74,96032.5,250627,1829.77,1843.48,250627
1745931600000,94813.14,95717.7,250627,1821.8,1835.57,250627
1745935200000,94800.01,95675.1,250627,1814.64,1828.5,250627
1745938800000,95040.8,95922.8,250627,1823.51,1837.05,250627
1745942400000,94843.1,95718.6,250627,1814.99,1828.56,250627
1745946000000,94954.74,95840.5,250627,1816.23,1832.37,250627
1745949600000,95231.37,96120.3,250627,1825.19,1838.73,250627
1745953200000,95391.29,96263.1,250627,1825.58,1839.53,250627
1745956800000,95300.79,96176.1,250627,1821.65,1834.92,250627
1745960400000,94839.32,95769.9,250627,1808.68,1822.91,250627
1745964000000,94735.66,95654.3,250627,1800.57,1814.37,250627
1745967600000,94163.67,95051.8,250627,1792.69,1806.12,250627
1745971200000,94256.82,95186.8,250627,1797.81,1812.35,250627
1745974800000,94546.79,95460.5,250627,1805.61,1819.33,250627
1745978400000,94527.73,95416.4,250627,1797.62,1811.08,250627
1745982000000,94641.99,95527.2,250627,1802.99,1816.94,250627
1745985600000,95032.84,95907.8,250627,1808.91,1821.91,250627
1745989200000,95054.75,95940.5,250627,1811.91,1826.91,250627
1745992800000,94894.0,95766.2,250627,1806.11,1820.27,250627
1745996400000,94751.99,95641.2,250627,1803.24,1817.31,250627
1746000000000,94620.99,95488.1,250627,1796.37,1810.09,250627
1746003600000,94718.18,95589.3,250627,1795.24,1808.68,250627
1746007200000,94970.01,95840.8,250627,1806.56,1820.18,250627
1746010800000,94946.52,95803.6,250627,1807.53,1821.23,250627
1746014400000,95176.66,96053.3,250627,1815.7,1829.32,250627
1746018000000,94555.88,95420.7,250627,1775.46,1788.5,250627
1746021600000,93032.58,93899.4,250627,1740.85,1753.31,250627
1746025200000,93705.04,94646.5,250627,1759.27,1773.01,250627
1746028800000,94004.63,94922.2,250627,1764.74,1778.65,250627
1746032400000,93939.98,94831.5,250627,1767.99,1781.58,250627
1746036000000,94100.39,95026.5,250627,1775.53,1790.11,250627
1746039600000,94078.24,94997.7,250627,1782.48,1795.65,250627
1746043200000,94152.01,95046.9,250627,1786.69,1800.41,250627
1746046800000,94555.99,95447.8,250627,1794.01,1808.04,250627
1746050400000,94419.0,95325.0,250627,1792.52,1806.02,250627
1746054000000,94114.05,95012.0,250627,1795.39,1808.72,250627
1746057600000,94172.0,95100.5,250627,1793.61,1807.17,250627
1746061200000,94405.47,95293.9,250627,1797.75,1810.45,250627
1746064800000,94636.51,95513.0,250627,1809.91,1823.54,250627
1746068400000,94867.46,95706.1,250627,1807.56,1821.12,250627
1746072000000,94782.6,95631.1,250627,1807.99,1821.56,250627
1746075600000,94860.51,95735.4,250627,1809.0,1822.77,250627
1746079200000,95147.96,96010.9,250627,1813.65,1827.65,250627
1746082800000,94888.85,95752.7,250627,1806.54,1820.67,250627
1746086400000,95025.84,95911.4,250627,1810.6,1824.74,250627
1746090000000,95210.16,96090.2,250627,1817.83,1831.59,250627
1746093600000,95520.99,96447.3,250627,1817.53,1831.75,250627
1746097200000,96169.01,97103.5,250627,1847.61,1861.28,250627
1746100800000,96180.01,97103.9,250627,1845.58,1859.64,250627
1746104400000,96373.2,97297.8,250627,1849.29,1864.36,250627
1746108000000,95809.52,96740.4,250627,1826.83,1841.18,250627
1746111600000,96827.99,97738.7,250627,1848.59,1863.76,250627
1746115200000,96854.3,97754.6,250627,1852.99,1867.31,250627
1746118800000,97007.14,97919.5,250627,1859.7,1873.92,250627
1746122400000,96794.17,97705.2,250627,1856.11,1869.66,250627
1746126000000,96869.55,97748.0,250627,1856.0,1870.13,250627
1746129600000,96523.26,97382.7,250627,1842.82,1857.83,250627
1746133200000,96407.9,97293.8,250627,1839.41,1854.71,250627
1746136800000,96464.55,97377.7,250627,1843.79,1858.45,250627
1746140400000,96372.33,97225.4,250627,1838.71,1853.69,250627
1746144000000,96489.91,97349.6,250627,1838.11,1853.17,250627
1746147600000,97042.97,97891.5,250627,1847.75,1861.96,250627
1746151200000,96970.4,97875.2,250627,1842.72,1858.05,250627
1746154800000,96952.58,97853.0,250627,1846.8,1861.66,250627
1746158400000,97102.32,97995.6,250627,1847.74,1861.78,250627
1746162000000,96939.86,97832.6,250627,1841.49,1856.21,250627
1746165600000,96707.54,97604.2,250627,1832.1,1847.32,250627
1746169200000,96715.0,97580.0,250627,1832.23,1846.58,250627
1746172800000,96350.0,97229.8,250627,1816.32,1830.91,250627
1746176400000,96636.2,97520.1,250627,1823.69,1838.06,250627
1746180000000,96596.68,97455.3,250627,1820.68,1834.85,250627
1746183600000,96888.0,97738.6,250627,1829.28,1843.73,250627
1746187200000,96928.97,97780.4,250627,1833.39,1848.23,250627
1746190800000,97182.53,98009.9,250627,1841.23,1854.67,250627
1746194400000,96772.08,97602.0,250627,1833.82,1846.89,250627
1746198000000,97748.4,98554.7,250627,1848.9,1862.07,250627
1746201600000,97330.19,98134.1,250627,1841.12,1854.31,250627
1746205200000,97348.69,98169.6,250627,1852.51,1866.07,250627
1746208800000,97402.55,98188.6,250627,1852.35,1865.98,250627
1746212400000,97171.0,97968.9,250627,1849.02,1862.34,250627
1746216000000,96924.23,97659.9,250627,1839.68,1853.64,250627
1746219600000,97022.31,97808.6,250627,1846.81,1860.22,250627
1746223200000,96726.08,97525.9,250627,1837.54,1850.86,250627
1746226800000,96649.01,97403.2,250627,1835.2,1848.11,250627
1746230400000,96887.14,97635.6,250627,1842.2,1854.88,250627
1746234000000,96700.45,97475.6,250627,1838.7,1851.66,250627
1746237600000,96493.94,97268.4,250627,1829.0,1841.23,250627
1746241200000,96533.51,97301.2,250627,1833.89,1847.97,250627
1746244800000,96337.5,97088.3,250627,1834.8,1847.83,250627
1746248400000,96519.05,97278.0,250627,1838.0,1852.45,250627
1746252000000,96417.14,97204.3,250627,1833.19,1846.22,250627
1746255600000,96183.5,96913.1,250627,1827.28,1839.86,250627
1746259200000,96322.68,97081.7,250627,1826.41,1839.75,250627
1746262800000,96281.0,97062.4,250627,1825.3,1837.92,250627
1746266400000,96254.01,97007.2,250627,1827.4,1840.19,250627
1746270000000,95896.5,96645.0,250627,1819.45,1831.98,250627
1746273600000,95942.02,96669.8,250627,1824.1,1837.42,250627
1746277200000,96120.42,96850.0,250627,1829.59,1842.29,250627
1746280800000,96330.0,97059.0,250627,1835.2,1846.83,250627
1746284400000,96380.95,97115.9,250627,1835.2,1846.96,250627
1746288000000,96418.68,97110.7,250627,1834.53,1846.9,250627
1746291600000,96215.41,96919.6,250627,1827.11,1839.7,250627
1746295200000,96191.56,96907.0,250627,1824.0,1836.93,250627
1746298800000,96146.99,96825.5,250627,1825.93,1837.93,250627
1746302400000,96354.34,97064.9,250627,1838.21,1850.98,250627
1746306000000,96341.29,97037.2,250627,1838.68,1851.07,250627
1746309600000,96266.17,96971.1,250627,1841.1,1852.12,250627
1746313200000,96170.18,96907.9,250627,1842.84,1854.86,250627
1746316800000,95856.42,96554.9,250627,1833.52,1846.14,250627
1746320400000,95880.95,96554.3,250627,1836.6,1848.27,250627
1746324000000,96099.94,96803.8,250627,1837.54,1850.28,250627
1746327600000,95892.28,96583.0,250627,1834.15,1846.42,250627
1746331200000,95722.23,96446.7,250627,1831.89,1843.91,250627
1746334800000,95725.52,96424.1,250627,1830.63,1841.9,250627
1746338400000,96042.72,96761.2,250627,1845.74,1857.55,250627
1746342000000,95905.74,96616.2,250627,1845.49,1857.08,250627
1746345600000,95879.99,96578.5,250627,1840.98,1853.0,250627
1746349200000,95647.27,96351.0,250627,1831.05,1843.28,250627
1746352800000,95485.01,96106.0,250627,1827.59,1839.36,250627
1746356400000,95400.47,96017.9,250627,1827.36,1839.46,250627
1746360000000,95423.2,96033.1,250627,1827.6,1839.9,250627
1746363600000,95462.24,96070.2,250627,1830.18,1842.98,250627
1746367200000,95369.37,95981.5,250627,1825.12,1836.91,250627
1746370800000,95611.07,96216.1,250627,1831.21,1843.25,250627
1746374400000,95467.6,96057.9,250627,1830.8,1842.78,250627
1746378000000,95341.56,95944.1,250627,1827.93,1838.96,250627
1746381600000,95410.08,96006.9,250627,1827.85,1839.11,250627
1746385200000,95389.07,95978.9,250627,1825.85,1837.76,250627
1746388800000,95584.07,96213.9,250627,1828.4,1839.53,250627
1746392400000,95719.99,96324.8,250627,1836.17,1847.01,250627
1746396000000,95675.99,96298.0,250627,1835.41,1846.2,250627
1746399600000,95015.82,95533.6,250627,1818.02,1827.77,250627
1746403200000,94277.62,94800.0,250627,1808.86,1819.01,250627
1746406800000,94724.11,95232.1,250627,1816.07,1826.42,250627
1746410400000,93929.0,94460.1,250627,1791.82,1801.71,250627
1746414000000,94236.67,94770.0,250627,1799.41,1809.61,250627
1746417600000,94031.47,94582.8,250627,1794.51,1804.79,250627
1746421200000,94409.66,94943.3,250627,1804.91,1815.38,250627
1746424800000,94732.77,95266.1,250627,1816.51,1826.93,250627
1746428400000,94761.13,95310.8,250627,1820.36,1830.08,250627
1746432000000,94761.91,95286.0,250627,1826.59,1836.67,250627
1746435600000,94559.19,95080.3,250627,1828.4,1838.03,250627
1746439200000,94550.63,95077.6,250627,1823.33,1833.29,250627
1746442800000,94121.89,94646.9,250627,1804.76,1813.91,250627
1746446400000,94038.18,94547.7,250627,1804.63,1814.36,250627
1746450000000,94333.33,94905.9,250627,1805.65,1815.5,250627
1746453600000,94226.38,94829.0,250627,1808.8,1819.27,250627
1746457200000,93879.37,94493.0,250627,1804.48,1815.3,250627
1746460800000,93770.31,94396.1,250627,1800.99,1812.01,250627
1746464400000,94206.31,94828.3,250627,1808.09,1819.32,250627
1746468000000,94500.0,95131.0,250627,1814.51,1826.95,250627
1746471600000,94730.39,95365.8,250627,1822.61,1835.19,250627
1746475200000,94347.17,94929.7,250627,1816.44,1829.01,250627
1746478800000,94242.02,94852.7,250627,1808.97,1820.98,250627
1746482400000,94719.82,95301.4,250627,1816.75,1828.19,250627
1746486000000,95049.48,95677.3,250627,1826.09,1839.02,250627
1746489600000,94733.68,95384.4,250627,1820.19,1832.76,250627
1746493200000,94598.89,95222.3,250627,1814.19,1826.9,250627
1746496800000,94312.6,94860.0,250627,1804.49,1817.04,250627
1746500400000,94334.99,94878.0,250627,1803.63,1815.68,250627
1746504000000,94454.01,95031.7,250627,1806.35,1819.14,250627
1746507600000,94574.57,95159.7,250627,1806.97,1819.18,250627
1746511200000,94345.56,94925.4,250627,1798.91,1811.18,250627
1746514800000,94498.11,95069.4,250627,1806.38,1817.01,250627
1746518400000,94400.99,94998.3,250627,1806.03,1818.01,250627
1746522000000,94375.9,94943.2,250627,1801.68,1813.17,250627
1746525600000,94211.96,94775.0,250627,1798.0,1809.82,250627
1746529200000,93942.83,94493.2,250627,1785.19,1796.62,250627
1746532800000,93812.54,94376.4,250627,1769.92,1781.33,250627
1746536400000,93935.99,94501.1,250627,1775.22,1786.33,250627
1746540000000,93616.92,94192.5,250627,1759.15,1772.11,250627
1746543600000,94147.02,94701.6,250627,1768.7,1780.16,250627
1746547200000,94558.95,95103.6,250627,1770.09,1780.83,250627
1746550800000,94241.01,94781.1,250627,1763.02,1774.41,250627
1746554400000,94535.93,95085.5,250627,1768.02,1779.49,250627
1746558000000,95067.36,95606.9,250627,1790.12,1802.03,250627
1746561600000,94963.5,95504.8,250627,1784.79,1795.73,250627
1746565200000,94682.23,95228.5,250627,1775.44,1787.2,250627
1746568800000,94688.99,95241.0,250627,1775.81,1787.04,250627
1746572400000,96259.94,96810.2,250627,1811.11,1822.43,250627
1746576000000,96834.02,97370.3,250627,1817.0,1828.56,250627
1746579600000,97415.65,97965.2,250627,1842.23,1853.33,250627
1746583200000,97242.85,97791.1,250627,1832.71,1844.87,250627
1746586800000,96619.05,97066.3,250627,1824.94,1835.16,250627
1746590400000,96506.9,96975.8,250627,1826.48,1836.72,250627
1746594000000,96576.0,97041.8,250627,1828.63,1839.29,250627
1746597600000,96380.96,96882.6,250627,1828.21,1838.9,250627
1746601200000,96557.31,97056.5,250627,1830.61,1840.79,250627
1746604800000,96994.82,97481.5,250627,1838.24,1848.87,250627
1746608400000,97024.45,97540.6,250627,1840.69,1851.11,250627
1746612000000,96978.4,97505.5,250627,1844.04,1854.35,250627
1746615600000,97030.01,97551.4,250627,1833.71,1843.31,250627
1746619200000,97047.43,97545.7,250627,1836.35,1845.64,250627
1746622800000,96966.08,97484.4,250627,1830.7,1840.87,250627
1746626400000,97022.01,97527.6,250627,1828.9,1839.09,250627
1746630000000,96938.0,97437.2,250627,1822.21,1832.72,250627
1746633600000,96923.91,97443.6,250627,1817.31,1828.18,250627
1746637200000,96857.15,97351.9,250627,1811.77,1822.4,250627
1746640800000,96307.54,96831.7,250627,1796.25,1806.54,250627
1746644400000,96593.59,97091.4,250627,1806.43,1817.2,250627
1746648000000,96180.01,96676.2,250627,1795.82,1806.88,250627
1746651600000,96766.8,97277.2,250627,1798.18,1808.7,250627
1746655200000,97120.63,97655.3,250627,1802.73,1812.5,250627
1746658800000,97262.88,97799.9,250627,1817.12,1827.43,250627
1746662400000,97030.5,97570.2,250627,1811.11,1821.26,250627
1746666000000,97770.01,98287.0,250627,1827.13,1837.05,250627
1746669600000,97816.21,98374.0,250627,1822.9,1833.39,250627
1746673200000,98681.99,99240.1,250627,1841.56,1851.85,250627
1746676800000,99152.79,99707.0,250627,1901.1,1912.26,250627
1746680400000,98954.32,99504.5,250627,1893.81,1905.32,250627
1746684000000,98740.61,99309.0,250627,1896.77,1907.9,250627
1746687600000,99039.99,99612.8,250627,1911.29,1921.9,250627
1746691200000,99252.34,99849.6,250627,1928.4,1939.67,250627
1746694800000,99666.66,100271.9,250627,1934.98,1946.91,250627
1746698400000,99790.97,100438.4,250627,1941.1,1953.2,250627
1746702000000,99780.67,100443.1,250627,1961.01,1973.32,250627
1746705600000,99409.14,100100.1,250627,1957.63,1970.09,250627
1746709200000,99287.97,99962.2,250627,1959.7,1972.27,250627
1746712800000,99290.03,99980.0,250627,1976.3,1988.21,250627
1746716400000,99371.95,100065.8,250627,1989.51,2002.7,250627
1746720000000,100758.08,101438.4,250627,2051.3,2064.72,250627
1746723600000,101276.49,101948.6,250627,2050.59,2063.44,250627
1746727200000,101027.13,101759.0,250627,2046.2,2059.91,250627
1746730800000,101365.38,102069.2,250627,2067.74,2081.93,250627
1746734400000,101299.99,101961.7,250627,2117.83,2132.09,250627
1746738000000,102607.8,103316.2,250627,2185.0,2200.0,250627
1746741600000,102828.03,103537.4,250627,2179.85,2193.67,250627
1746745200000,103017.95,103715.9,250627,2179.47,2191.95,250627
1746748800000,103261.6,103921.6,250627,2207.39,2219.99,250627
1746752400000,102820.0,103552.4,250627,2200.91,2213.49,250627
1746756000000,103098.34,103831.1,250627,2206.8,2218.49,250627
1746759600000,102595.5,103319.0,250627,2216.59,2229.35,250627
1746763200000,102451.04,103175.7,250627,2205.06,2218.0,250627
1746766800000,102828.0,103536.3,250627,2213.9,2226.17,250627
1746770400000,102979.35,103666.0,250627,2215.05,2227.46,250627
1746774000000,103230.11,103926.3,250627,2256.91,2269.84,250627
1746777600000,103628.77,104345.0,250627,2364.09,2380.33,250627
1746781200000,102968.25,103664.9,250627,2412.88,2427.38,250627
1746784800000,102915.58,103614.2,250627,2341.6,2356.76,250627
1746788400000,103371.63,104024.2,250627,2348.8,2365.09,250627
1746792000000,102958.31,103646.2,250627,2351.29,2367.74,250627
1746795600000,102899.99,103590.5,250627,2339.99,2354.77,250627
1746799200000,103633.5,104315.7,250627,2370.12,2385.25,250627
1746802800000,103155.99,103807.6,250627,2305.96,2321.06,250627
1746806400000,102895.99,103574.1,250627,2301.3,2316.07,250627
1746810000000,102480.83,103183.3,250627,2298.16,2313.61,250627
1746813600000,103199.99,103902.3,250627,2350.03,2365.39,250627
1746817200000,103176.46,103864.0,250627,2340.03,2355.0,250627
1746820800000,103189.17,103872.8,250627,2331.57,2346.07,250627
1746824400000,103183.94,103879.9,250627,2340.0,2354.39,250627
1746828000000,102984.99,103645.8,250627,2337.82,2351.42,250627
1746831600000,102784.66,103456.5,250627,2334.47,2349.38,250627
1746835200000,102971.99,103646.2,250627,2345.04,2359.81,250627
1746838800000,102865.7,103521.5,250627,2326.44,2339.86,250627
1746842400000,102987.5,103638.5,250627,2335.28,2350.18,250627
1746846000000,103147.96,103803.7,250627,2342.09,2355.98,250627
1746849600000,103226.24,103897.0,250627,2339.89,2355.32,250627
1746853200000,103152.48,103834.8,250627,2337.0,2351.62,250627
1746856800000,103361.0,104032.0,250627,2353.08,2369.55,250627
1746860400000,103930.71,104634.5,250627,2367.69,2381.38,250627
1746864000000,103759.71,104495.3,250627,2400.0,2415.72,250627
1746867600000,103634.92,104366.4,250627,2382.6,2397.99,250627
1746871200000,103761.91,104498.8,250627,2401.32,2417.46,250627
1746874800000,103593.15,104377.3,250627,2396.96,2413.7,250627
1746878400000,103434.94,104149.0,250627,2384.75,2400.9,250627
1746882000000,103695.98,104420.9,250627,2408.28,2424.08,250627
1746885600000,103628.86,104393.7,250627,2437.84,2452.5,250627
1746889200000,103520.41,104298.6,250627,2435.87,2453.6,250627
1746892800000,103138.77,103930.3,250627,2433.46,2451.19,250627
1746896400000,103435.22,104192.2,250627,2461.26,2475.84,250627
1746900000000,103176.88,103943.9,250627,2461.23,2475.58,250627
1746903600000,103252.88,103998.8,250627,2495.26,2510.87,250627
1746907200000,103191.35,103938.8,250627,2499.48,2514.63,250627
1746910800000,103193.43,103943.3,250627,2491.02,2505.1,250627
1746914400000,103756.71,104502.7,250627,2533.83,2549.0,250627
1746918000000,103597.89,104350.5,250627,2577.22,2593.06,250627
1746921600000,104809.53,105589.5,250627,2583.23,2595.32,250627
1746925200000,104428.58,105200.9,250627,2544.12,2557.12,250627
1746928800000,104135.32,104886.6,250627,2532.87,2543.96,250627
1746932400000,103781.06,104523.9,250627,2543.58,2554.64,250627
1746936000000,104007.03,104797.2,250627,2537.63,2548.4,250627
1746939600000,104153.72,104936.7,250627,2545.02,2556.0,250627
1746943200000,103840.0,104649.9,250627,2554.83,2567.15,250627
1746946800000,103864.52,104629.2,250627,2521.26,2532.6,250627
1746950400000,103385.47,104168.3,250627,2473.22,2484.91,250627
1746954000000,103825.39,104608.5,250627,2481.0,2492.12,250627
1746957600000,104347.94,105143.8,250627,2515.24,2527.04,250627
1746961200000,104644.0,105449.0,250627,2510.79,2522.25,250627
1746964800000,104652.01,105445.2,250627,2530.67,2543.4,250627
1746968400000,104601.9,105394.9,250627,2515.63,2529.68,250627
1746972000000,103959.99,104760.6,250627,2469.42,2482.79,250627
1746975600000,104160.0,104947.9,250627,2486.05,2502.69,250627
1746979200000,104150.0,104918.3,250627,2462.51,2478.85,250627
1746982800000,103984.13,104750.0,250627,2470.79,2488.82,250627
1746986400000,104036.7,104791.6,250627,2491.45,2509.09,250627
1746990000000,104528.19,105313.7,250627,2504.7,2522.25,250627
1746993600000,104420.0,105169.0,250627,2508.02,2525.7,250627
1746997200000,104269.85,105025.7,250627,2509.91,2528.33,250627
1747000800000,104349.0,105109.3,250627,2517.02,2536.51,250627
1747004400000,103793.67,104527.7,250627,2503.51,2519.37,250627
1747008000000,104118.0,104851.3,250627,2514.57,2531.26,250627
1747011600000,104587.31,105307.6,250627,2531.66,2546.3,250627
1747015200000,103984.14,104693.5,250627,2505.45,2519.74,250627
1747018800000,103885.72,104608.4,250627,2522.85,2537.56,250627
1747022400000,104100.13,104840.7,250627,2520.0,2535.64,250627
1747026000000,104072.7,104807.7,250627,2518.49,2534.91,250627
1747029600000,103940.0,104686.3,250627,2497.69,2513.22,250627
1747033200000,104384.8,105135.9,250627,2517.69,2531.98,250627
1747036800000,104467.99,105248.7,250627,2554.77,2568.37,250627
1747040400000,104614.04,105393.2,250627,2577.55,2592.39,250627
1747044000000,104459.34,105185.2,250627,2550.77,2567.29,250627
1747047600000,104527.62,105292.0,250627,2560.52,2578.26,250627
1747051200000,103762.9,104553.5,250627,2530.59,2548.01,250627
1747054800000,103881.15,104649.7,250627,2549.68,2567.17,250627
1747058400000,104319.99,105003.8,250627,2558.2,2574.93,250627
1747062000000,102799.99,103522.5,250627,2505.94,2522.75,250627
1747065600000,102527.26,103239.7,250627,2486.92,2502.65,250627
1747069200000,102856.06,103553.2,250627,2500.58,2516.83,250627
1747072800000,102556.19,103250.9,250627,2476.38,2492.73,250627
1747076400000,101630.59,102332.2,250627,2435.05,2450.69,250627
1747080000000,101860.0,102534.9,250627,2460.36,2475.86,250627
1747083600000,102678.51,103387.6,250627,2485.65,2499.31,250627
1747087200000,102510.1,103219.7,250627,2479.82,2494.28,250627
1747090800000,102856.38,103513.1,250627,2485.85,2500.62,250627
1747094400000,102791.32,103417.7,250627,2495.47,2509.69,250627
1747098000000,102260.01,102864.8,250627,2463.15,2478.01,250627
1747101600000,102400.48,103039.4,250627,2453.11,2467.59,250627
1747105200000,102067.99,102746.4,250627,2439.2,2454.51,250627
1747108800000,101719.4,102385.4,250627,2424.8,2441.02,250627
1747112400000,102745.71,103411.2,250627,2455.59,2472.25,250627
1747116000000,102477.15,103143.1,250627,2449.75,2466.27,250627
1747119600000,102552.0,103251.1,250627,2453.51,2470.54,250627
1747123200000,102665.5,103365.1,250627,2460.72,2477.07,250627
1747126800000,102722.0,103425.0,250627,2457.29,2473.88,250627
1747130400000,103457.03,104176.7,250627,2484.86,2500.38,250627
1747134000000,103557.72,104269.6,250627,2482.41,2497.78,250627
1747137600000,103729.2,104387.1,250627,2513.39,2528.14,250627
1747141200000,103682.52,104367.1,250627,2524.69,2539.07,250627
1747144800000,103715.87,104418.5,250627,2549.65,2565.09,250627
1747148400000,103191.65,103906.0,250627,2544.74,2560.45,250627
1747152000000,103682.55,104403.8,250627,2566.21,2580.36,250627
1747155600000,103725.85,104419.6,250627,2597.5,2612.65,250627
1747159200000,104268.17,104943.2,250627,2610.55,2626.49,250627
1747162800000,104354.19,105061.2,250627,2669.95,2686.3,250627
1747166400000,104792.22,105545.4,250627,2690.94,2709.14,250627
1747170000000,104562.39,105273.2,250627,2689.66,2706.31,250627
1747173600000,104342.71,105064.1,250627,2690.82,2707.25,250627
1747177200000,104128.5,104874.0,250627,2679.62,2697.61,250627
1747180800000,104103.72,104838.7,250627,2679.71,2696.41,250627
1747184400000,103920.76,104641.9,250627,2696.47,2712.52,250627
1747188000000,103734.82,104473.3,250627,2671.7,2688.56,250627
1747191600000,103713.27,104469.9,250627,2638.29,2656.78,250627
1747195200000,103587.44,104329.1,250627,2646.82,2664.75,250627
1747198800000,103743.02,104492.5,250627,2674.69,2691.39,250627
1747202400000,103896.71,104644.2,250627,2673.36,2691.29,250627
1747206000000,103757.5,104511.4,250627,2673.98,2691.87,250627
1747209600000,103716.55,104427.4,250627,2640.76,2659.36,250627
1747213200000,103200.0,103976.0,250627,2597.3,2612.07,250627
1747216800000,103485.73,104200.4,250627,2607.73,2625.0,250627
1747220400000,103708.49,104435.1,250627,2595.83,2613.05,250627
1747224000000,103944.93,104672.8,250627,2624.94,2641.98,250627
1747227600000,103999.99,104737.6,250627,2613.18,2630.23,250627
1747231200000,103970.87,104691.1,250627,2606.34,2624.0,250627
1747234800000,103265.46,103992.8,250627,2583.86,2600.23,250627
1747238400000,103514.24,104230.4,250627,2597.49,2614.45,250627
1747242000000,103363.65,104089.7,250627,2589.83,2607.56,250627
1747245600000,103246.79,103990.5,250627,2590.46,2607.43,250627
1747249200000,103523.81,104263.2,250627,2613.49,2631.96,250627
1747252800000,103321.72,104034.1,250627,2605.1,2620.5,250627
1747256400000,103555.51,104256.1,250627,2600.26,2616.15,250627
1747260000000,103647.39,104348.4,250627,2606.59,2622.52,250627
1747263600000,103511.46,104212.1,250627,2595.97,2611.67,250627
1747267200000,103507.82,104205.3,250627,2609.74,2625.49,250627
1747270800000,103801.85,104497.2,250627,2632.3,2647.66,250627
1747274400000,103033.52,103744.7,250627,2577.62,2592.41,250627
1747278000000,103047.62,103732.9,250627,2591.13,2606.45,250627
1747281600000,102753.63,103445.8,250627,2574.93,2591.41,250627
1747285200000,102891.76,103588.3,250627,2593.2,2609.51,250627
1747288800000,102375.31,103056.7,250627,2567.71,2583.33,250627
1747292400000,102247.4,102931.2,250627,2573.64,2589.07,250627
1747296000000,101779.99,102346.8,250627,2531.0,2546.0,250627
1747299600000,102274.65,102811.0,250627,2564.44,2578.25,250627
1747303200000,101823.39,102354.4,250627,2539.3,2552.74,250627
1747306800000,101804.74,102308.9,250627,2543.57,2556.34,250627
1747310400000,102371.61,102901.4,250627,2554.71,2566.98,250627
1747314000000,102560.0,103068.0,250627,2553.0,2564.19,250627
1747317600000,102133.49,102577.6,250627,2531.3,2542.84,250627
1747321200000,101987.65,102434.2,250627,2500.12,2510.9,250627
1747324800000,103251.35,103727.4,250627,2563.76,2574.11,250627
1747328400000,103846.27,104353.5,250627,2599.02,2610.74,250627
1747332000000,103968.24,104501.2,250627,2571.54,2583.31,250627
1747335600000,102697.31,103272.5,250627,2525.0,2537.9,250627
1747339200000,103157.26,103705.1,250627,2530.98,2543.22,250627
1747342800000,103443.51,103988.3,250627,2537.19,2549.56,250627
1747346400000,103288.75,103843.5,250627,2535.01,2548.66,250627
1747350000000,103492.06,104072.8,250627,2541.5,2553.52,250627
1747353600000,103763.71,104337.8,250627,2548.69,2560.96,250627
1747357200000,103764.81,104305.6,250627,2544.24,2556.42,250627
1747360800000,104047.61,104612.8,250627,2566.8,2579.47,250627
1747364400000,104199.8,104759.5,250627,2573.8,2586.77,250627
1747368000000,104023.49,104588.7,250627,2581.35,2593.59,250627
1747371600000,103919.95,104466.3,250627,2573.99,2586.67,250627
1747375200000,103898.52,104463.3,250627,2594.6,2606.93,250627
1747378800000,103987.87,104546.7,250627,2597.58,2610.11,250627
1747382400000,103710.17,104249.2,250627,2601.5,2614.1,250627
1747386000000,103388.6,103964.5,250627,2573.11,2585.8,250627
1747389600000,103793.65,104351.3,250627,2611.29,2622.71,250627
1747393200000,103796.91,104329.5,250627,2625.05,2636.5,250627
1747396800000,103651.71,104203.5,250627,2620.83,2632.79,250627
1747400400000,103506.07,104052.5,250627,2598.5,2610.88,250627
1747404000000,104007.98,104539.7,250627,2606.7,2618.68,250627
1747407600000,103578.7,104122.7,250627,2585.1,2598.14,250627
1747411200000,104183.33,104759.3,250627,2594.93,2608.29,250627
1747414800000,104145.49,104706.5,250627,2586.51,2598.73,250627
1747418400000,103867.96,104464.0,250627,2578.05,2590.51,250627
1747422000000,103691.55,104288.5,250627,2586.5,2598.73,250627
1747425600000,104032.6,104593.3,250627,2591.8,2604.83,250627
1747429200000,103692.48,104301.0,250627,2570.9,2583.26,250627
1747432800000,103612.0,104191.5,250627,2567.25,2580.0,250627
1747436400000,103521.96,104112.8,250627,2545.69,2558.28,250627
1747440000000,103463.9,104045.0,250627,2537.12,2550.28,250627
1747443600000,103360.01,103934.2,250627,2501.01,2513.72,250627
1747447200000,102829.57,103376.1,250627,2475.9,2488.42,250627
1747450800000,103286.01,103843.0,250627,2490.67,2504.46,250627
1747454400000,103508.48,104075.1,250627,2496.98,2510.83,250627
1747458000000,103658.05,104202.5,250627,2506.4,2519.64,250627
1747461600000,103342.79,103904.0,250627,2479.96,2492.69,250627
1747465200000,103487.95,104033.5,250627,2493.31,2506.5,250627
1747468800000,103451.14,103997.0,250627,2492.89,2505.08,250627
1747472400000,103426.06,103962.3,250627,2481.49,2493.74,250627
1747476000000,102896.59,103475.6,250627,2478.4,2491.3,250627
1747479600000,102873.74,103378.2,250627,2485.94,2498.51,250627
1747483200000,102994.17,103468.2,250627,2481.67,2493.96,250627
1747486800000,102927.57,103395.0,250627,2472.33,2484.67,250627
1747490400000,102713.34,103193.4,250627,2461.5,2473.92,250627
1747494000000,103124.8,103591.9,250627,2482.68,2494.52,250627
1747497600000,102939.53,103421.2,250627,2474.48,2486.49,250627
1747501200000,102938.32,103416.2,250627,2467.69,2480.2,250627
1747504800000,103130.43,103625.8,250627,2470.35,2483.5,250627
1747508400000,102987.2,103475.8,250627,2467.09,2479.67,250627
1747512000000,103158.6,103634.4,250627,2470.19,2482.34,250627
1747515600000,103372.04,103866.9,250627,2488.77,2501.29,250627
1747519200000,103243.69,103749.1,250627,2485.99,2497.74,250627
1747522800000,103031.03,103519.9,250627,2460.01,2472.52,250627
1747526400000,103126.65,103606.0,250627,2475.08,2487.15,250627
1747530000000,103382.8,103841.7,250627,2482.78,2495.58,250627
1747533600000,103251.49,103726.5,250627,2485.11,2498.02,250627
1747537200000,103346.7,103816.4,250627,2481.2,2493.49,250627
1747540800000,103295.7,103775.3,250627,2477.2,2489.68,250627
1747544400000,103355.01,103855.1,250627,2485.91,2498.61,250627
1747548000000,103648.2,104160.8,250627,2512.6,2525.5,250627
1747551600000,103476.19,103979.7,250627,2497.28,2510.64,250627
1747555200000,103919.39,104435.2,250627,2509.3,2521.71,250627
1747558800000,103912.82,104481.3,250627,2517.59,2530.53,250627
1747562400000,103868.48,104446.8,250627,2507.99,2521.67,250627
1747566000000,103856.81,104432.2,250627,2505.28,2518.68,250627
1747569600000,103800.54,104391.0,250627,2501.75,2515.42,250627
1747573200000,103939.65,104531.7,250627,2508.26,2521.59,250627
1747576800000,104740.0,105346.7,250627,2542.18,2554.69,250627
1747580400000,105270.97,105870.0,250627,2557.93,2570.74,250627
1747584000000,105518.0,106185.7,250627,2578.99,2592.41,250627
1747587600000,105822.22,106525.5,250627,2573.8,2587.8,250627
1747591200000,104836.67,105565.5,250627,2489.92,2499.96,250627
1747594800000,104498.0,105146.8,250627,2463.01,2477.49,250627
1747598400000,103883.97,104539.5,250627,2408.2,2422.66,250627
1747602000000,104053.05,104659.8,250627,2393.81,2408.24,250627
1747605600000,104180.38,104786.9,250627,2407.16,2421.37,250627
1747609200000,105928.1,106594.4,250627,2454.91,2469.7,250627
1747612800000,106454.26,107142.7,250627,2497.78,2512.4,250627
1747616400000,105260.88,105946.8,250627,2443.11,2457.76,250627
1747620000000,105059.97,105717.5,250627,2428.7,2443.16,250627
1747623600000,104645.15,105284.6,250627,2401.19,2415.61,250627
1747627200000,103605.88,104180.9,250627,2385.31,2398.03,250627
1747630800000,103002.07,103594.4,250627,2365.81,2378.51,250627
1747634400000,103032.01,103589.8,250627,2378.71,2391.42,250627
1747638000000,102208.0,102771.9,250627,2353.69,2365.75,250627
1747641600000,103226.29,103805.3,250627,2403.74,2415.22,250627
1747645200000,103233.9,103802.5,250627,2405.02,2416.04,250627
1747648800000,103061.61,103627.6,250627,2405.24,2417.8,250627
1747652400000,102915.5,103501.5,250627,2409.83,2422.46,250627
1747656000000,102963.41,103522.2,250627,2417.58,2429.43,250627
1747659600000,102479.95,103001.3,250627,2401.2,2413.4,250627
1747663200000,103294.11,103832.3,250627,2427.29,2440.08,250627
1747666800000,104328.11,104796.0,250627,2447.3,2459.6,250627
1747670400000,104786.41,105287.6,250627,2466.63,2479.92,250627
1747674000000,105356.44,105842.2,250627,2510.12,2522.96,250627
1747677600000,105380.95,105911.3,250627,2505.0,2518.12,250627
1747681200000,104778.98,105307.8,250627,2489.7,2503.62,250627
1747684800000,105517.7,106053.0,250627,2518.82,2533.23,250627
1747688400000,105468.0,106022.6,250627,2520.54,2534.52,250627
1747692000000,105474.67,106017.0,250627,2523.05,2536.92,250627
1747695600000,105549.92,106118.1,250627,2504.15,2519.1,250627
1747699200000,105573.74,106155.5,250627,2528.14,2542.85,250627
1747702800000,105727.27,106292.4,250627,2515.33,2529.2,250627
1747706400000,106450.0,107022.7,250627,2540.66,2555.08,250627
1747710000000,106099.99,106672.1,250627,2567.0,2580.99,250627
1747713600000,105761.92,106309.2,250627,2553.3,2567.73,250627
1747717200000,106219.99,106768.4,250627,2571.06,2586.0,250627
1747720800000,106105.26,106686.5,250627,2559.29,2574.0,250627
1747724400000,105454.54,106060.4,250627,2544.07,2558.27,250627
1747728000000,105021.71,105641.8,250627,2532.3,2547.65,250627
1747731600000,105223.01,105817.4,250627,2534.69,2548.53,250627
1747735200000,105285.72,105868.8,250627,2526.51,2540.9,250627
1747738800000,105030.65,105598.1,250627,2515.75,2530.24,250627
1747742400000,105203.76,105802.9,250627,2514.2,2528.7,250627
1747746000000,104780.0,105358.1,250627,2484.39,2498.88,250627
1747749600000,104448.04,105023.3,250627,2475.71,2488.36,250627
1747753200000,104519.84,105103.3,250627,2469.2,2482.12,250627
1747756800000,105333.68,105904.7,250627,2482.79,2495.28,250627
1747760400000,105212.49,105775.1,250627,2475.31,2487.08,250627
1747764000000,106200.31,106771.1,250627,2497.47,2510.35,250627
1747767600000,105285.54,105850.0,250627,2452.79,2465.36,250627
1747771200000,107026.47,107619.4,250627,2501.28,2514.89,250627
1747774800000,106909.09,107492.1,250627,2513.57,2527.87,250627
1747778400000,106619.0,107204.2,250627,2510.09,2525.75,250627
1747782000000,106775.83,107351.1,250627,2516.55,2531.62,250627
1747785600000,106849.99,107386.8,250627,2524.19,2538.53,250627
1747789200000,106739.54,107293.9,250627,2529.9,2544.67,250627
1747792800000,106500.0,107025.8,250627,2534.14,2548.61,250627
1747796400000,106859.04,107405.6,250627,2539.55,2553.8,250627
1747800000000,106843.59,107378.7,250627,2544.98,2559.32,250627
1747803600000,107287.0,107857.5,250627,2550.6,2565.86,250627
1747807200000,107542.0,108109.8,250627,2593.61,2609.01,250627
1747810800000,107751.41,108308.6,250627,2597.68,2612.35,250627
1747814400000,106527.16,107108.1,250627,2551.87,2566.65,250627
1747818000000,106372.45,106943.2,250627,2538.11,2552.45,250627
1747821600000,106200.03,106786.5,250627,2524.0,2538.65,250627
1747825200000,106328.57,106914.3,250627,2528.8,2543.53,250627
1747828800000,106546.44,107126.9,250627,2536.65,2551.42,250627
1747832400000,106573.11,107146.6,250627,2539.2,2553.84,250627
1747836000000,107244.76,107822.9,250627,2546.66,2561.12,250627
1747839600000,108999.99,109608.9,250627,2580.5,2596.57,250627
1747843200000,108973.35,109558.5,250627,2567.01,2582.05,250627
1747846800000,109131.7,109738.8,250627,2586.08,2600.81,250627
1747850400000,106592.79,107227.4,250627,2472.79,2486.43,250627
1747854000000,106965.05,107550.0,250627,2475.05,2488.66,250627
1747857600000,108603.79,109213.3,250627,2512.79,2526.92,250627
1747861200000,108238.09,108831.4,250627,2508.83,2521.79,250627
1747864800000,108414.64,109052.6,250627,2504.7,2517.87,250627
1747868400000,108739.36,109362.6,250627,2536.11,2549.66,250627
1747872000000,109643.99,110294.0,250627,2550.99,2566.15,250627
1747875600000,109954.53,110647.9,250627,2586.1,2602.44,250627
1747879200000,109920.68,110618.5,250627,2574.81,2590.66,250627
1747882800000,110471.51,111155.7,250627,2594.49,2610.33,250627
1747886400000,111780.84,112473.7,250627,2629.24,2646.92,250627
1747890000000,111482.42,112208.3,250627,2628.11,2645.53,250627
1747893600000,110879.99,111564.7,250627,2609.41,2625.01,250627
1747897200000,110606.07,111336.9,250627,2609.3,2625.79,250627
1747900800000,111045.45,111753.3,250627,2635.19,2651.46,250627
1747904400000,110409.09,111115.7,250627,2663.48,2680.62,250627
1747908000000,110821.3,111500.1,250627,2664.99,2681.32,250627
1747911600000,110805.22,111485.3,250627,2656.82,2673.84,250627
1747915200000,110981.97,111676.0,250627,2650.75,2668.35,250627
1747918800000,111608.69,112287.4,250627,2657.7,2674.62,250627
1747922400000,110914.49,111603.7,250627,2643.9,2661.36,250627
1747926000000,110897.9,111614.6,250627,2666.05,2683.66,250627
1747929600000,111290.86,112010.7,250627,2664.48,2681.42,250627
1747933200000,111252.36,111957.1,250627,2645.89,2663.27,250627
1747936800000,111502.31,112223.8,250627,2659.3,2677.0,250627
1747940400000,111727.27,112423.8,250627,2658.8,2676.47,250627
1747944000000,111188.0,111846.6,250627,2634.51,2652.0,250627
1747947600000,111076.24,111769.9,250627,2640.9,2658.19,250627
1747951200000,110831.36,111533.7,250627,2635.9,2653.09,250627
1747954800000,111020.93,111730.9,250627,2635.76,2652.55,250627
1747958400000,111696.21,112417.5,250627,2664.82,2682.34,250627
1747962000000,111613.58,112319.1,250627,2662.65,2680.78,250627
1747965600000,111327.69,112048.2,250627,2675.62,2693.97,250627
1747969200000,111272.72,111963.0,250627,2705.32,2724.32,250627
1747972800000,111100.01,111825.0,250627,2722.0,2740.03,250627
1747976400000,110844.19,111562.9,250627,2697.62,2715.74,250627
1747980000000,110855.47,111561.9,250627,2696.75,2714.4,250627
1747983600000,110526.01,111244.4,250627,2657.11,2674.55,250627
1747987200000,110715.42,111477.5,250627,2655.2,2672.47,250627
1747990800000,110935.24,111619.0,250627,2669.39,2686.02,250627
1747994400000,111335.02,111990.4,250627,2682.95,2700.37,250627
1747998000000,111061.24,111724.5,250627,2671.55,2689.22,250627
1748001600000,109076.35,109808.8,250627,2566.79,2583.03,250627
1748005200000,108412.77,109154.7,250627,2548.5,2564.56,250627
1748008800000,109634.99,110363.8,250627,2582.28,2597.91,250627
1748012400000,109672.01,110349.1,250627,2574.37,2590.03,250627
1748016000000,108940.0,109590.9,250627,2568.53,2584.21,250627
1748019600000,109068.87,109773.7,250627,2567.12,2582.88,250627
1748023200000,109413.03,110097.9,250627,2577.2,2592.48,250627
1748026800000,108794.09,109494.7,250627,2559.86,2575.45,250627
1748030400000,108716.07,109379.6,250627,2560.98,2575.96,250627
1748034000000,108236.53,108903.5,250627,2543.23,2557.71,250627
1748037600000,108282.89,108949.5,250627,2534.3,2548.7,250627
1748041200000,107797.37,108480.2,250627,2538.49,2553.91,250627
1748044800000,107318.3,107967.4,250627,2526.5,2540.32,250627
1748048400000,107366.68,108037.8,250627,2515.69,2529.75,250627
1748052000000,107479.24,108139.4,250627,2524.53,2538.03,250627
1748055600000,107803.84,108475.9,250627,2540.85,2554.6,250627
1748059200000,108366.3,109006.6,250627,2549.99,2563.77,250627
1748062800000,108485.07,109131.2,250627,2559.4,2572.76,250627
1748066400000,108235.68,108881.5,250627,2551.18,2565.06,250627
1748070000000,107959.99,108572.3,250627,2547.23,2561.18,250627
1748073600000,107587.75,108232.9,250627,2546.99,2560.68,250627
1748077200000,108251.23,108842.6,250627,2556.99,2569.81,250627
1748080800000,108161.69,108818.9,250627,2552.8,2565.88,250627
1748084400000,109094.99,109695.8,250627,2570.1,2583.51,250627
1748088000000,109208.56,109762.7,250627,2563.31,2576.21,250627
1748091600000,108776.63,109396.0,250627,2559.19,2572.97,250627
1748095200000,108590.29,109207.3,250627,2546.45,2560.22,250627
1748098800000,108959.09,109575.2,250627,2558.52,2572.3,250627
1748102400000,108929.7,109560.8,250627,2555.64,2569.11,250627
1748106000000,108997.67,109609.7,250627,2557.46,2570.92,250627
1748109600000,108920.03,109550.0,250627,2557.8,2571.14,250627
1748113200000,108827.01,109424.7,250627,2549.41,2562.96,250627
1748116800000,108960.0,109570.0,250627,2554.47,2568.36,250627
1748120400000,108863.63,109470.9,250627,2552.26,2566.12,250627
1748124000000,108818.18,109446.9,250627,2540.09,2553.89,250627
1748127600000,108100.5,108739.3,250627,2525.39,2538.64,250627
1748131200000,107761.91,108373.9,250627,2530.4,2543.29,250627
1748134800000,107443.9,107998.6,250627,2486.89,2499.87,250627
1748138400000,107656.22,108240.8,250627,2495.71,2509.13,250627
1748142000000,107928.8,108516.1,250627,2508.24,2521.55,250627
1748145600000,108095.75,108709.0,250627,2512.78,2526.51,250627
1748149200000,108245.21,108866.8,250627,2517.5,2531.39,250627
1748152800000,108103.98,108702.7,250627,2512.51,2526.07,250627
1748156400000,107938.0,108554.7,250627,2507.42,2521.42,250627
1748160000000,107681.81,108258.9,250627,2494.39,2508.21,250627
1748163600000,107109.41,107714.8,250627,2477.81,2490.97,250627
1748167200000,107131.67,107694.3,250627,2495.5,2508.56,250627
1748170800000,106946.4,107504.1,250627,2492.31,2505.63,250627
1748174400000,107260.0,107830.2,250627,2497.91,2510.99,250627
1748178000000,107530.57,108085.4,250627,2517.09,2530.07,250627
1748181600000,107521.75,108083.8,250627,2513.61,2526.75,250627
1748185200000,107355.0,107941.6,250627,2505.99,2519.06,250627
1748188800000,106967.97,107533.8,250627,2511.7,2524.7,250627
1748192400000,107174.4,107748.2,250627,2511.57,2524.34,250627
1748196000000,107363.37,107919.6,250627,2513.95,2526.34,250627
1748199600000,107413.34,107960.2,250627,2516.6,2528.81,250627
1748203200000,107717.01,108275.4,250627,2526.6,2539.7,250627
1748206800000,107677.35,108249.7,250627,2523.88,2537.13,250627
1748210400000,107466.7,108044.3,250627,2515.19,2527.37,250627
1748214000000,109166.0,109739.2,250627,2549.16,2563.0,250627
1748217600000,109004.19,109596.2,250627,2551.22,2564.62,250627
1748221200000,109540.46,110101.6,250627,2571.7,2586.47,250627
1748224800000,109545.46,110136.9,250627,2558.51,2572.82,250627
1748228400000,109387.72,109987.2,250627,2552.71,2567.01,250627
1748232000000,109623.53,110242.9,250627,2560.3,2574.25,250627
1748235600000,109541.3,110134.1,250627,2564.2,2578.42,250627
1748239200000,109650.01,110246.9,250627,2568.4,2583.1,250627
1748242800000,109928.37,110589.3,250627,2582.81,2597.73,250627
1748246400000,110094.62,110779.5,250627,2580.8,2595.9,250627
1748250000000,109666.4,110327.3,250627,2568.0,2581.71,250627
1748253600000,109712.56,110379.8,250627,2563.11,2577.14,250627
1748257200000,109643.56,110310.4,250627,2559.34,2573.99,250627
1748260800000,109772.72,110463.6,250627,2568.08,2581.88,250627
1748264400000,109826.92,110526.2,250627,2568.6,2582.95,250627
1748268000000,109595.65,110281.5,250627,2551.27,2565.11,250627
1748271600000,109652.51,110329.9,250627,2550.51,2565.0,250627
1748275200000,110009.82,110636.2,250627,2565.99,2580.12,250627
1748278800000,109391.37,110044.8,250627,2542.71,2556.67,250627
1748282400000,109171.91,109803.6,250627,2533.69,2547.44,250627
1748286000000,109101.97,109692.0,250627,2534.89,2548.67,250627
1748289600000,109130.44,109735.8,250627,2541.22,2555.11,250627
1748293200000,109606.5,110207.8,250627,2566.52,2580.03,250627
1748296800000,109346.68,109960.9,250627,2562.57,2576.39,250627
1748300400000,109190.48,109782.6,250627,2559.54,2573.17,250627
1748304000000,109434.79,110033.5,250627,2563.7,2577.43,250627
1748307600000,109136.37,109750.3,250627,2550.86,2564.12,250627
1748311200000,108385.31,108991.8,250627,2529.6,2543.24,250627
1748314800000,108272.72,108812.9,250627,2535.61,2549.42,250627
1748318400000,108892.16,109424.7,250627,2549.25,2562.93,250627
1748322000000,108952.65,109487.4,250627,2559.0,2572.41,250627
1748325600000,108923.36,109438.9,250627,2569.51,2583.43,250627
1748329200000,108828.19,109377.1,250627,2569.59,2583.53,250627
1748332800000,109547.16,110085.2,250627,2607.59,2621.76,250627
1748336400000,109695.65,110225.6,250627,2635.2,2648.83,250627
1748340000000,109830.25,110376.7,250627,2638.19,2651.86,250627
1748343600000,109698.57,110228.5,250627,2638.42,2652.08,250627
1748347200000,109585.49,110111.5,250627,2652.64,2666.34,250627
1748350800000,109603.02,110128.2,250627,2648.33,2661.24,250627
1748354400000,109837.26,110383.0,250627,2655.58,2669.54,250627
1748358000000,109374.75,109932.8,250627,2661.1,2674.96,250627
1748361600000,110140.11,110655.6,250627,2668.2,2682.15,250627
1748365200000,110217.39,110770.2,250627,2670.36,2684.25,250627
1748368800000,110232.46,110832.9,250627,2695.74,2709.63,250627
1748372400000,109890.62,110494.9,250627,2680.0,2694.73,250627
1748376000000,109877.87,110446.0,250627,2687.53,2700.65,250627
1748379600000,109551.69,110150.6,250627,2668.2,2682.76,250627
1748383200000,108918.07,109487.2,250627,2662.89,2676.9,250627
1748386800000,109027.01,109597.7,250627,2659.82,2673.79,250627
1748390400000,108938.17,109500.8,250627,2660.81,2675.01,250627
1748394000000,109205.39,109763.1,250627,2658.28,2671.22,250627
1748397600000,108667.99,109219.4,250627,2634.47,2647.07,250627
1748401200000,108627.42,109210.2,250627,2638.45,2651.6,250627
1748404800000,108863.64,109440.4,250627,2645.37,2658.73,250627
1748408400000,108971.87,109524.7,250627,2646.41,2659.73,250627
1748412000000,109000.0,109547.8,250627,2639.85,2652.79,250627
1748415600000,108727.27,109268.8,250627,2627.7,2640.6,250627
1748419200000,108816.44,109374.7,250627,2636.39,2648.91,250627
1748422800000,109040.45,109581.1,250627,2642.9,2655.36,250627
1748426400000,108789.17,109318.8,250627,2626.72,2639.16,250627
1748430000000,108829.01,109358.7,250627,2640.41,2653.65,250627
1748433600000,108870.38,109394.7,250627,2656.99,2669.9,250627
1748437200000,108891.94,109388.4,250627,2666.93,2680.08,250627
1748440800000,108068.45,108583.7,250627,2657.41,2670.35,250627
1748444400000,107522.72,108107.4,250627,2628.4,2641.76,250627
1748448000000,107107.31,107703.9,250627,2626.9,2640.31,250627
1748451600000,107420.0,107982.6,250627,2640.56,2653.73,250627
1748455200000,107679.01,108263.8,250627,2652.8,2665.75,250627
1748458800000,107476.55,108071.5,250627,2636.17,2649.3,250627
1748462400000,106946.01,107518.2,250627,2617.79,2631.76,250627
1748466000000,107318.18,107855.7,250627,2634.43,2647.79,250627
1748469600000,107495.74,108045.9,250627,2652.25,2666.06,250627
1748473200000,107400.73,107977.5,250627,2648.61,2662.43,250627
1748476800000,107781.78,108347.6,250627,2681.6,2695.91,250627
1748480400000,108285.32,108842.4,250627,2721.5,2736.87,250627
1748484000000,108156.23,108702.0,250627,2711.76,2725.61,250627
1748487600000,108426.94,108982.8,250627,2770.7,2785.22,250627
1748491200000,108044.88,108615.5,250627,2762.5,2777.36,250627
1748494800000,107564.44,108157.2,250627,2727.5,2741.56,250627
1748498400000,107681.81,108225.4,250627,2722.8,2736.93,250627
1748502000000,107915.46,108467.4,250627,2727.75,2741.01,250627
1748505600000,107880.72,108425.5,250627,2731.28,2744.11,250627
1748509200000,108492.49,109044.7,250627,2723.21,2736.65,250627
1748512800000,108520.01,109089.2,250627,2736.3,2748.49,250627
1748516400000,108746.01,109303.0,250627,2730.6,2743.11,250627
1748520000000,108779.84,109313.4,250627,2715.83,2729.41,250627
1748523600000,108434.78,108963.9,250627,2693.26,2705.23,250627
1748527200000,107601.08,108161.0,250627,2660.19,2672.08,250627
1748530800000,107622.54,108206.1,250627,2672.02,2684.85,250627
1748534400000,107019.89,107557.3,250627,2643.68,2656.46,250627
1748538000000,106724.42,107295.2,250627,2640.19,2652.86,250627
1748541600000,106303.6,106853.8,250627,2659.42,2670.86,250627
1748545200000,105837.13,106364.9,250627,2649.9,2661.28,250627
1748548800000,105731.74,106262.5,250627,2650.12,2661.23,250627
1748552400000,106180.0,106700.1,250627,2643.98,2656.32,250627
1748556000000,106443.01,106962.8,250627,2660.9,2674.5,250627
1748559600000,105929.07,106455.8,250627,2644.99,2658.0,250627
1748563200000,105589.75,106104.5,250627,2631.39,2643.8,250627
1748566800000,104939.99,105479.4,250627,2573.5,2586.16,250627
1748570400000,105666.66,106207.3,250627,2598.31,2610.22,250627
1748574000000,106000.0,106583.1,250627,2629.79,2641.31,250627
1748577600000,106024.33,106599.5,250627,2631.19,2641.92,250627
1748581200000,106112.08,106687.7,250627,2635.0,2646.08,250627
1748584800000,106083.42,106670.3,250627,2643.71,2655.26,250627
1748588400000,105711.77,106261.9,250627,2620.3,2631.34,250627
1748592000000,105028.02,105592.0,250627,2618.26,2631.88,250627
1748595600000,105177.33,105791.7,250627,2617.31,2628.78,250627
1748599200000,105623.04,106196.6,250627,2615.08,2626.53,250627
1748602800000,105925.06,106471.4,250627,2622.05,2633.0,250627
1748606400000,105880.51,106433.4,250627,2622.04,2632.6,250627
1748610000000,105684.96,106201.1,250627,2610.2,2621.7,250627
1748613600000,105495.59,106019.3,250627,2576.69,2588.19,250627
1748617200000,105346.33,105888.6,250627,2595.5,2607.23,250627
1748620800000,105543.0,106037.6,250627,2598.21,2609.84,250627
1748624400000,103898.75,104373.9,250627,2540.82,2552.0,250627
1748628000000,104183.15,104679.0,250627,2549.31,2560.26,250627
1748631600000,104891.99,105400.3,250627,2578.21,2589.85,250627
1748635200000,104640.5,105116.8,250627,2574.41,2585.57,250627
1748638800000,104580.0,105045.7,250627,2577.3,2588.12,250627
1748642400000,104631.59,105091.2,250627,2569.2,2579.8,250627
1748646000000,103966.33,104424.6,250627,2526.71,2536.93,250627
1748649600000,103985.48,104449.4,250627,2531.34,2542.59,250627
1748653200000,103957.33,104449.3,250627,2519.9,2531.59,250627
1748656800000,103476.61,103973.7,250627,2493.07,2504.54,250627
1748660400000,103189.83,103676.5,250627,2490.22,2501.63,250627
1748664000000,103684.01,104225.8,250627,2513.98,2524.98,250627
1748667600000,103812.0,104369.5,250627,2522.5,2534.26,250627
1748671200000,103538.94,104075.6,250627,2512.29,2523.58,250627
1748674800000,103862.52,104404.2,250627,2521.7,2533.19,250627
1748678400000,103747.02,104293.3,250627,2521.11,2531.76,250627
1748682000000,103648.32,104179.4,250627,2524.49,2535.57,250627
1748685600000,103538.01,104058.5,250627,2523.25,2534.44,250627
1748689200000,103410.0,103882.8,250627,2520.21,2530.35,250627
1748692800000,103498.18,103985.8,250627,2519.61,2529.68,250627
1748696400000,104033.96,104508.7,250627,2537.61,2547.95,250627
1748700000000,104117.3,104569.9,250627,2533.02,2543.49,250627
1748703600000,104573.92,105021.2,250627,2542.5,2552.3,250627
1748707200000,104556.08,104993.1,250627,2536.3,2545.28,250627
1748710800000,104490.57,104940.1,250627,2540.59,2549.6,250627
1748714400000,104349.06,104832.4,250627,2527.39,2536.24,250627
1748718000000,104487.81,104964.4,250627,2539.73,2548.49,250627
1748721600000,104698.02,105169.8,250627,2537.4,2546.24,250627
1748725200000,104781.83,105254.4,250627,2542.19,2550.85,250627
1748728800000,104863.16,105331.0,250627,2543.21,2552.24,250627
1748732400000,104625.8,105076.3,250627,2530.76,2540.21,250627
1748736000000,104591.88,105025.5,250627,2528.06,2537.25,250627
1748739600000,104446.49,104874.6,250627,2525.76,2535.58,250627
1748743200000,104126.07,104553.3,250627,2507.29,2517.32,250627
1748746800000,104195.12,104643.2,250627,2507.07,2517.34,250627
1748750400000,104381.03,104850.2,250627,2513.3,2523.13,250627
1748754000000,104633.16,105104.5,250627,2522.2,2531.82,250627
1748757600000,104536.57,104984.3,250627,2518.58,2528.13,250627
1748761200000,104258.93,104717.8,250627,2512.7,2521.79,250627
1748764800000,104275.95,104760.8,250627,2509.0,2518.38,250627
1748768400000,104386.6,104850.3,250627,2505.86,2515.69,250627
1748772000000,103934.34,104400.8,250627,2492.26,2501.4,250627
1748775600000,103930.99,104406.6,250627,2493.6,2503.81,250627
1748779200000,104082.68,104537.4,250627,2497.35,2507.0,250627
1748782800000,103956.26,104405.9,250627,2484.17,2493.4,250627
1748786400000,104259.2,104744.8,250627,2493.84,2503.86,250627
1748790000000,104599.7,105068.0,250627,2509.68,2519.06,250627
1748793600000,104715.1,105186.4,250627,2523.23,2532.62,250627
1748797200000,105038.8,105508.5,250627,2538.76,2547.7,250627
1748800800000,105066.33,105547.2,250627,2538.99,2548.63,250627
1748804400000,104900.01,105368.6,250627,2520.2,2529.13,250627
1748808000000,105121.94,105587.4,250627,2526.38,2535.58,250627
1748811600000,104948.91,105407.5,250627,2525.7,2533.83,250627
1748815200000,105496.54,105955.1,250627,2539.4,2548.62,250627
1748818800000,105512.18,105942.1,250627,2535.28,2543.9,250627
1748822400000,105642.93,106079.4,250627,2539.21,2548.4,250627
1748826000000,105427.48,105866.2,250627,2534.32,2542.93,250627
1748829600000,105388.59,105820.4,250627,2526.23,2535.97,250627
1748833200000,105026.98,105462.6,250627,2508.53,2517.87,250627
1748836800000,104829.27,105249.6,250627,2496.31,2505.75,250627
1748840400000,104765.48,105201.7,250627,2492.59,2501.89,250627
1748844000000,104833.79,105261.9,250627,2492.91,2502.18,250627
1748847600000,105162.38,105605.1,250627,2494.79,2504.53,250627
1748851200000,105387.67,105845.8,250627,2506.94,2515.83,250627
1748854800000,105328.43,105759.8,250627,2494.58,2503.14,250627
1748858400000,104585.36,105025.5,250627,2481.52,2491.25,250627
1748862000000,104370.85,104832.1,250627,2482.1,2492.3,250627
1748865600000,104047.64,104501.4,250627,2480.94,2490.42,250627
1748869200000,104200.32,104659.7,250627,2497.69,2507.51,250627
1748872800000,103800.0,104230.8,250627,2504.67,2513.33,250627
1748876400000,104176.62,104599.9,250627,2531.4,2540.67,250627
1748880000000,104438.79,104843.4,250627,2544.39,2550.24,250627
1748883600000,104286.06,104709.5,250627,2546.78,2553.47,250627
1748887200000,104399.89,104843.5,250627,2549.74,2556.81,250627
1748890800000,104361.54,104759.3,250627,2544.47,2551.48,250627
1748894400000,104425.63,104830.9,250627,2532.44,2540.45,250627
1748898000000,104878.62,105277.9,250627,2539.74,2547.61,250627
1748901600000,104942.0,105346.4,250627,2560.55,2567.79,250627
1748905200000,105695.49,106108.4,250627,2584.57,2592.18,250627
1748908800000,105857.99,106290.6,250627,2607.41,2615.72,250627
1748912400000,106285.72,106734.0,250627,2621.91,2629.88,250627
1748916000000,106481.75,106944.1,250627,2646.1,2655.36,250627
1748919600000,105612.46,106059.2,250627,2616.21,2624.62,250627
1748923200000,105482.02,105938.7,250627,2603.39,2612.32,250627
1748926800000,105166.92,105585.9,250627,2591.99,2601.2,250627
1748930400000,105452.08,105870.0,250627,2614.76,2624.05,250627
1748934000000,105429.67,105840.8,250627,2618.54,2627.62,250627
1748937600000,105170.75,105575.8,250627,2609.99,2618.55,250627
1748941200000,105094.93,105488.7,250627,2607.29,2615.36,250627
1748944800000,105198.11,105583.9,250627,2614.49,2622.67,250627
1748948400000,105280.99,105658.8,250627,2611.46,2619.71,250627
1748952000000,105287.24,105677.3,250627,2601.78,2609.71,250627
1748955600000,105307.94,105678.0,250627,2609.76,2618.24,250627
1748959200000,105421.55,105805.2,250627,2626.81,2635.08,250627
1748962800000,106550.01,106943.4,250627,2648.6,2656.63,250627
1748966400000,106610.66,107014.2,250627,2623.58,2632.81,250627
1748970000000,105817.63,106238.8,250627,2605.41,2614.31,250627
1748973600000,105943.98,106354.7,250627,2619.11,2627.98,250627
1748977200000,106013.15,106417.9,250627,2618.41,2627.0,250627
1748980800000,106238.81,106641.0,250627,2625.16,2633.06,250627
1748984400000,105738.69,106154.7,250627,2614.99,2623.85,250627
1748988000000,105367.93,105779.6,250627,2589.22,2597.89,250627
1748991600000,105743.74,106158.8,250627,2604.5,2613.21,250627
1748995200000,105376.89,105777.5,250627,2593.36,2601.63,250627
1748998800000,105476.2,105869.0,250627,2598.99,2606.78,250627
1749002400000,105592.9,105973.1,250627,2612.29,2620.56,250627
1749006000000,105476.22,105856.2,250627,2612.24,2620.37,250627
1749009600000,105519.27,105895.4,250627,2627.9,2637.66,250627
1749013200000,105407.05,105790.1,250627,2637.26,2645.63,250627
1749016800000,105354.14,105720.4,250627,2624.7,2632.7,250627
1749020400000,105301.02,105662.4,250627,2629.32,2637.8,250627
1749024000000,105320.75,105688.2,250627,2627.74,2636.35,250627
1749027600000,105435.93,105796.6,250627,2640.99,2649.07,250627
1749031200000,105825.31,106173.8,250627,2643.43,2651.62,250627
1749034800000,105705.13,106048.3,250627,2638.45,2646.2,250627
1749038400000,105084.36,105457.2,250627,2624.4,2633.11,250627
1749042000000,105039.19,105399.1,250627,2616.73,2625.96,250627
1749045600000,104761.17,105099.4,250627,2614.78,2622.9,250627
1749049200000,105033.3,105364.2,250627,2640.38,2648.26,250627
1749052800000,105298.27,105610.1,250627,2667.93,2675.42,250627
1749056400000,105445.89,105772.0,250627,2660.0,2667.33,250627
1749060000000,105051.1,105379.5,250627,2635.07,2642.36,250627
1749063600000,104951.54,105297.3,250627,2629.11,2636.99,250627
1749067200000,104913.52,105268.7,250627,2623.72,2631.75,250627
1749070800000,104609.87,104915.0,250627,2605.67,2612.74,250627
1749074400000,104930.61,105238.0,250627,2618.75,2626.41,250627
1749078000000,104775.36,105083.6,250627,2605.6,2612.86,250627
1749081600000,104696.86,105008.0,250627,2607.68,2615.46,250627
1749085200000,104976.74,105280.5,250627,2611.7,2619.69,250627
1749088800000,104774.92,105075.3,250627,2608.47,2616.13,250627
1749092400000,104989.48,105327.8,250627,2620.07,2628.19,250627
1749096000000,105047.15,105358.2,250627,2624.99,2632.73,250627
1749099600000,105173.71,105512.0,250627,2630.37,2638.0,250627
1749103200000,104649.23,104991.5,250627,2613.11,2622.21,250627
1749106800000,104452.93,104789.5,250627,2604.33,2612.62,250627
1749110400000,104518.05,104833.4,250627,2604.08,2611.82,250627
1749114000000,104675.36,104987.6,250627,2605.42,2613.54,250627
1749117600000,104900.0,105200.5,250627,2609.69,2617.47,250627
1749121200000,104659.24,104960.1,250627,2596.69,2604.57,250627
1749124800000,104827.8,105150.4,250627,2608.01,2615.87,250627
1749128400000,105649.59,105945.3,250627,2631.66,2639.83,250627
1749132000000,104527.0,104841.4,250627,2589.87,2599.17,250627
1749135600000,104639.2,104943.1,250627,2587.78,2596.94,250627
1749139200000,104531.49,104847.2,250627,2589.43,2598.04,250627
1749142800000,103262.53,103569.8,250627,2559.38,2567.05,250627
1749146400000,103240.04,103575.3,250627,2570.2,2577.34,250627
1749150000000,103006.05,103305.2,250627,2576.3,2584.1,250627
1749153600000,101914.77,102205.4,250627,2528.96,2536.42,250627
1749157200000,100483.91,100768.1,250627,2398.9,2406.54,250627
1749160800000,101542.82,101813.4,250627,2437.29,2445.3,250627
1749164400000,101502.61,101779.1,250627,2430.15,2437.9,250627
1749168000000,101508.68,101773.4,250627,2414.01,2421.43,250627
1749171600000,101900.77,102167.0,250627,2426.41,2433.64,250627
1749175200000,101841.2,102105.9,250627,2421.7,2428.9,250627
1749178800000,102203.52,102470.1,250627,2435.4,2442.83,250627
1749182400000,102493.3,102759.5,250627,2455.71,2462.97,250627
1749186000000,102777.0,103040.7,250627,2458.92,2466.1,250627
1749189600000,102954.24,103220.0,250627,2459.88,2466.5,250627
1749193200000,103160.0,103428.7,250627,2457.95,2464.77,250627
1749196800000,103150.44,103420.8,250627,2455.64,2461.1,250627
1749200400000,103510.25,103789.4,250627,2461.3,2467.7,250627
1749204000000,103643.98,103914.8,250627,2468.53,2475.09,250627
1749207600000,103676.25,103937.7,250627,2481.8,2488.63,250627
1749211200000,103927.99,104183.0,250627,2476.15,2482.97,250627
1749214800000,103753.27,104017.5,250627,2475.48,2482.48,250627
1749218400000,104098.84,104355.5,250627,2503.11,2510.02,250627
1749222000000,104776.7,105022.5,250627,2518.85,2525.81,250627
1749225600000,105092.28,105336.8,250627,2509.63,2517.06,250627
1749229200000,104758.27,105060.0,250627,2497.5,2504.19,250627
1749232800000,104922.14,105239.9,250627,2499.5,2507.9,250627
1749236400000,104497.69,104797.4,250627,2495.08,2501.98,250627
1749240000000,104219.8,104520.8,250627,2484.02,2491.06,250627
1749243600000,104478.07,104791.2,250627,2499.71,2506.56,250627
1749247200000,104386.29,104689.8,250627,2491.52,2498.6,250627
1749250800000,104476.81,104775.0,250627,2482.62,2489.19,250627
1749254400000,104288.44,104580.1,250627,2476.1,2483.52,250627
1749258000000,104511.69,104818.1,250627,2480.81,2488.72,250627
1749261600000,104453.56,104735.6,250627,2471.3,2478.5,250627
1749265200000,104531.57,104819.2,250627,2479.99,2487.65,250627
1749268800000,104871.58,105140.7,250627,2488.98,2496.39,250627
1749272400000,104819.99,105085.1,250627,2490.04,2497.11,250627
1749276000000,104877.36,105149.1,250627,2494.0,2500.68,250627
1749279600000,105316.37,105552.9,250627,2501.34,2508.09,250627
1749283200000,104867.04,105128.7,250627,2491.28,2498.08,250627
1749286800000,104746.44,104997.1,250627,2483.87,2490.24,250627
1749290400000,104848.09,105095.6,250627,2485.8,2492.62,250627
1749294000000,105145.84,105386.6,250627,2495.01,2500.94,250627
1749297600000,105150.01,105392.6,250627,2495.75,2501.98,250627
1749301200000,105465.21,105693.1,250627,2497.85,2504.32,250627
1749304800000,105610.52,105846.7,250627,2507.4,2513.79,250627
1749308400000,105431.61,105654.6,250627,2515.65,2522.45,250627
1749312000000,105558.11,105787.9,250627,2519.75,2525.84,250627
1749315600000,105350.68,105574.7,250627,2510.18,2516.15,250627
1749319200000,105393.21,105624.0,250627,2508.01,2514.15,250627
1749322800000,105599.99,105843.7,250627,2516.98,2522.67,250627
1749326400000,105725.91,105961.8,250627,2517.31,2522.63,250627
1749330000000,105846.98,106073.7,250627,2521.97,2527.56,250627
1749333600000,105764.64,106018.5,250627,2522.13,2527.9,250627
1749337200000,105820.51,106043.6,250627,2535.4,2541.16,250627
1749340800000,105552.15,105788.3,250627,2524.63,2530.45,250627
1749344400000,105473.21,105694.2,250627,2517.51,2523.65,250627
1749348000000,105690.33,105942.4,250627,2518.87,2525.52,250627
1749351600000,105441.87,105675.6,250627,2511.68,2518.38,250627
1749355200000,105471.59,105711.8,250627,2511.72,2517.37,250627
1749358800000,105614.38,105833.7,250627,2516.22,2522.39,250627
1749362400000,105438.34,105669.9,250627,2511.41,2517.87,250627
1749366000000,105442.87,105681.7,250627,2512.81,2518.89,250627
1749369600000,105426.45,105648.2,250627,2514.45,2520.93,250627
1749373200000,105373.81,105589.6,250627,2516.36,2522.8,250627
1749376800000,105140.01,105356.1,250627,2497.48,2503.63,250627
1749380400000,105357.64,105568.1,250627,2503.04,2510.05,250627
1749384000000,105686.71,105890.2,250627,2513.51,2519.91,250627
1749387600000,105721.5,105932.8,250627,2507.69,2514.49,250627
1749391200000,105627.9,105846.0,250627,2508.78,2515.58,250627
1749394800000,105829.66,106073.7,250627,2514.45,2521.61,250627
1749398400000,105984.52,106245.2,250627,2514.44,2521.13,250627
1749402000000,106189.99,106446.3,250627,2527.91,2534.62,250627
1749405600000,106082.95,106377.2,250627,2523.2,2529.83,250627
1749409200000,106317.7,106577.4,250627,2532.23,2538.65,250627
1749412800000,106289.99,106556.7,250627,2532.56,2538.78,250627
1749416400000,106147.66,106423.4,250627,2531.19,2537.59,250627
1749420000000,106331.92,106605.0,250627,2538.19,2544.9,250627
1749423600000,105770.55,106034.7,250627,2507.99,2513.79,250627
1749427200000,105734.0,106009.5,250627,2509.83,2515.49,250627
1749430800000,105706.34,105968.8,250627,2505.2,2511.24,250627
1749434400000,105527.71,105785.8,250627,2494.9,2501.14,250627
1749438000000,105560.89,105811.5,250627,2492.63,2498.36,250627
1749441600000,105659.13,105893.2,250627,2496.86,2502.76,250627
1749445200000,105449.21,105701.1,250627,2485.2,2491.52,250627
1749448800000,105379.11,105625.2,250627,2480.88,2486.39,250627
1749452400000,105692.83,105918.6,250627,2493.5,2498.84,250627
1749456000000,105560.71,105806.0,250627,2491.77,2497.79,250627
1749459600000,105926.39,106108.9,250627,2495.38,2500.53,250627
1749463200000,106612.52,106821.8,250627,2509.29,2514.59,250627
1749466800000,107179.7,107394.7,250627,2534.86,2539.68,250627
1749470400000,107759.21,107954.0,250627,2541.79,2547.09,250627
1749474000000,107750.39,107961.0,250627,2545.41,2550.85,250627
1749477600000,107026.47,107254.0,250627,2517.36,2522.26,250627
1749481200000,107610.33,107811.0,250627,2530.79,2536.06,250627
1749484800000,107635.91,107841.1,250627,2534.11,2538.78,250627
1749488400000,107697.51,107886.6,250627,2558.1,2562.55,250627
1749492000000,108337.56,108520.0,250627,2571.69,2576.17,250627
1749495600000,108446.18,108653.1,250627,2584.19,2588.95,250627
1749499200000,108564.72,108750.6,250627,2580.59,2585.35,250627
1749502800000,108706.74,108913.3,250627,2589.48,2594.53,250627
1749506400000,109973.75,110165.0,250627,2643.41,2648.7,250627
1749510000000,110177.28,110404.2,250627,2665.94,2671.51,250627
1749513600000,110263.02,110499.9,250627,2680.13,2686.14,250627
1749517200000,109913.91,110140.0,250627,2699.08,2704.84,250627
1749520800000,109788.57,110011.0,250627,2708.37,2713.64,250627
1749524400000,109650.94,109884.6,250627,2692.3,2698.24,250627
1749528000000,109568.02,109807.5,250627,2688.88,2694.51,250627
1749531600000,109528.55,109747.0,250627,2689.24,2694.77,250627
1749535200000,109310.49,109549.0,250627,2670.6,2676.1,250627
1749538800000,109502.68,109730.5,250627,2675.99,2681.29,250627
1749542400000,109205.14,109488.5,250627,2677.35,2683.72,250627
1749546000000,109082.65,109310.1,250627,2673.71,2679.95,250627
1749549600000,109508.78,109753.8,250627,2692.48,2698.58,250627
1749553200000,109303.61,109576.0,250627,2695.11,2702.02,250627
1749556800000,109541.28,109821.7,250627,2773.64,2781.59,250627
1749560400000,109697.76,109983.0,250627,2765.18,2772.57,250627
1749564000000,109305.28,109586.2,250627,2743.68,2751.04,250627
1749567600000,108620.01,108891.0,250627,2736.2,2743.68,250627
1749571200000,109015.42,109256.2,250627,2732.95,2740.56,250627
1749574800000,108720.61,108976.0,250627,2730.81,2738.34,250627
1749578400000,108711.37,108956.0,250627,2740.68,2748.42,250627
1749582000000,109282.38,109547.2,250627,2754.6,2761.92,250627
1749585600000,109526.3,109790.5,250627,2773.68,2781.03,250627
1749589200000,109960.0,110211.8,250627,2774.11,2782.21,250627
1749592800000,109863.07,110090.4,250627,2772.91,2781.14,250627
1749596400000,109727.87,109978.4,250627,2803.62,2811.05,250627
1749600000000,110274.39,110527.2,250627,2816.4,2824.35,250627
1749603600000,109825.54,110068.0,250627,2795.3,2802.42,250627
1749607200000,109605.53,109853.3,250627,2784.7,2792.09,250627
1749610800000,109677.03,109933.4,250627,2781.26,2788.92,250627
1749614400000,109722.95,109962.6,250627,2791.06,2798.64,250627
1749618000000,109562.75,109818.0,250627,2797.1,2804.73,250627
1749621600000,109468.03,109720.9,250627,2793.69,2801.76,250627
1749625200000,109595.01,109830.3,250627,2792.09,2799.77,250627
1749628800000,109446.74,109714.9,250627,2791.59,2799.52,250627
1749632400000,109576.02,109814.4,250627,2769.23,2776.65,250627
1749636000000,109269.83,109478.6,250627,2759.29,2765.7,250627
1749639600000,109373.12,109606.1,250627,2771.75,2778.66,250627
1749643200000,109252.09,109483.0,250627,2772.25,2779.52,250627
1749646800000,109714.87,109933.9,250627,2805.08,2811.47,250627
1749650400000,109684.0,109884.5,250627,2796.39,2803.5,250627
1749654000000,109866.69,110104.5,250627,2840.59,2847.88,250627
1749657600000,109735.7,109972.4,250627,2865.21,2872.73,250627
1749661200000,109439.38,109685.5,250627,2867.45,2876.31,250627
1749664800000,108984.72,109197.5,250627,2829.2,2835.84,250627
1749668400000,108807.25,109037.5,250627,2821.6,2828.28,250627
1749672000000,108742.37,108982.0,250627,2813.35,2819.88,250627
1749675600000,108906.44,109125.5,250627,2815.25,2821.42,250627
1749679200000,108508.18,108712.8,250627,2782.09,2788.1,250627
1749682800000,108443.38,108626.4,250627,2759.09,2764.58,250627
1749686400000,108645.12,108831.6,250627,2771.61,2778.02,250627
1749690000000,108705.99,108868.6,250627,2775.64,2781.25,250627
1749693600000,108515.99,108669.6,250627,2776.1,2781.69,250627
1749697200000,108400.52,108545.5,250627,2757.99,2763.74,250627
1749700800000,107860.05,108016.2,250627,2765.08,2770.51,250627
1749704400000,107765.12,107927.4,250627,2762.5,2768.53,250627
1749708000000,107746.91,107928.1,250627,2764.78,2770.65,250627
1749711600000,107909.02,108064.9,250627,2768.12,2773.99,250627
1749715200000,107633.53,107789.4,250627,2741.0,2746.24,250627
1749718800000,107731.67,107886.5,250627,2757.32,2762.48,250627
1749722400000,107507.35,107654.2,250627,2752.6,2757.71,250627
1749726000000,107323.16,107479.9,250627,2750.3,2755.35,250627
1749729600000,106900.95,107057.4,250627,2729.8,2734.82,250627
1749733200000,106988.54,107125.9,250627,2736.9,2742.42,250627
1749736800000,107070.8,107195.4,250627,2749.52,2754.78,250627
1749740400000,107612.69,107746.2,250627,2764.79,2769.76,250627
1749744000000,107020.95,107152.3,250627,2719.79,2724.96,250627
1749747600000,107744.71,107848.8,250627,2743.29,2748.17,250627
1749751200000,108287.4,108404.8,250627,2762.12,2767.38,250627
1749754800000,107561.35,107684.1,250627,2735.29,2740.5,250627
1749758400000,106788.8,106916.9,250627,2695.0,2698.02,250627
1749762000000,105973.62,106063.6,250627,2639.5,2643.41,250627
1749765600000,105894.31,106010.6,250627,2633.6,2637.57,250627
1749769200000,105890.7,106005.3,250627,2639.79,2643.7,250627
1749772800000,105671.73,105796.6,250627,2642.65,2647.07,250627
1749776400000,103797.81,103932.4,250627,2529.96,2533.96,250627
1749780000000,103773.65,103833.0,250627,2498.06,2501.85,250627
1749783600000,103641.21,103730.0,250627,2476.21,2479.51,250627
1749787200000,104277.22,104374.6,250627,2514.33,2517.84,250627
1749790800000,104404.52,104494.0,250627,2508.08,2511.35,250627
1749794400000,104002.25,104114.4,250627,2506.63,2510.46,250627
1749798000000,104704.26,104798.2,250627,2532.91,2536.94,250627
1749801600000,104895.0,104987.9,250627,2526.45,2530.83,250627
1749805200000,104739.45,106344.5,250926,2517.82,2553.74,250926
1749808800000,104830.36,106453.6,250926,2521.16,2556.68,250926
1749812400000,104874.01,106481.9,250926,2532.8,2568.86,250926
1749816000000,105039.48,106646.6,250926,2545.4,2582.02,250926
1749819600000,104852.29,106435.6,250926,2542.09,2578.37,250926
1749823200000,104732.44,106339.2,250926,2543.0,2578.1,250926
1749826800000,104970.74,106572.4,250926,2538.06,2574.99,250926
1749830400000,105436.87,106996.3,250926,2551.27,2587.26,250926
1749834000000,105783.66,107362.7,250926,2561.91,2598.7,250926
1749837600000,105390.94,106916.9,250926,2543.19,2579.85,250926
1749841200000,105193.04,106741.9,250926,2529.7,2566.05,250926
1749844800000,105110.0,106662.5,250926,2527.72,2564.12,250926
1749848400000,105424.0,106985.8,250926,2546.83,2583.25,250926
1749852000000,105612.59,107157.6,250926,2553.99,2590.64,250926
1749855600000,105751.28,107294.4,250926,2571.9,2609.23,250926
1749859200000,106066.59,107659.9,250926,2579.19,2616.47,250926
1749862800000,105826.32,107421.3,250926,2562.63,2600.39,250926
1749866400000,105470.35,107055.1,250926,2557.72,2595.32,250926
1749870000000,105374.17,106952.9,250926,2554.84,2592.2,250926
1749873600000,105228.82,106816.1,250926,2548.76,2586.74,250926
1749877200000,105371.07,106937.4,250926,2551.85,2589.47,250926
1749880800000,105288.3,106863.9,250926,2552.28,2589.34,250926
1749884400000,105105.13,106678.4,250926,2543.53,2581.54,250926
1749888000000,105076.59,106656.4,250926,2537.5,2575.17,250926
1749891600000,105095.03,106667.8,250926,2535.69,2573.45,250926
1749895200000,104862.26,106415.5,250926,2523.0,2559.96,250926
1749898800000,105011.92,106556.5,250926,2531.1,2569.71,250926
1749902400000,105082.01,106643.4,250926,2538.52,2576.86,250926
1749906000000,105053.63,106604.2,250926,2536.64,2575.17,250926
1749909600000,105017.41,106569.2,250926,2534.69,2572.7,250926
1749913200000,104913.01,106466.4,250926,2529.3,2567.75,250926
1749916800000,104841.3,106410.2,250926,2519.42,2557.05,250926
1749920400000,104457.85,106026.5,250926,2497.55,2535.83,250926
1749924000000,104608.17,106180.0,250926,2511.49,2549.81,250926
1749927600000,104892.81,106508.8,250926,2508.48,2547.15,250926
1749931200000,104645.67,106257.2,250926,2507.5,2545.92,250926
1749934800000,104894.29,106492.9,250926,2509.37,2547.74,250926
1749938400000,105315.54,106990.2,250926,2527.94,2566.6,250926
1749942000000,105428.74,107065.8,250926,2526.49,2565.16,250926
1749945600000,105414.64,107055.9,250926,2530.76,2570.25,250926
1749949200000,105643.99,107281.9,250926,2537.6,2576.77,250926
1749952800000,105421.03,107036.4,250926,2528.99,2567.51,250926
1749956400000,105481.02,107119.7,250926,2529.19,2567.68,250926
1749960000000,105473.55,107103.2,250926,2530.1,2568.93,250926
1749963600000,105559.68,107187.5,250926,2543.49,2581.8,250926
1749967200000,106073.94,107700.1,250926,2551.11,2589.48,250926
1749970800000,105440.69,107044.1,250926,2535.6,2575.04,250926
1749974400000,105428.0,107017.2,250926,2528.61,2568.02,250926
1749978000000,105197.19,106763.2,250926,2520.6,2559.67,250926
1749981600000,104915.15,106487.4,250926,2510.37,2549.43,250926
1749985200000,105119.99,106699.6,250926,2520.19,2559.98,250926
1749988800000,104970.51,106540.3,250926,2516.1,2554.83,250926
1749992400000,105289.81,106858.6,250926,2525.82,2566.2,250926
1749996000000,105515.97,107099.9,250926,2543.03,2582.97,250926
1749999600000,105657.64,107254.8,250926,2548.76,2588.95,250926
1750003200000,105564.0,107162.9,250926,2541.81,2580.77,250926
1750006800000,105567.24,107130.6,250926,2551.57,2591.03,250926
1750010400000,105689.64,107282.9,250926,2553.75,2594.0,250926
1750014000000,105485.29,107082.1,250926,2548.65,2588.82,250926
1750017600000,105294.19,106874.5,250926,2536.79,2576.34,250926
1750021200000,104729.53,106275.6,250926,2503.34,2541.89,250926
1750024800000,104807.75,106347.0,250926,2517.4,2556.21,250926
1750028400000,105263.51,106832.1,250926,2544.66,2583.8,250926
1750032000000,105594.01,107168.4,250926,2547.61,2586.74,250926
1750035600000,105429.32,107008.9,250926,2544.87,2584.01,250926
1750039200000,105815.08,107411.4,250926,2554.6,2593.32,250926
1750042800000,105785.51,107357.4,250926,2574.3,2614.16,250926
1750046400000,105921.84,107492.4,250926,2568.25,2607.41,250926
1750050000000,106386.0,107935.2,250926,2575.7,2615.15,250926
1750053600000,106559.98,108148.3,250926,2607.42,2646.91,250926
1750057200000,106586.01,108183.5,250926,2607.89,2646.11,250926
1750060800000,107061.8,108658.8,250926,2628.68,2668.12,250926
1750064400000,107180.0,108768.5,250926,2630.29,2670.21,250926
1750068000000,106945.86,108518.4,250926,2621.54,2660.71,250926
1750071600000,106834.32,108391.3,250926,2617.32,2656.07,250926
1750075200000,106883.99,108456.3,250926,2617.01,2655.9,250926
1750078800000,106690.47,108249.1,250926,2615.51,2654.99,250926
1750082400000,107160.06,108723.2,250926,2640.03,2678.74,250926
1750086000000,107533.5,109077.2,250926,2639.91,2679.15,250926
1750089600000,107424.96,108977.0,250926,2632.25,2671.35,250926
1750093200000,107765.99,109351.0,250926,2635.99,2675.55,250926
1750096800000,107755.0,109318.0,250926,2633.89,2673.58,250926
1750100400000,108255.96,109862.9,250926,2654.19,2694.9,250926
1750104000000,108652.0,110236.5,250926,2660.53,2701.0,250926
1750107600000,108782.68,110368.5,250926,2669.8,2710.4,250926
1750111200000,108513.1,110085.9,250926,2648.97,2688.92,250926
1750114800000,107700.01,109293.8,250926,2570.3,2608.25,250926
1750118400000,106794.53,108356.4,250926,2544.17,2581.28,250926
1750122000000,107238.63,108810.0,250926,2587.7,2626.26,250926
1750125600000,107173.51,108744.5,250926,2580.91,2618.98,250926
1750129200000,107482.39,109065.0,250926,2609.01,2648.23,250926
1750132800000,107590.41,109158.5,250926,2607.4,2645.89,250926
1750136400000,107333.64,108893.8,250926,2591.89,2630.29,250926
1750140000000,107122.02,108675.0,250926,2580.0,2617.94,250926
1750143600000,106832.91,108356.4,250926,2582.26,2620.15,250926
1750147200000,106758.52,108324.1,250926,2582.26,2620.67,250926
1750150800000,106568.06,108120.8,250926,2571.53,2609.1,250926
1750154400000,106160.57,107724.6,250926,2566.61,2604.42,250926
1750158000000,105956.01,107508.6,250926,2556.79,2594.67,250926
1750161600000,105641.47,107200.0,250926,2552.19,2589.86,250926
1750165200000,105507.0,107065.9,250926,2547.75,2585.33,250926
1750168800000,105349.27,106879.8,250926,2553.04,2590.77,250926
1750172400000,104847.33,106381.6,250926,2533.19,2571.14,250926
1750176000000,104241.63,105760.8,250926,2499.0,2535.58,250926
1750179600000,103630.67,105162.6,250926,2461.69,2498.18,250926
1750183200000,103814.01,105358.7,250926,2467.01,2503.93,250926
1750186800000,104414.84,105968.0,250926,2497.27,2534.0,250926
1750190400000,104686.12,106254.4,250926,2528.36,2566.06,250926
1750194000000,104362.39,105920.5,250926,2510.69,2548.91,250926
1750197600000,104552.58,106109.9,250926,2519.7,2557.62,250926
1750201200000,104228.31,105782.7,250926,2494.34,2531.23,250926
1750204800000,104551.17,106107.8,250926,2509.95,2546.31,250926
1750208400000,104842.78,106410.6,250926,2526.18,2563.47,250926
1750212000000,104776.92,106312.7,250926,2519.48,2556.19,250926
1750215600000,104856.06,106413.4,250926,2514.95,2551.9,250926
1750219200000,105184.84,106725.2,250926,2527.95,2564.77,250926
1750222800000,105447.39,106998.8,250926,2536.97,2573.87,250926
1750226400000,105423.5,106997.7,250926,2537.1,2574.4,250926
1750230000000,104966.2,106524.7,250926,2524.03,2561.0,250926
1750233600000,104973.24,106474.9,250926,2533.55,2569.58,250926
1750237200000,104949.9,106441.7,250926,2533.28,2569.06,250926
1750240800000,104697.03,106164.4,250926,2527.08,2562.69,250926
1750244400000,104266.19,105734.5,250926,2494.79,2529.93,250926
1750248000000,104840.59,106304.2,250926,2513.86,2549.33,250926
1750251600000,104514.0,105979.3,250926,2493.97,2529.27,250926
1750255200000,104439.81,105909.9,250926,2501.99,2537.34,250926
1750258800000,104619.88,106093.2,250926,2505.39,2540.44,250926
1750262400000,104801.01,106270.4,250926,2508.96,2545.79,250926
1750266000000,104426.93,105899.3,250926,2499.99,2535.91,250926
1750269600000,104331.83,105838.5,250926,2496.7,2532.3,250926
1750273200000,103623.39,105130.9,250926,2475.56,2511.73,250926
1750276800000,103808.41,105307.1,250926,2492.42,2527.85,250926
1750280400000,104822.33,106323.3,250926,2528.75,2564.12,250926
1750284000000,105085.5,106556.5,250926,2528.36,2564.64,250926
1750287600000,104815.23,106286.2,250926,2525.15,2561.13,250926
1750291200000,104886.78,106360.4,250926,2525.0,2560.31,250926
1750294800000,104944.06,106413.4,250926,2529.27,2564.64,250926
1750298400000,104599.25,106053.0,250926,2514.76,2550.51,250926
1750302000000,104722.51,106188.8,250926,2514.49,2550.34,250926
1750305600000,105100.02,106537.5,250926,2525.43,2561.26,250926
1750309200000,105073.52,106498.2,250926,2524.4,2560.15,250926
1750312800000,104892.86,106323.9,250926,2522.11,2557.75,250926
1750316400000,104707.94,106148.2,250926,2519.04,2553.59,250926
1750320000000,104642.85,106089.4,250926,2518.99,2553.72,250926
1750323600000,104746.12,106148.4,250926,2523.59,2558.14,250926
1750327200000,104994.0,106397.5,250926,2538.32,2572.97,250926
1750330800000,104913.19,106312.7,250926,2538.56,2573.56,250926
1750334400000,104776.23,106196.1,250926,2531.83,2566.72,250926
1750338000000,104752.6,106173.1,250926,2525.5,2560.63,250926
1750341600000,104283.33,105713.8,250926,2509.82,2544.37,250926
1750345200000,104148.6,105563.4,250926,2496.92,2531.08,250926
1750348800000,104096.93,105512.4,250926,2492.97,2527.32,250926
1750352400000,104001.13,105422.3,250926,2487.77,2522.51,250926
1750356000000,104521.31,105947.0,250926,2508.33,2542.8,250926
1750359600000,104392.53,105835.7,250926,2504.79,2539.68,250926
1750363200000,104250.44,105703.2,250926,2504.87,2539.57,250926
1750366800000,104266.82,105698.0,250926,2507.27,2541.37,250926
1750370400000,104332.45,105790.3,250926,2510.12,2544.88,250926
1750374000000,104596.29,106053.0,250926,2523.59,2558.92,250926
1750377600000,104658.59,106074.2,250926,2521.12,2556.06,250926
1750381200000,104692.74,106137.8,250926,2525.57,2560.66,250926
1750384800000,104778.5,106203.2,250926,2527.29,2562.44,250926
1750388400000,104628.0,106084.8,250926,2518.0,2552.68,250926
1750392000000,104596.63,106053.0,250926,2517.19,2551.9,250926
1750395600000,104258.59,105699.9,250926,2504.17,2538.39,250926
1750399200000,104584.68,106006.3,250926,2515.88,2550.21,250926
1750402800000,104719.86,106145.1,250926,2521.47,2555.02,250926
1750406400000,105811.74,107224.9,250926,2549.64,2584.14,250926
1750410000000,105959.68,107405.8,250926,2553.5,2588.43,250926
1750413600000,105940.58,107368.2,250926,2553.34,2587.51,250926
1750417200000,105958.87,107346.6,250926,2552.84,2586.61,250926
1750420800000,105977.82,107389.8,250926,2549.65,2583.75,250926
1750424400000,105982.89,107406.1,250926,2551.92,2586.23,250926
1750428000000,105674.0,107109.2,250926,2536.29,2570.89,250926
1750431600000,103940.01,105342.0,250926,2490.01,2524.77,250926
1750435200000,104217.99,105620.0,250926,2493.78,2529.02,250926
1750438800000,103670.61,104989.2,250926,2482.51,2516.05,250926
1750442400000,103279.26,104644.8,250926,2419.41,2453.05,250926
1750446000000,103165.45,104592.8,250926,2419.81,2453.28,250926
1750449600000,103307.22,104748.8,250926,2414.85,2449.44,250926
1750453200000,103693.5,105130.8,250926,2426.89,2460.96,250926
1750456800000,103532.0,104955.5,250926,2416.62,2450.4,250926
1750460400000,103107.11,104478.7,250926,2391.0,2424.0,250926
1750464000000,103297.99,104686.4,250926,2406.49,2439.12,250926
1750467600000,103248.07,104659.0,250926,2411.07,2444.77,250926
1750471200000,103515.36,104904.8,250926,2431.12,2465.14,250926
1750474800000,103499.98,104889.1,250926,2422.87,2455.44,250926
1750478400000,103495.87,104904.8,250926,2425.59,2457.98,250926
1750482000000,103384.98,104786.5,250926,2422.85,2455.19,250926
1750485600000,103421.21,104818.2,250926,2423.83,2456.4,250926
1750489200000,103572.69,104998.4,250926,2424.87,2456.64,250926
1750492800000,103458.5,104860.4,250926,2426.85,2457.94,250926
1750496400000,103826.03,105213.0,250926,2441.56,2474.08,250926
1750500000000,103843.37,105231.6,250926,2445.14,2476.56,250926
1750503600000,103831.22,105210.3,250926,2438.88,2470.52,250926
1750507200000,103874.64,105258.0,250926,2442.75,2473.99,250926
1750510800000,103807.7,105183.8,250926,2435.89,2467.61,250926
1750514400000,103572.29,104936.0,250926,2420.5,2451.84,250926
1750518000000,103549.99,104915.2,250926,2419.68,2450.56,250926
1750521600000,103560.9,104935.7,250926,2423.59,2455.54,250926
1750525200000,103486.01,104852.8,250926,2416.37,2448.32,250926
1750528800000,103182.98,104545.8,250926,2399.2,2430.39,250926
1750532400000,102645.22,103992.0,250926,2387.32,2417.87,250926
1750536000000,102245.1,103566.0,250926,2384.76,2415.68,250926
1750539600000,102782.08,104135.2,250926,2403.64,2434.58,250926
1750543200000,101455.61,102780.6,250926,2281.8,2309.67,250926
1750546800000,101772.96,103092.4,250926,2286.59,2315.99,250926
1750550400000,102120.01,103437.5,250926,2295.73,2323.77,250926
1750554000000,102852.0,104108.2,250926,2294.6,2323.2,250926
1750557600000,102387.0,103636.0,250926,2266.5,2294.55,250926
1750561200000,102347.64,103594.4,250926,2265.5,2293.39,250926
1750564800000,102375.4,103626.0,250926,2264.58,2292.52,250926
1750568400000,102548.15,103765.9,250926,2281.9,2310.48,250926
1750572000000,102853.89,104096.3,250926,2288.76,2317.44,250926
1750575600000,102744.36,103979.2,250926,2286.81,2315.76,250926
1750579200000,102424.61,103677.6,250926,2270.68,2298.56,250926
1750582800000,102712.34,103950.7,250926,2274.44,2302.99,250926
1750586400000,102199.99,103438.3,250926,2241.95,2269.3,250926
1750590000000,102495.69,103714.8,250926,2259.37,2286.47,250926
1750593600000,102739.48,103933.7,250926,2273.0,2300.42,250926
1750597200000,102759.98,103966.0,250926,2280.1,2307.69,250926
1750600800000,100865.66,102091.8,250926,2199.93,2227.7,250926
1750604400000,99628.28,100889.6,250926,2201.34,2229.33,250926
1750608000000,98906.21,100166.1,250926,2174.91,2201.16,250926
1750611600000,99667.17,100760.0,250926,2197.0,2223.32,250926
1750615200000,99480.0,100576.4,250926,2192.28,2218.36,250926
1750618800000,99437.42,100552.2,250926,2182.7,2207.58,250926
1750622400000,98882.84,100028.3,250926,2183.78,2208.85,250926
1750626000000,99536.0,100660.0,250926,2187.6,2212.51,250926
1750629600000,99173.83,100275.6,250926,2179.11,2204.4,250926
1750633200000,100980.05,102120.7,250926,2233.81,2259.84,250926
1750636800000,100963.87,102136.6,250926,2227.7,2253.9,250926
1750640400000,100904.6,101998.1,250926,2240.93,2268.25,250926
1750644000000,101101.64,102261.0,250926,2246.12,2272.6,250926
1750647600000,101301.2,102469.2,250926,2239.07,2266.0,250926
1750651200000,101154.14,102304.7,250926,2234.68,2262.04,250926
1750654800000,101167.99,102332.8,250926,2233.71,2261.16,250926
1750658400000,101771.02,102928.2,250926,2246.38,2273.26,250926
1750662000000,101940.27,103092.1,250926,2250.88,2277.6,250926
1750665600000,101931.04,103083.7,250926,2258.88,2285.58,250926
1750669200000,101881.37,103051.8,250926,2261.99,2289.1,250926
1750672800000,101567.66,102740.3,250926,2252.01,2278.98,250926
1750676400000,101463.21,102662.9,250926,2247.01,2273.31,250926
1750680000000,101289.01,102438.6,250926,2253.37,2279.65,250926
1750683600000,101684.7,102814.8,250926,2266.5,2292.31,250926
1750687200000,102354.14,103435.7,250926,2295.3,2320.95,250926
1750690800000,101624.39,102743.9,250926,2274.01,2300.87,250926
1750694400000,101420.7,102552.3,250926,2248.54,2274.47,250926
1750698000000,100692.1,101900.0,250926,2221.79,2247.55,250926
1750701600000,102484.02,103656.6,250926,2274.68,2303.17,250926
1750705200000,102933.78,104156.4,250926,2305.48,2333.35,250926
1750708800000,103161.29,104330.8,250926,2312.77,2339.28,250926
1750712400000,103739.99,104941.1,250926,2347.13,2373.03,250926
1750716000000,103705.52,104938.3,250926,2341.16,2366.81,250926
1750719600000,105538.19,106676.2,250926,2407.36,2435.03,250926
1750723200000,105333.93,106609.7,250926,2411.66,2439.68,250926
1750726800000,105132.59,106402.1,250926,2402.86,2429.97,250926
1750730400000,105450.76,106678.8,250926,2413.92,2442.38,250926
1750734000000,104753.8,105995.4,250926,2391.91,2420.27,250926
1750737600000,104919.6,106141.3,250926,2398.51,2427.08,250926
1750741200000,104826.14,106077.9,250926,2403.9,2431.87,250926
1750744800000,105396.54,106692.6,250926,2420.01,2448.92,250926
1750748400000,105655.23,106990.3,250926,2425.76,2455.46,250926
1750752000000,104933.74,106264.3,250926,2393.31,2421.98,250926
1750755600000,104996.77,106291.9,250926,2403.24,2431.43,250926
1750759200000,105198.98,106499.3,250926,2415.84,2444.28,250926
1750762800000,105281.99,106568.3,250926,2413.96,2442.63,250926
1750766400000,105170.0,106462.8,250926,2409.44,2436.99,250926
1750770000000,105205.47,106470.0,250926,2414.29,2440.63,250926
1750773600000,105065.44,106372.1,250926,2421.55,2450.65,250926
1750777200000,105517.5,106829.3,250926,2431.13,2457.95,250926
1750780800000,105244.73,106545.7,250926,2438.1,2467.4,250926
1750784400000,106225.26,107500.2,250926,2478.91,2507.75,250926
1750788000000,106046.69,107365.5,250926,2457.65,2486.86,250926
1750791600000,105533.73,106828.2,250926,2435.57,2464.52,250926
1750795200000,105643.19,106989.0,250926,2434.24,2465.0,250926
1750798800000,106087.3,107410.0,250926,2449.4,2478.3,250926
1750802400000,105989.05,107317.1,250926,2445.24,2474.89,250926
1750806000000,106025.39,107357.9,250926,2441.61,2470.84,250926
1750809600000,106083.0,107409.9,250926,2448.45,2477.89,250926
1750813200000,106407.34,107730.8,250926,2458.51,2488.4,250926
1750816800000,106387.43,107676.5,250926,2460.92,2488.48,250926
1750820400000,106474.58,107770.6,250926,2451.73,2480.33,250926
1750824000000,106232.01,107557.7,250926,2444.38,2474.07,250926
1750827600000,106197.56,107530.2,250926,2435.25,2464.52,250926
1750831200000,106213.72,107626.4,250926,2429.38,2458.8,250926
1750834800000,106399.99,107741.6,250926,2444.68,2474.88,250926
1750838400000,106600.01,107927.8,250926,2444.54,2475.46,250926
1750842000000,106635.76,107963.2,250926,2439.49,2468.17,250926
1750845600000,106628.06,108006.1,250926,2420.56,2449.7,250926
1750849200000,107126.49,108471.9,250926,2426.49,2453.8,250926
1750852800000,107198.02,108584.3,250926,2428.95,2458.24,250926
1750856400000,107240.0,108642.2,250926,2428.89,2459.53,250926
1750860000000,107923.21,109319.0,250926,2435.01,2465.4,250926
1750863600000,107629.59,109036.8,250926,2432.12,2461.99,250926
1750867200000,107028.0,108435.8,250926,2405.68,2434.62,250926
1750870800000,107139.81,108534.9,250926,2410.53,2442.68,250926
1750874400000,107402.53,108791.6,250926,2422.83,2452.43,250926
1750878000000,107406.63,108767.4,250926,2418.4,2447.17,250926
1750881600000,107761.68,109112.1,250926,2432.79,2461.29,250926
1750885200000,107781.2,109148.8,250926,2438.2,2469.99,250926
1750888800000,107569.67,108923.3,250926,2430.6,2459.56,250926
1750892400000,107275.01,108603.5,250926,2416.24,2445.32,250926
1750896000000,107340.58,108696.2,250926,2418.49,2448.07,250926
1750899600000,107320.0,108645.5,250926,2426.9,2455.65,250926
1750903200000,107638.01,108941.0,250926,2459.22,2488.23,250926
1750906800000,107920.47,109229.1,250926,2493.3,2521.95,250926
1750910400000,107853.79,109175.0,250926,2488.78,2518.61,250926
1750914000000,107845.41,109132.5,250926,2480.61,2507.63,250926
1750917600000,107632.09,108900.0,250926,2475.59,2503.13,250926
1750921200000,107761.5,109056.0,250926,2487.21,2515.47,250926
1750924800000,107813.99,109090.8,250926,2489.89,2519.59,250926
1750928400000,107753.07,109035.3,250926,2486.8,2515.63,250926
1750932000000,107325.12,108617.9,250926,2463.39,2493.43,250926
1750935600000,107389.01,108648.3,250926,2451.13,2478.31,250926
1750939200000,107325.41,108617.6,250926,2450.36,2478.6,250926
1750942800000,107122.48,108381.2,250926,2440.02,2467.45,250926
1750946400000,106960.01,108165.8,250926,2433.68,2460.81,250926
1750950000000,107436.6,108735.4,250926,2446.48,2475.92,250926
1750953600000,107313.6,108553.1,250926,2433.03,2461.76,250926
1750957200000,107196.05,108414.6,250926,2427.65,2453.61,250926
1750960800000,107192.99,108425.2,250926,2420.7,2445.93,250926
1750964400000,107384.1,108618.7,250926,2425.25,2451.16,250926
1750968000000,107532.98,108729.2,250926,2435.87,2460.13,250926
1750971600000,107766.29,109014.7,250926,2445.27,2471.1,250926
1750975200000,107029.6,108285.9,250926,2414.13,2439.91,250926
1750978800000,106992.59,108249.5,250926,2413.33,2438.9,250926
1750982400000,106947.06,108161.0,250926,2415.96,2441.49,250926
1750986000000,106675.22,107873.2,250926,2400.36,2425.01,250926
1750989600000,107122.81,108304.0,250926,2426.17,2451.05,250926
1750993200000,107253.6,108502.9,250926,2437.82,2462.19,250926
1750996800000,107477.76,108644.6,250926,2446.97,2470.59,250926
1751000400000,107497.06,108671.6,250926,2449.79,2474.05,250926
1751004000000,107267.74,108450.0,250926,2440.0,2461.12,250926
1751007600000,107278.82,108440.0,250926,2448.74,2473.47,250926
1751011200000,106869.71,108052.5,250926,2442.31,2466.35,250926
1751014800000,106998.53,108254.5,250926,2448.61,2471.51,250926
1751018400000,107083.8,108432.5,250926,2460.88,2486.58,250926
1751022000000,106995.32,108355.3,250926,2446.19,2472.75,250926
1751025600000,106983.6,108280.0,250926,2447.25,2473.29,250926
1751029200000,106692.9,107959.8,250926,2429.97,2456.67,250926
1751032800000,106820.99,108049.2,250926,2428.02,2455.81,250926
1751036400000,106557.79,107763.1,250926,2423.25,2450.25,250926
1751040000000,107308.25,108493.1,250926,2438.25,2465.36,250926
1751043600000,107480.1,108711.1,250926,2433.43,2460.2,250926
1751047200000,106875.75,108090.4,250926,2404.88,2431.65,250926
1751050800000,106704.6,107861.4,250926,2394.98,2421.22,250926
1751054400000,106801.02,107985.6,250926,2412.67,2439.29,250926
1751058000000,107119.5,108276.5,250926,2426.2,2450.98,250926
1751061600000,107052.01,108234.9,250926,2419.85,2446.64,250926
1751065200000,107100.7,108263.5,250926,2422.32,2449.5,250926
1751068800000,107047.59,108190.6,250926,2423.17,2450.61,250926
1751072400000,107064.19,108200.0,250926,2418.3,2446.51,250926
1751076000000,107066.19,108175.0,250926,2417.58,2445.81,250926
1751079600000,107110.0,108216.1,250926,2418.88,2445.39,250926
1751083200000,107300.13,108417.0,250926,2420.93,2447.07,250926
1751086800000,107191.19,108316.4,250926,2421.19,2447.22,250926
1751090400000,107294.8,108420.9,250926,2422.2,2448.42,250926
1751094000000,107412.07,108532.0,250926,2427.47,2453.08,250926
1751097600000,107485.0,108647.1,250926,2431.76,2457.78,250926
1751101200000,107379.99,108522.2,250926,2424.49,2449.33,250926
1751104800000,107307.99,108450.6,250926,2427.12,2452.82,250926
1751108400000,107274.41,108420.0,250926,2426.14,2451.74,250926
1751112000000,107373.39,108513.8,250926,2427.42,2453.51,250926
1751115600000,107341.34,108477.8,250926,2426.09,2451.7,250926
1751119200000,107101.78,108258.4,250926,2422.95,2447.56,250926
1751122800000,107204.8,108338.5,250926,2425.57,2451.9,250926
1751126400000,107449.28,108586.6,250926,2436.09,2461.62,250926
1751130000000,107295.84,108442.1,250926,2434.85,2460.6,250926
1751133600000,107465.12,108583.2,250926,2444.06,2469.25,250926
1751137200000,107318.0,108431.2,250926,2437.02,2463.36,250926
1751140800000,107225.74,108321.9,250926,2433.22,2459.89,250926
1751144400000,107169.52,108312.6,250926,2429.62,2457.51,250926
1751148000000,107331.38,108411.4,250926,2436.63,2462.5,250926
1751151600000,107370.61,108458.0,250926,2440.22,2465.58,250926
1751155200000,107296.79,108381.2,250926,2435.62,2461.25,250926
1751158800000,107475.92,108566.8,250926,2438.57,2464.62,250926
1751162400000,107311.0,108409.6,250926,2429.59,2454.92,250926
1751166000000,107307.48,108382.4,250926,2431.77,2457.83,250926
1751169600000,107210.78,108309.8,250926,2427.86,2454.73,250926
1751173200000,107264.15,108351.2,250926,2429.83,2455.38,250926
1751176800000,107309.99,108414.4,250926,2433.77,2459.93,250926
1751180400000,107376.95,108487.8,250926,2436.82,2462.59,250926
1751184000000,107402.18,108500.0,250926,2440.5,2466.2,250926
1751187600000,107693.85,108799.9,250926,2443.74,2468.5,250926
1751191200000,107891.64,109018.2,250926,2448.29,2473.65,250926
1751194800000,108153.26,109296.6,250926,2456.45,2482.55,250926
1751198400000,108477.11,109612.1,250926,2462.25,2488.14,250926
1751202000000,108189.88,109324.3,250926,2454.84,2480.49,250926
1751205600000,108051.52,109194.9,250926,2446.91,2472.83,250926
1751209200000,107948.08,109089.4,250926,2440.18,2466.36,250926
1751212800000,107750.72,108944.6,250926,2436.68,2462.84,250926
1751216400000,107552.03,108683.8,250926,2439.06,2465.19,250926
1751220000000,107544.44,108680.5,250926,2439.14,2464.92,250926
1751223600000,107640.01,108760.9,250926,2437.84,2463.83,250926
1751227200000,107406.81,108543.4,250926,2437.96,2464.99,250926
1751230800000,107359.79,108518.0,250926,2432.3,2458.78,250926
1751234400000,107543.48,108713.2,250926,2431.15,2458.34,250926
1751238000000,108079.9,109217.2,250926,2501.72,2527.16,250926
1751241600000,108356.93,109520.5,250926,2500.09,2527.75,250926
1751245200000,108713.81,109913.1,250926,2518.68,2546.21,250926
1751248800000,108493.93,109692.4,250926,2510.6,2537.75,250926
1751252400000,108479.81,109650.3,250926,2501.22,2528.4,250926
1751256000000,108503.74,109692.6,250926,2499.21,2528.22,250926
1751259600000,108314.99,109502.5,250926,2495.77,2523.46,250926
1751263200000,108280.65,109467.9,250926,2503.06,2531.07,250926
1751266800000,107571.72,108747.3,250926,2464.17,2490.87,250926
1751270400000,107614.08,108788.8,250926,2480.59,2508.28,250926
1751274000000,107512.89,108668.7,250926,2468.6,2494.32,250926
1751277600000,107478.77,108625.6,250926,2451.76,2477.37,250926
1751281200000,107649.49,108823.1,250926,2456.2,2483.13,250926
1751284800000,107654.2,108762.5,250926,2458.52,2484.57,250926
1751288400000,107570.58,108720.1,250926,2460.03,2485.52,250926
1751292000000,107525.49,108610.6,250926,2462.41,2488.09,250926
1751295600000,106803.32,107848.5,250926,2438.61,2462.88,250926
1751299200000,107580.46,108624.8,250926,2474.78,2499.85,250926
1751302800000,107599.96,108654.3,250926,2475.43,2499.91,250926
1751306400000,107462.94,108505.7,250926,2487.63,2513.3,250926
1751310000000,107242.01,108303.7,250926,2485.82,2510.38,250926
1751313600000,107745.97,108843.7,250926,2515.71,2541.13,250926
1751317200000,107577.89,108662.8,250926,2502.96,2527.71,250926
1751320800000,107130.81,108179.8,250926,2487.72,2513.13,250926
1751324400000,107112.75,108149.4,250926,2490.44,2515.26,250926
1751328000000,107146.5,108219.7,250926,2485.47,2510.69,250926
1751331600000,107377.02,108413.8,250926,2493.35,2517.9,250926
1751335200000,107220.0,108259.2,250926,2488.78,2513.39,250926
1751338800000,107101.69,108153.5,250926,2483.54,2507.83,250926
1751342400000,107192.38,108270.6,250926,2485.42,2510.46,250926
1751346000000,106881.6,107941.2,250926,2460.9,2485.98,250926
1751349600000,106932.49,108015.2,250926,2461.54,2486.28,250926
1751353200000,106890.77,107960.1,250926,2459.67,2484.6,250926
1751356800000,107178.99,108132.3,250926,2465.03,2489.94,250926
1751360400000,106710.12,107665.9,250926,2453.22,2477.23,250926
1751364000000,106556.39,107483.1,250926,2456.86,2480.59,250926
1751367600000,106490.42,107406.0,250926,2455.94,2479.67,250926
1751371200000,106605.8,107515.3,250926,2449.06,2472.32,250926
1751374800000,106421.08,107330.2,250926,2437.35,2460.0,250926
1751378400000,106807.42,107752.0,250926,2443.47,2465.18,250926
1751382000000,105925.0,106862.8,250926,2419.94,2440.4,250926
1751385600000,105955.18,106907.6,250926,2423.54,2445.19,250926
1751389200000,106082.56,107075.4,250926,2424.58,2446.45,250926
1751392800000,106253.79,107228.7,250926,2432.26,2454.86,250926
1751396400000,105749.68,106732.0,250926,2410.14,2431.62,250926
1751400000000,105398.53,106366.8,250926,2402.87,2424.15,250926
1751403600000,105920.01,106909.3,250926,2415.08,2440.0,250926
1751407200000,105784.13,106743.6,250926,2407.08,2429.42,250926
1751410800000,105613.22,106541.8,250926,2400.66,2422.61,250926
1751414400000,105681.14,106625.9,250926,2405.01,2426.96,250926
1751418000000,105392.3,106324.0,250926,2398.44,2420.33,250926
1751421600000,105720.0,106671.8,250926,2411.3,2433.86,250926
1751425200000,105908.7,106885.7,250926,2418.1,2440.41,250926
1751428800000,106194.7,107150.0,250926,2430.55,2451.89,250926
1751432400000,106382.86,107368.1,250926,2439.56,2461.28,250926
1751436000000,106638.83,107626.3,250926,2444.22,2466.6,250926
1751439600000,107014.38,108015.0,250926,2451.51,2473.14,250926
1751443200000,107080.0,108064.6,250926,2447.03,2469.58,250926
1751446800000,107728.99,108779.9,250926,2449.15,2470.1,250926
1751450400000,107636.16,108642.2,250926,2448.61,2470.39,250926
1751454000000,107848.95,108846.7,250926,2453.45,2476.19,250926
1751457600000,107479.99,108518.9,250926,2445.7,2468.12,250926
1751461200000,107379.92,108433.2,250926,2438.5,2460.03,250926
1751464800000,107768.2,108839.1,250926,2449.63,2472.32,250926
1751468400000,108139.99,109163.5,250926,2469.66,2492.66,250926
1751472000000,108737.74,109847.7,250926,2498.81,2523.42,250926
1751475600000,109413.02,110417.8,250926,2560.69,2586.54,250926
1751479200000,109129.67,110113.5,250926,2566.87,2591.0,250926
1751482800000,109538.88,110601.5,250926,2582.38,2607.93,250926
1751486400000,109676.14,110735.0,250926,2604.73,2631.58,250926
1751490000000,109136.3,110233.6,250926,2590.06,2616.3,250926
1751493600000,109441.8,110504.3,250926,2596.89,2622.86,250926
1751497200000,109142.0,110216.8,250926,2594.87,2620.42,250926
1751500800000,108849.6,109887.4,250926,2570.41,2595.59,250926
1751504400000,108915.0,109987.6,250926,2573.6,2599.78,250926
1751508000000,108975.97,110075.2,250926,2580.13,2606.52,250926
1751511600000,108721.52,109797.0,250926,2567.37,2593.15,250926
1751515200000,108628.21,109728.0,250926,2561.23,2587.56,250926
1751518800000,108790.0,109892.6,250926,2566.68,2592.17,250926
1751522400000,109340.37,110452.3,250926,2589.62,2616.35,250926
1751526000000,109478.94,110617.4,250926,2599.59,2625.64,250926
1751529600000,109280.0,110408.3,250926,2600.18,2625.39,250926
1751533200000,109377.57,110513.2,250926,2588.37,2613.81,250926
1751536800000,109942.2,111127.0,250926,2599.35,2624.84,250926
1751540400000,109839.37,111027.3,250926,2598.21,2624.26,250926
1751544000000,109599.19,110800.0,250926,2597.59,2623.7,250926
1751547600000,109167.99,110355.6,250926,2589.07,2615.48,250926
1751551200000,110255.63,111431.9,250926,2624.68,2651.17,250926
1751554800000,109718.57,110870.0,250926,2595.17,2621.45,250926
1751558400000,109127.84,110293.5,250926,2570.52,2596.75,250926
1751562000000,109288.46,110439.4,250926,2572.12,2598.43,250926
1751565600000,109556.0,110704.1,250926,2577.41,2603.47,250926
1751569200000,109678.75,110856.4,250926,2585.49,2612.38,250926
1751572800000,109803.41,110965.9,250926,2586.02,2613.13,250926
1751576400000,109947.11,111111.1,250926,2599.19,2625.0,250926
1751580000000,109788.0,110950.0,250926,2595.52,2620.89,250926
1751583600000,109699.17,110838.8,250926,2593.68,2619.97,250926
1751587200000,109584.78,110722.6,250926,2591.25,2617.14,250926
1751590800000,109478.94,110584.7,250926,2588.53,2615.12,250926
1751594400000,109500.01,110639.8,250926,2590.09,2616.41,250926
1751598000000,109180.54,110313.0,250926,2575.18,2601.43,250926
1751601600000,109235.57,110368.5,250926,2577.93,2604.19,250926
1751605200000,108982.59,110110.7,250926,2570.31,2596.74,250926
1751608800000,109012.0,110116.6,250926,2568.86,2595.68,250926
1751612400000,109025.99,110139.7,250926,2558.75,2585.01,250926
1751616000000,108700.0,109832.7,250926,2534.9,2562.4,250926
1751619600000,108763.28,109842.7,250926,2547.0,2573.17,250926
1751623200000,108997.59,110098.4,250926,2551.47,2577.97,250926
1751626800000,108899.74,109997.1,250926,2548.12,2574.22,250926
1751630400000,108888.0,109989.4,250926,2549.21,2575.5,250926
1751634000000,108731.79,109841.4,250926,2548.12,2575.68,250926
1751637600000,107970.23,109073.1,250926,2525.85,2551.41,250926
1751641200000,107810.0,108895.2,250926,2516.85,2542.58,250926
1751644800000,107573.29,108702.7,250926,2500.52,2527.15,250926
1751648400000,107636.98,108732.2,250926,2487.51,2514.67,250926
1751652000000,107875.37,108990.7,250926,2496.56,2523.87,250926
1751655600000,107489.23,108622.2,250926,2484.28,2511.58,250926
1751659200000,107469.23,108576.4,250926,2482.58,2509.52,250926
1751662800000,107692.01,108812.4,250926,2490.29,2516.56,250926
1751666400000,107911.2,109013.8,250926,2496.9,2522.88,250926
1751670000000,108254.95,109353.1,250926,2520.39,2547.9,250926
1751673600000,107984.24,109085.3,250926,2508.04,2534.09,250926
1751677200000,108196.01,109331.2,250926,2516.76,2543.48,250926
1751680800000,107981.13,109090.4,250926,2514.18,2541.62,250926
1751684400000,108067.87,109167.7,250926,2518.79,2545.1,250926
1751688000000,108154.72,109225.7,250926,2518.24,2544.61,250926
1751691600000,108137.66,109211.2,250926,2516.25,2542.65,250926
1751695200000,108125.63,109204.1,250926,2519.57,2545.57,250926
1751698800000,108270.82,109341.4,250926,2527.33,2553.73,250926
1751702400000,108053.46,109122.1,250926,2521.31,2546.83,250926
1751706000000,108029.97,109076.9,250926,2516.09,2542.64,250926
1751709600000,108078.06,109181.6,250926,2521.63,2546.54,250926
1751713200000,108085.23,109135.1,250926,2518.34,2543.78,250926
1751716800000,108112.21,109158.2,250926,2518.11,2544.14,250926
1751720400000,108148.57,109186.8,250926,2518.27,2543.45,250926
1751724000000,108125.99,109169.0,250926,2514.42,2539.56,250926
1751727600000,108193.23,109230.6,250926,2518.45,2544.04,250926
1751731200000,108058.0,109088.2,250926,2507.67,2533.93,250926
1751734800000,108101.99,109119.2,250926,2505.65,2531.02,250926
1751738400000,108090.08,109108.3,250926,2503.6,2529.84,250926
1751742000000,108010.0,108990.4,250926,2492.85,2518.32,250926
1751745600000,108141.78,109145.5,250926,2505.74,2531.92,250926
1751749200000,108096.75,109094.5,250926,2506.23,2531.48,250926
1751752800000,108090.0,109096.9,250926,2516.65,2542.59,250926
1751756400000,108188.47,109198.1,250926,2519.01,2544.99,250926
1751760000000,108198.12,109210.0,250926,2516.41,2542.57,250926
1751763600000,108206.99,109209.7,250926,2520.12,2545.94,250926
1751767200000,108218.25,109188.3,250926,2517.85,2543.53,250926
1751770800000,108060.02,109045.8,250926,2513.35,2539.01,250926
1751774400000,108050.49,109020.1,250926,2514.77,2540.1,250926
1751778000000,107989.11,108969.1,250926,2512.38,2538.01,250926
1751781600000,108003.35,108983.3,250926,2510.68,2535.37,250926
1751785200000,108121.98,109109.5,250926,2521.39,2547.82,250926
1751788800000,108040.31,109028.7,250926,2517.85,2543.01,250926
1751792400000,108005.27,108997.9,250926,2513.21,2537.48,250926
1751796000000,107850.01,108835.1,250926,2507.29,2532.92,250926
1751799600000,107990.93,108964.4,250926,2508.32,2533.62,250926
1751803200000,108076.01,109037.8,250926,2516.14,2541.19,250926
1751806800000,108232.99,109200.0,250926,2520.26,2545.48,250926
1751810400000,108772.17,109742.6,250926,2558.32,2583.43,250926
1751814000000,108933.25,109979.9,250926,2559.4,2585.22,250926
1751817600000,108905.99,109964.1,250926,2558.72,2584.15,250926
1751821200000,108856.92,109934.4,250926,2552.14,2578.22,250926
1751824800000,108919.22,109994.7,250926,2547.4,2572.88,250926
1751828400000,108463.99,109534.2,250926,2532.02,2558.12,250926
1751832000000,108538.46,109639.8,250926,2541.06,2567.6,250926
1751835600000,108665.47,109798.3,250926,2545.49,2572.03,250926
1751839200000,109208.25,110312.4,250926,2587.69,2615.0,250926
1751842800000,109228.73,110343.3,250926,2582.31,2608.93,250926
1751846400000,109203.84,110321.8,250926,2570.35,2597.6,250926
1751850000000,108823.07,109948.9,250926,2561.42,2587.85,250926
1751853600000,109019.13,110164.6,250926,2563.31,2590.69,250926
1751857200000,109364.52,110492.6,250926,2576.34,2603.08,250926
1751860800000,109389.47,110562.1,250926,2577.42,2605.07,250926
1751864400000,109128.73,110263.5,250926,2573.43,2600.44,250926
1751868000000,109079.99,110179.4,250926,2569.49,2596.23,250926
1751871600000,108774.5,109914.9,250926,2565.56,2592.18,250926
1751875200000,109061.08,110195.0,250926,2578.34,2606.22,250926
1751878800000,109011.7,110159.9,250926,2585.13,2611.21,250926
1751882400000,108849.06,110016.7,250926,2572.27,2599.65,250926
1751886000000,108664.14,109820.5,250926,2558.66,2585.47,250926
1751889600000,108642.01,109796.1,250926,2562.99,2589.6,250926
1751893200000,108346.85,109470.2,250926,2548.92,2575.11,250926
1751896800000,108536.84,109663.3,250926,2566.01,2591.9,250926
1751900400000,108223.14,109300.1,250926,2531.65,2557.21,250926
1751904000000,108292.59,109371.2,250926,2533.81,2559.24,250926
1751907600000,107976.91,109033.1,250926,2524.21,2549.73,250926
1751911200000,107943.15,109001.8,250926,2533.15,2559.87,250926
1751914800000,108024.53,109109.3,250926,2544.24,2570.6,250926
1751918400000,108056.68,109110.1,250926,2543.97,2569.42,250926
1751922000000,107886.85,108937.6,250926,2534.17,2559.01,250926
1751925600000,108166.95,109220.3,250926,2539.68,2564.26,250926
1751929200000,108019.23,109078.4,250926,2536.33,2562.4,250926
1751932800000,108262.94,109323.9,250926,2542.29,2568.33,250926
1751936400000,108299.99,109351.0,250926,2540.58,2565.8,250926
1751940000000,107705.03,108735.0,250926,2526.96,2550.47,250926
1751943600000,107766.2,108811.7,250926,2528.01,2552.86,250926
1751947200000,107901.52,108966.3,250926,2538.34,2562.4,250926
1751950800000,108019.24,109070.0,250926,2543.63,2567.9,250926
1751954400000,108210.94,109252.1,250926,2552.15,2576.33,250926
1751958000000,108299.72,109360.5,250926,2559.07,2583.37,250926
1751961600000,108484.61,109528.1,250926,2553.42,2577.0,250926
1751965200000,108262.36,109333.5,250926,2546.18,2571.27,250926
1751968800000,108469.99,109520.3,250926,2552.01,2577.07,250926
1751972400000,108832.77,109905.9,250926,2565.97,2590.8,250926
1751976000000,108756.37,109847.3,250926,2575.15,2600.32,250926
1751979600000,108949.19,110047.3,250926,2583.07,2607.53,250926
1751983200000,109034.61,110106.8,250926,2588.11,2613.02,250926
1751986800000,108376.0,109483.0,250926,2563.99,2587.7,250926
1751990400000,108268.35,109355.6,250926,2564.68,2589.26,250926
1751994000000,108439.37,109558.3,250926,2576.17,2602.29,250926
1751997600000,108991.0,110072.5,250926,2616.65,2642.27,250926
1752001200000,109147.56,110278.3,250926,2625.06,2651.14,250926
1752004800000,108771.88,109919.3,250926,2610.61,2638.15,250926
1752008400000,108630.54,109771.3,250926,2598.42,2625.67,250926
1752012000000,108889.9,110018.2,250926,2609.27,2636.51,250926
1752015600000,108917.01,110034.1,250926,2610.56,2637.97,250926
1752019200000,108922.98,110049.2,250926,2615.25,2641.88,250926
1752022800000,108940.39,110059.5,250926,2613.27,2641.11,250926
1752026400000,108780.76,109909.4,250926,2605.0,2631.77,250926
1752030000000,108611.53,109742.5,250926,2602.81,2629.8,250926
1752033600000,108376.41,109562.1,250926,2591.75,2618.1,250926
1752037200000,108553.61,109723.6,250926,2603.06,2630.32,250926
1752040800000,108778.1,109969.3,250926,2628.21,2655.74,250926
1752044400000,108840.01,110037.8,250926,2631.22,2659.67,250926
1752048000000,108714.39,109891.6,250926,2624.86,2652.25,250926
1752051600000,108654.16,109842.5,250926,2611.8,2639.16,250926
1752055200000,108763.37,109952.5,250926,2611.16,2640.06,250926
1752058800000,108900.0,110081.3,250926,2618.08,2645.54,250926
1752062400000,109058.27,110235.0,250926,2626.43,2653.17,250926
1752066000000,109330.77,110538.2,250926,2660.01,2687.66,250926
1752069600000,109184.0,110415.4,250926,2654.7,2682.43,250926
1752073200000,108900.29,110123.8,250926,2642.23,2670.6,250926
1752076800000,109071.32,110302.7,250926,2656.83,2684.81,250926
1752080400000,109408.71,110604.3,250926,2666.29,2695.44,250926
1752084000000,109168.0,110389.4,250926,2662.13,2691.07,250926
1752087600000,109536.49,110752.9,250926,2718.33,2747.12,250926
1752091200000,111750.0,113031.7,250926,2765.01,2794.46,250926
1752094800000,110714.97,112042.6,250926,2738.03,2772.67,250926
1752098400000,110818.36,112137.5,250926,2753.26,2786.45,250926
1752102000000,111382.17,112778.4,250926,2780.0,2813.79,250926
1752105600000,111233.99,112618.9,250926,2768.74,2801.81,250926
1752109200000,110916.66,112311.7,250926,2756.67,2789.3,250926
1752112800000,111189.71,112544.7,250926,2774.38,2806.59,250926
1752116400000,111213.91,112557.8,250926,2783.43,2816.13,250926
1752120000000,111074.51,112406.9,250926,2776.13,2808.17,250926
1752123600000,111150.0,112469.0,250926,2779.1,2810.88,250926
1752127200000,111086.14,112422.5,250926,2781.8,2813.26,250926
1752130800000,111233.34,112570.3,250926,2795.7,2827.08,250926
1752134400000,111230.0,112532.8,250926,2791.09,2823.52,250926
1752138000000,111233.33,112520.3,250926,2788.5,2821.3,250926
1752141600000,111041.36,112346.8,250926,2778.23,2811.23,250926
1752145200000,111088.51,112356.9,250926,2784.93,2817.63,250926
1752148800000,111019.99,112263.6,250926,2778.69,2810.97,250926
1752152400000,110869.0,112105.7,250926,2778.74,2810.99,250926
1752156000000,110800.01,111986.1,250926,2784.81,2816.35,250926
1752159600000,111247.57,112457.8,250926,2776.51,2807.25,250926
1752163200000,111408.4,112573.3,250926,2769.32,2799.41,250926
1752166800000,112643.48,113877.7,250926,2808.3,2839.19,250926
1752170400000,113722.82,115056.2,250926,2830.37,2860.93,250926
1752174000000,113420.0,114732.4,250926,2811.39,2844.06,250926
1752177600000,113301.81,114593.2,250926,2816.21,2846.37,250926
1752181200000,113493.16,114813.0,250926,2818.56,2852.14,250926
1752184800000,116490.52,117776.9,250926,2972.17,3005.7,250926
1752188400000,116008.38,117366.8,250926,2973.88,3005.76,250926
1752192000000,116010.0,117429.4,250926,2951.29,2983.22,250926
1752195600000,115590.63,117035.0,250926,2937.17,2970.45,250926
1752199200000,115967.57,117415.6,250926,2955.09,2988.18,250926
1752202800000,116672.57,118111.9,250926,2965.15,2999.02,250926
1752206400000,116881.7,118400.0,250926,2969.74,3004.09,250926
1752210000000,116918.16,118400.5,250926,2970.23,3006.29,250926
1752213600000,117860.37,119421.1,250926,3004.87,3041.6,250926
1752217200000,117648.33,119208.1,250926,2989.2,3026.83,250926
1752220800000,117526.88,119160.6,250926,2968.49,3007.17,250926
1752224400000,117964.76,119602.7,250926,3003.33,3041.71,250926
1752228000000,118470.34,120146.2,250926,3014.99,3054.71,250926
1752231600000,117983.78,119632.0,250926,3002.99,3042.45,250926
1752235200000,117821.91,119483.8,250926,2984.0,3022.9,250926
1752238800000,117878.11,119505.2,250926,2986.39,3024.67,250926
1752242400000,117989.18,119591.1,250926,3002.85,3044.0,250926
1752246000000,117858.16,119515.1,250926,2988.73,3027.93,250926
1752249600000,116902.59,118592.6,250926,2951.09,2988.9,250926
1752253200000,117393.39,119017.5,250926,2967.54,3007.22,250926
1752256800000,117640.0,119302.3,250926,2993.31,3031.62,250926
1752260400000,117694.01,119330.9,250926,2995.57,3033.53,250926
1752264000000,118108.81,119714.8,250926,3007.6,3046.85,250926
1752267600000,117664.46,119245.2,250926,2974.8,3013.5,250926
1752271200000,117619.99,119218.0,250926,2966.44,3005.81,250926
1752274800000,117615.89,119158.6,250926,2950.49,2987.33,250926
1752278400000,117527.66,119067.9,250926,2958.22,2994.93,250926
1752282000000,117407.99,118932.4,250926,2952.49,2988.67,250926
1752285600000,117644.81,119204.4,250926,2958.58,2996.53,250926
1752289200000,117599.99,119150.7,250926,2956.64,2995.04,250926
1752292800000,117774.42,119263.8,250926,2966.09,3002.72,250926
1752296400000,117646.44,119162.6,250926,2951.47,2989.2,250926
1752300000000,117689.68,119252.9,250926,2952.81,2990.37,250926
1752303600000,117847.66,119400.0,250926,2959.87,2997.11,250926
1752307200000,117731.99,119244.2,250926,2962.85,3000.75,250926
1752310800000,117929.65,119511.9,250926,2966.74,3004.42,250926
1752314400000,118158.78,119729.8,250926,2974.08,3012.29,250926
1752318000000,118077.32,119650.4,250926,2975.82,3015.29,250926
1752321600000,117810.0,119417.1,250926,2963.39,3002.33,250926
1752325200000,117559.97,119157.9,250926,2943.31,2984.11,250926
1752328800000,117500.0,119065.0,250926,2939.79,2979.92,250926
1752332400000,117389.47,118970.0,250926,2928.3,2967.93,250926
1752336000000,117100.01,118699.7,250926,2916.05,2955.29,250926
1752339600000,117191.08,118778.1,250926,2924.49,2963.23,250926
1752343200000,117478.4,119062.1,250926,2941.27,2982.34,250926
1752346800000,117504.0,119105.8,250926,2942.37,2982.47,250926
1752350400000,117550.96,119172.1,250926,2941.18,2979.96,250926
1752354000000,117023.36,118684.9,250926,2917.02,2956.0,250926
1752357600000,117485.22,119097.4,250926,2939.19,2977.71,250926
1752361200000,117385.37,118970.5,250926,2938.05,2977.06,250926
1752364800000,117420.0,119013.8,250926,2943.28,2982.5,250926
1752368400000,117316.1,118903.1,250926,2944.89,2985.07,250926
1752372000000,117553.37,119153.1,250926,2949.57,2989.89,250926
1752375600000,117620.0,119205.1,250926,2954.01,2995.0,250926
1752379200000,117753.6,119375.9,250926,2955.1,2995.64,250926
1752382800000,117879.22,119513.7,250926,2958.67,2999.72,250926
1752386400000,117759.99,119434.2,250926,2950.66,2990.95,250926
1752390000000,117888.51,119531.5,250926,2959.82,3000.95,250926
1752393600000,117999.0,119642.3,250926,2962.94,3004.21,250926
1752397200000,117895.78,119543.1,250926,2955.88,2996.17,250926
1752400800000,117739.16,119371.8,250926,2949.29,2989.34,250926
1752404400000,117747.99,119384.2,250926,2948.45,2989.04,250926
1752408000000,118072.01,119775.3,250926,2964.58,3006.49,250926
1752411600000,118432.11,120100.0,250926,2986.06,3028.5,250926
1752415200000,118610.01,120296.5,250926,2989.64,3031.87,250926
1752418800000,118766.94,120451.9,250926,2987.85,3029.12,250926
1752422400000,118672.24,120372.4,250926,2992.43,3034.22,250926
1752426000000,118528.01,120214.4,250926,2974.58,3015.78,250926
1752429600000,118699.6,120369.5,250926,2991.82,3034.14,250926
1752433200000,118992.73,120674.2,250926,2994.0,3036.09,250926
1752436800000,118961.08,120675.8,250926,2989.45,3031.34,250926
1752440400000,119083.6,120753.3,250926,2991.91,3033.42,250926
1752444000000,118648.87,120315.2,250926,2964.99,3007.13,250926
1752447600000,118520.01,120295.8,250926,2959.2,3000.0,250926
1752451200000,119086.64,120791.4,250926,2972.03,3014.13,250926
1752454800000,119061.4,120772.5,250926,2975.41,3016.41,250926
1752458400000,119100.58,120759.7,250926,2974.31,3015.55,250926
1752462000000,119647.88,121380.0,250926,3000.59,3042.4,250926
1752465600000,120750.24,122586.3,250926,3037.36,3080.28,250926
1752469200000,121400.0,123146.9,250926,3053.01,3097.59,250926
1752472800000,122461.99,124266.7,250926,3040.23,3083.77,250926
1752476400000,122130.99,123936.7,250926,3023.66,3067.65,250926
1752480000000,122736.04,124585.2,250926,3045.02,3088.08,250926
1752483600000,122578.0,124395.8,250926,3039.77,3084.03,250926
1752487200000,121973.74,123743.8,250926,3044.71,3089.23,250926
1752490800000,121905.48,123647.2,250926,3066.78,3110.09,250926
1752494400000,121467.24,123160.7,250926,3051.72,3096.23,250926
1752498000000,121918.0,123571.9,250926,3050.94,3092.46,250926
1752501600000,121710.64,123398.1,250926,3056.26,3098.98,250926
1752505200000,121158.89,122823.8,250926,3029.49,3069.08,250926
1752508800000,119878.23,121521.9,250926,3012.49,3051.9,250926
1752512400000,120268.87,121971.1,250926,3025.54,3064.7,250926
1752516000000,119896.42,121513.2,250926,3008.86,3048.49,250926
1752519600000,119644.94,121356.1,250926,2989.5,3029.27,250926
1752523200000,119939.41,121646.6,250926,3000.33,3039.59,250926
1752526800000,120167.07,121835.4,250926,3003.98,3044.1,250926
1752530400000,120034.98,121708.1,250926,3010.99,3052.42,250926
1752534000000,120057.01,121733.9,250926,3013.61,3054.12,250926
1752537600000,119841.18,121517.0,250926,3013.62,3055.75,250926
1752541200000,119497.92,121210.6,250926,2992.96,3033.24,250926
1752544800000,118431.71,120114.2,250926,2976.7,3016.61,250926
1752548400000,118251.05,119919.4,250926,2974.2,3014.21,250926
1752552000000,117148.47,118818.1,250926,2951.8,2991.74,250926
1752555600000,117480.48,119111.4,250926,2968.32,3008.91,250926
1752559200000,117335.12,118983.1,250926,2974.49,3014.08,250926
1752562800000,117070.54,118640.3,250926,2985.5,3024.62,250926
1752566400000,116779.12,118354.2,250926,2977.49,3017.41,250926
1752570000000,116777.47,118343.8,250926,2973.99,3013.1,250926
1752573600000,116779.99,118344.1,250926,2972.88,3009.7,250926
1752577200000,117016.48,118662.9,250926,2974.31,3013.52,250926
1752580800000,117113.98,118751.6,250926,2981.11,3018.82,250926
1752584400000,117204.18,118780.0,250926,3000.29,3038.95,250926
1752588000000,118088.13,119708.8,250926,3051.71,3090.53,250926
1752591600000,116008.19,117596.3,250926,2977.93,3017.03,250926
1752595200000,116391.43,118076.6,250926,3039.93,3077.77,250926
1752598800000,117188.01,118827.7,250926,3048.21,3089.11,250926
1752602400000,117372.99,119174.6,250926,3096.29,3137.61,250926
1752606000000,116719.55,118481.1,250926,3065.41,3109.46,250926
1752609600000,116416.07,118083.3,250926,3040.88,3082.68,250926
1752613200000,116419.02,118106.0,250926,3040.89,3084.65,250926
1752616800000,117553.92,119228.1,250926,3080.82,3124.01,250926
1752620400000,117827.74,119524.3,250926,3094.06,3139.19,250926
1752624000000,117758.09,119451.5,250926,3137.89,3182.92,250926
1752627600000,118112.89,119824.8,250926,3142.7,3187.84,250926
1752631200000,117724.29,119436.2,250926,3139.78,3183.69,250926
1752634800000,117317.27,119013.9,250926,3115.51,3159.46,250926
1752638400000,117482.67,119198.0,250926,3115.99,3161.24,250926
1752642000000,117600.92,119316.9,250926,3128.65,3173.56,250926
1752645600000,117869.82,119580.9,250926,3142.55,3187.3,250926
1752649200000,118276.3,119996.5,250926,3165.23,3210.0,250926
1752652800000,118189.25,119935.9,250926,3162.45,3207.4,250926
1752656400000,118699.99,120422.4,250926,3164.49,3210.64,250926
1752660000000,119193.37,120878.2,250926,3162.24,3207.65,250926
1752663600000,118736.25,120431.7,250926,3144.08,3189.58,250926
1752667200000,118769.06,120439.5,250926,3150.5,3195.11,250926
1752670800000,118613.43,120282.5,250926,3164.93,3210.81,250926
1752674400000,118700.01,120423.8,250926,3195.81,3241.52,250926
1752678000000,119056.8,120712.4,250926,3251.66,3296.3,250926
1752681600000,119095.76,120799.9,250926,3244.49,3289.37,250926
1752685200000,119291.91,121009.1,250926,3285.24,3332.06,250926
1752688800000,119073.35,120863.7,250926,3317.09,3363.84,250926
1752692400000,119512.2,121232.4,250926,3335.98,3381.27,250926
1752696000000,119230.16,121026.1,250926,3384.23,3427.96,250926
1752699600000,119921.96,121671.3,250926,3380.3,3426.79,250926
1752703200000,119297.64,121052.4,250926,3374.01,3417.09,250926
1752706800000,118639.34,120377.1,250926,3362.54,3405.0,250926
1752710400000,118630.43,120395.7,250926,3371.35,3415.06,250926
1752714000000,118894.33,120615.1,250926,3376.8,3418.7,250926
1752717600000,118149.7,119824.2,250926,3338.21,3381.69,250926
1752721200000,118330.57,119998.9,250926,3348.55,3391.44,250926
1752724800000,118128.8,119760.2,250926,3330.14,3375.08,250926
1752728400000,118485.4,120170.5,250926,3351.0,3394.5,250926
1752732000000,118587.03,120253.2,250926,3374.08,3416.51,250926
1752735600000,118452.51,120102.1,250926,3441.29,3484.99,250926
1752739200000,118311.75,119965.1,250926,3447.9,3491.85,250926
1752742800000,118330.93,119973.6,250926,3448.68,3492.13,250926
1752746400000,118769.34,120438.0,250926,3466.02,3510.25,250926
1752750000000,118340.01,120028.8,250926,3458.19,3502.04,250926
1752753600000,117995.0,119581.5,250926,3433.29,3475.29,250926
1752757200000,117867.08,119504.4,250926,3425.61,3467.85,250926
1752760800000,118281.99,119858.3,250926,3400.3,3442.24,250926
1752764400000,118770.94,120303.1,250926,3426.5,3466.72,250926
1752768000000,118881.99,120478.2,250926,3420.49,3462.16,250926
1752771600000,118558.61,120108.3,250926,3394.59,3436.7,250926
1752775200000,119261.5,120883.1,250926,3424.05,3466.68,250926
1752778800000,119580.0,121197.9,250926,3427.04,3468.06,250926
1752782400000,118959.66,120479.6,250926,3412.33,3451.8,250926
1752786000000,119436.86,120999.6,250926,3420.76,3462.16,250926
1752789600000,120272.19,121868.7,250926,3468.0,3509.59,250926
1752793200000,119766.71,121327.0,250926,3466.63,3510.22,250926
1752796800000,119177.56,120732.8,250926,3476.87,3521.17,250926
1752800400000,119739.06,121311.1,250926,3538.17,3582.32,250926
1752804000000,120336.88,121964.5,250926,3614.89,3659.32,250926
1752807600000,120096.43,121697.1,250926,3602.11,3647.08,250926
1752811200000,120223.09,121848.3,250926,3596.4,3639.85,250926
1752814800000,120403.4,122031.4,250926,3619.41,3664.81,250926
1752818400000,120589.95,122241.7,250926,3669.9,3715.43,250926
1752822000000,120251.0,121885.1,250926,3650.73,3698.65,250926
1752825600000,119339.51,121003.7,250926,3604.1,3655.21,250926
1752829200000,118642.01,120266.5,250926,3603.88,3653.42,250926
1752832800000,118875.01,120535.8,250926,3620.91,3669.85,250926
1752836400000,119250.72,120928.5,250926,3617.61,3666.42,250926
1752840000000,119171.34,120844.9,250926,3610.24,3660.0,250926
1752843600000,119442.44,121153.4,250926,3637.57,3685.69,250926
1752847200000,118773.38,120452.1,250926,3639.02,3688.13,250926
1752850800000,118139.99,119831.2,250926,3585.23,3634.7,250926
1752854400000,117860.25,119525.0,250926,3563.68,3612.51,250926
1752858000000,117553.42,119246.5,250926,3573.19,3620.0,250926
1752861600000,117600.01,119235.4,250926,3600.2,3648.15,250926
1752865200000,117310.72,118887.0,250926,3572.54,3614.07,250926
1752868800000,117374.76,118861.9,250926,3551.59,3595.45,250926
1752872400000,117405.0,118920.5,250926,3517.3,3561.62,250926
1752876000000,117676.82,119170.8,250926,3553.9,3600.47,250926
1752879600000,117683.71,119268.9,250926,3538.48,3582.82,250926
1752883200000,117924.84,119526.1,250926,3546.92,3592.39,250926
1752886800000,117739.7,119351.9,250926,3522.21,3567.01,250926
1752890400000,118036.73,119632.4,250926,3545.0,3590.16,250926
1752894000000,118201.03,119818.3,250926,3569.5,3614.49,250926
1752897600000,118322.54,119949.7,250926,3592.98,3640.75,250926
1752901200000,118134.83,119766.9,250926,3589.68,3637.02,250926
1752904800000,118205.98,119848.9,250926,3586.31,3633.19,250926
1752908400000,118164.42,119818.5,250926,3570.99,3616.93,250926
1752912000000,118163.06,119827.8,250926,3571.47,3617.99,250926
1752915600000,118101.82,119769.8,250926,3554.34,3600.53,250926
1752919200000,118244.3,119888.0,250926,3558.1,3605.87,250926
1752922800000,118440.38,120124.5,250926,3557.84,3604.01,250926
1752926400000,118327.06,120006.1,250926,3552.75,3600.22,250926
1752930000000,118242.04,119908.3,250926,3561.8,3609.31,250926
1752933600000,118188.14,119871.3,250926,3558.76,3606.38,250926
1752937200000,117668.14,119329.5,250926,3531.57,3577.93,250926
1752940800000,118058.11,119723.5,250926,3552.0,3603.74,250926
1752944400000,117973.99,119643.3,250926,3559.88,3607.85,250926
1752948000000,117808.17,119486.0,250926,3543.0,3591.59,250926
1752951600000,117859.1,119485.2,250926,3552.8,3599.67,250926
1752955200000,118007.88,119677.8,250926,3577.61,3625.82,250926
1752958800000,117720.01,119385.1,250926,3563.64,3614.45,250926
1752962400000,117705.82,119420.4,250926,3571.44,3622.99,250926
1752966000000,117792.98,119470.5,250926,3576.7,3626.03,250926
1752969600000,117840.0,119577.1,250926,3592.01,3640.52,250926
1752973200000,117942.31,119624.1,250926,3591.11,3639.93,250926
1752976800000,117941.25,119626.8,250926,3604.81,3656.03,250926
1752980400000,117970.49,119678.7,250926,3616.3,3666.62,250926
1752984000000,117958.01,119640.9,250926,3658.01,3710.74,250926
1752987600000,117949.98,119659.1,250926,3654.01,3706.29,250926
1752991200000,117846.91,119544.6,250926,3647.21,3700.09,250926
1752994800000,117824.48,119534.8,250926,3652.54,3704.54,250926
1752998400000,118029.49,119759.1,250926,3668.49,3720.88,250926
1753002000000,118151.14,119907.9,250926,3711.51,3766.71,250926
1753005600000,117913.11,119662.6,250926,3707.12,3761.46,250926
1753009200000,117888.21,119647.1,250926,3699.63,3753.88,250926
1753012800000,117878.46,119643.4,250926,3756.71,3807.74,250926
1753016400000,118085.43,119843.3,250926,3747.58,3800.02,250926
1753020000000,118417.35,120158.7,250926,3748.85,3801.39,250926
1753023600000,118468.41,120194.8,250926,3767.06,3821.45,250926
1753027200000,118671.11,120441.8,250926,3786.05,3839.58,250926
1753030800000,118557.78,120324.7,250926,3809.19,3863.65,250926
1753034400000,118018.69,119736.0,250926,3738.84,3790.9,250926
1753038000000,118361.79,120117.3,250926,3750.11,3802.57,250926
1753041600000,118155.01,119912.0,250926,3749.93,3802.59,250926
1753045200000,118087.67,119834.3,250926,3740.19,3791.74,250926
1753048800000,117997.88,119771.3,250926,3770.3,3822.23,250926
1753052400000,117479.93,119200.0,250926,3747.07,3796.5,250926
1753056000000,117265.12,118995.0,250926,3756.69,3808.33,250926
1753059600000,117352.06,119091.1,250926,3746.7,3798.23,250926
1753063200000,117305.86,119006.5,250926,3723.67,3775.81,250926
1753066800000,118183.92,119883.4,250926,3743.31,3793.91,250926
1753070400000,118404.0,120140.4,250926,3757.37,3808.45,250926
1753074000000,118331.61,120100.9,250926,3761.76,3813.35,250926
1753077600000,118430.22,120163.5,250926,3782.81,3832.19,250926
1753081200000,119169.25,120963.0,250926,3787.37,3839.67,250926
1753084800000,119362.67,121100.4,250926,3787.69,3838.94,250926
1753088400000,119016.83,120788.1,250926,3777.55,3829.77,250926
1753092000000,118690.05,120450.5,250926,3772.13,3825.41,250926
1753095600000,118578.14,120360.0,250926,3810.85,3866.63,250926
1753099200000,118070.17,119826.0,250926,3808.69,3861.82,250926
1753102800000,118172.82,119836.5,250926,3810.72,3863.72,250926
1753106400000,118834.0,120434.2,250926,3819.87,3870.32,250926
1753110000000,118828.99,120415.2,250926,3841.02,3892.11,250926
1753113600000,118313.16,119903.7,250926,3810.37,3860.89,250926
1753117200000,117738.44,119337.4,250926,3768.27,3819.76,250926
1753120800000,117847.82,119463.0,250926,3769.9,3820.37,250926
1753124400000,117162.28,118829.0,250926,3736.74,3788.87,250926
1753128000000,116767.67,118366.6,250926,3736.46,3787.23,250926
1753131600000,116939.4,118557.7,250926,3755.86,3808.74,250926
1753135200000,117215.25,118856.8,250926,3750.67,3801.38,250926
1753138800000,117348.96,118973.1,250926,3761.44,3813.68,250926
1753142400000,117380.36,119046.9,250926,3762.33,3814.16,250926
1753146000000,117123.69,118774.9,250926,3742.95,3796.58,250926
1753149600000,117750.01,119415.0,250926,3794.43,3848.34,250926
1753153200000,117027.81,118680.1,250926,3736.98,3788.23,250926
1753156800000,117210.0,118788.7,250926,3731.14,3782.82,250926
1753160400000,116555.01,118129.4,250926,3655.36,3705.64,250926
1753164000000,117329.27,118903.4,250926,3689.68,3740.95,250926
1753167600000,117847.26,119463.0,250926,3691.6,3741.14,250926
1753171200000,117983.68,119621.8,250926,3676.91,3726.37,250926
1753174800000,118289.99,119959.6,250926,3649.99,3700.33,250926
1753178400000,118399.09,120063.4,250926,3660.58,3711.66,250926
1753182000000,118955.99,120598.3,250926,3698.4,3749.29,250926
1753185600000,119154.99,120834.4,250926,3705.3,3755.17,250926
1753189200000,119293.7,120961.0,250926,3701.55,3751.93,250926
1753192800000,118147.82,119827.6,250926,3647.93,3698.49,250926
1753196400000,119060.0,120785.6,250926,3706.33,3758.85,250926
1753200000000,118912.04,120613.6,250926,3718.11,3770.89,250926
1753203600000,118681.26,120396.6,250926,3716.98,3768.58,250926
1753207200000,119199.39,120931.1,250926,3699.37,3751.63,250926
1753210800000,119733.69,121497.5,250926,3710.65,3763.68,250926
1753214400000,119282.1,121045.8,250926,3670.14,3722.01,250926
1753218000000,119703.28,121445.0,250926,3706.73,3758.41,250926
1753221600000,119400.0,121151.4,250926,3705.77,3757.27,250926
1753225200000,119844.23,121586.3,250926,3719.82,3771.86,250926
1753228800000,119954.42,121738.7,250926,3746.21,3798.85,250926
1753232400000,119546.56,121336.6,250926,3725.52,3777.09,250926
1753236000000,119488.22,121265.9,250926,3738.53,3790.41,250926
1753239600000,119090.73,120848.0,250926,3745.56,3796.03,250926
1753243200000,118614.17,120345.4,250926,3728.63,3779.13,250926
1753246800000,118996.0,120707.5,250926,3734.88,3787.36,250926
1753250400000,118645.04,120422.8,250926,3713.52,3766.98,250926
1753254000000,118417.99,120237.4,250926,3694.5,3747.34,250926
1753257600000,118350.35,120147.8,250926,3673.33,3725.76,250926
1753261200000,118423.21,120216.6,250926,3691.94,3744.0,250926
1753264800000,118040.0,119844.4,250926,3658.78,3712.46,250926
1753268400000,118372.12,120179.2,250926,3665.79,3719.43,250926
1753272000000,118538.46,120340.3,250926,3671.99,3724.67,250926
1753275600000,117980.7,119869.7,250926,3640.25,3695.1,250926
1753279200000,117381.44,119166.8,250926,3587.42,3640.0,250926
1753282800000,118204.99,120009.9,250926,3616.44,3672.67,250926
1753286400000,118567.39,120398.8,250926,3644.22,3696.85,250926
1753290000000,117712.53,119492.8,250926,3571.0,3619.56,250926
1753293600000,118131.99,119910.9,250926,3587.0,3638.43,250926
1753297200000,118379.45,120157.6,250926,3604.24,3655.84,250926
1753300800000,118393.64,120137.8,250926,3587.75,3635.24,250926
1753304400000,117900.0,119668.4,250926,3568.0,3617.63,250926
1753308000000,118181.36,119909.5,250926,3591.39,3639.74,250926
1753311600000,118568.99,120347.1,250926,3610.43,3660.26,250926
1753315200000,118755.99,120519.9,250926,3628.29,3679.25,250926
1753318800000,119060.0,120869.0,250926,3646.03,3697.98,250926
1753322400000,119094.4,120874.0,250926,3647.86,3698.22,250926
1753326000000,118960.6,120736.6,250926,3649.79,3700.46,250926
1753329600000,118488.92,120269.7,250926,3641.19,3691.2,250926
1753333200000,117941.86,119678.7,250926,3609.75,3662.12,250926
1753336800000,117604.55,119283.0,250926,3556.33,3607.48,250926
1753340400000,117466.81,119080.0,250926,3544.94,3593.54,250926
1753344000000,118416.21,120083.9,250926,3591.9,3638.85,250926
1753347600000,118775.28,120452.7,250926,3633.48,3681.19,250926
1753351200000,118507.08,120188.5,250926,3636.11,3685.53,250926
1753354800000,118373.99,120078.6,250926,3620.98,3672.29,250926
1753358400000,118600.0,120296.1,250926,3655.12,3705.55,250926
1753362000000,118531.42,120205.6,250926,3642.65,3693.47,250926
1753365600000,118227.48,119908.7,250926,3629.93,3678.98,250926
1753369200000,119057.11,120798.7,250926,3734.44,3787.31,250926
1753372800000,119092.65,120771.0,250926,3730.76,3782.2,250926
1753376400000,118529.97,120214.1,250926,3686.69,3735.87,250926
1753380000000,119122.94,120813.8,250926,3724.7,3774.51,250926
1753383600000,119044.29,120738.0,250926,3740.8,3791.48,250926
1753387200000,118943.42,120605.1,250926,3732.79,3782.82,250926
1753390800000,118722.02,120368.1,250926,3735.44,3786.66,250926
1753394400000,118527.52,120175.2,250926,3725.78,3776.71,250926
1753398000000,118280.01,119955.9,250926,3724.27,3775.78,250926
1753401600000,118340.99,119899.6,250926,3706.94,3758.16,250926
1753405200000,117664.56,119287.1,250926,3659.4,3708.93,250926
1753408800000,117359.26,119043.3,250926,3683.27,3736.17,250926
1753412400000,116353.67,117945.1,250926,3615.97,3664.26,250926
1753416000000,115419.66,116945.1,250926,3596.0,3643.78,250926
1753419600000,116102.7,117495.4,250926,3648.6,3692.7,250926
1753423200000,115500.0,117033.0,250926,3633.41,3679.95,250926
1753426800000,115284.25,116711.4,250926,3631.61,3677.33,250926
1753430400000,115320.01,116574.0,250926,3631.67,3675.66,250926
1753434000000,115202.55,116580.6,250926,3664.82,3706.06,250926
1753437600000,116033.44,117478.7,250926,3726.08,3767.73,250926
1753441200000,116308.48,117772.0,250926,3718.89,3760.16,250926
1753444800000,116543.58,117990.0,250926,3721.37,3763.5,250926
1753448400000,116105.96,117514.7,250926,3704.45,3746.31,250926
1753452000000,116216.27,117668.7,250926,3706.03,3747.99,250926
1753455600000,114960.01,116388.0,250926,3629.23,3668.45,250926
1753459200000,115727.08,117168.7,250926,3634.2,3675.03,250926
1753462800000,116185.32,117656.2,250926,3640.78,3683.03,250926
1753466400000,116042.5,117613.5,250926,3636.48,3678.31,250926
1753470000000,116491.53,117992.3,250926,3650.25,3691.21,250926
1753473600000,116688.6,118184.5,250926,3641.14,3684.3,250926
1753477200000,117040.01,118551.9,250926,3685.12,3726.86,250926
1753480800000,117214.23,118745.9,250926,3719.81,3761.45,250926
1753484400000,117279.97,118811.8,250926,3720.07,3762.97,250926
1753488000000,117614.31,119190.9,250926,3724.96,3767.54,250926
1753491600000,117496.0,119091.4,250926,3725.51,3768.37,250926
1753495200000,117153.73,118742.7,250926,3702.13,3744.53,250926
1753498800000,117469.0,119065.6,250926,3742.67,3786.61,250926
1753502400000,117489.62,119069.8,250926,3739.51,3784.41,250926
1753506000000,117496.81,119095.1,250926,3748.34,3792.87,250926
1753509600000,117444.99,119048.1,250926,3748.02,3792.96,250926
1753513200000,117350.71,118932.0,250926,3739.78,3783.15,250926
1753516800000,117304.47,118873.1,250926,3742.21,3786.14,250926
1753520400000,117557.14,119142.3,250926,3762.73,3807.22,250926
1753524000000,117570.6,119133.0,250926,3759.1,3804.24,250926
1753527600000,117971.93,119571.7,250926,3759.93,3805.73,250926
1753531200000,117776.11,119349.3,250926,3739.36,3784.12,250926
1753534800000,117914.17,119495.4,250926,3741.98,3788.41,250926
1753538400000,118125.24,119724.3,250926,3743.62,3790.03,250926
1753542000000,118064.99,119644.0,250926,3727.97,3773.3,250926
1753545600000,118130.1,119721.3,250926,3735.72,3780.42,250926
1753549200000,118081.18,119692.2,250926,3727.96,3774.06,250926
1753552800000,118039.98,119667.8,250926,3723.72,3771.22,250926
1753556400000,118095.15,119705.6,250926,3740.14,3786.92,250926
1753560000000,118232.11,119860.2,250926,3750.5,3798.41,250926
1753563600000,117956.32,119603.6,250926,3745.36,3793.34,250926
1753567200000,118028.56,119677.2,250926,3758.77,3804.52,250926
1753570800000,118007.02,119646.2,250926,3750.16,3797.86,250926
1753574400000,117919.99,119524.8,250926,3741.1,3788.54,250926
1753578000000,117952.0,119545.4,250926,3756.26,3804.16,250926
1753581600000,118102.0,119715.3,250926,3756.43,3805.85,250926
1753585200000,118309.99,119963.8,250926,3784.72,3834.95,250926
1753588800000,118182.83,119817.9,250926,3774.03,3823.05,250926
1753592400000,118215.1,119827.3,250926,3791.01,3842.0,250926
1753596000000,118274.73,119905.2,250926,3790.94,3840.76,250926
1753599600000,118263.4,119911.3,250926,3772.2,3821.95,250926
1753603200000,118095.95,119724.8,250926,3768.01,3818.31,250926
1753606800000,117950.47,119546.5,250926,3770.96,3819.32,250926
1753610400000,117943.92,119552.2,250926,3763.5,3812.97,250926
1753614000000,118184.92,119803.2,250926,3817.06,3867.88,250926
1753617600000,118072.71,119647.5,250926,3815.26,3866.18,250926
1753621200000,118097.39,119710.2,250926,3825.99,3879.38,250926
1753624800000,118201.99,119828.6,250926,3810.07,3863.96,250926
1753628400000,118422.16,120054.5,250926,3809.44,3862.0,250926
1753632000000,118585.74,120239.7,250926,3818.53,3870.16,250926
1753635600000,119090.45,120704.6,250926,3816.02,3868.57,250926
1753639200000,119196.69,120877.0,250926,3838.25,3891.22,250926
1753642800000,119021.33,120738.0,250926,3846.26,3901.83,250926
1753646400000,118960.0,120665.2,250926,3828.32,3883.2,250926
1753650000000,118754.13,120467.1,250926,3822.4,3875.89,250926
1753653600000,119265.76,120997.7,250926,3837.12,3892.46,250926
1753657200000,119495.17,121235.2,250926,3864.13,3916.73,250926
1753660800000,119415.55,121177.8,250926,3872.1,3926.38,250926
1753664400000,119236.72,121061.4,250926,3862.01,3917.75,250926
1753668000000,119037.77,120759.5,250926,3849.67,3904.12,250926
1753671600000,119434.14,121193.3,250926,3885.88,3939.09,250926
1753675200000,119287.99,121023.9,250926,3879.81,3933.98,250926
1753678800000,119218.05,120995.0,250926,3902.16,3957.28,250926
1753682400000,119526.13,121322.4,250926,3929.8,3986.5,250926
1753686000000,119448.02,121246.8,250926,3912.81,3968.55,250926
1753689600000,118900.0,120686.2,250926,3893.0,3949.88,250926
1753693200000,119072.45,120850.0,250926,3891.92,3947.39,250926
1753696800000,118930.87,120728.3,250926,3894.24,3949.92,250926
1753700400000,118764.53,120523.0,250926,3887.8,3942.33,250926
1753704000000,118827.49,120586.5,250926,3879.79,3935.69,250926
1753707600000,118845.24,120537.9,250926,3871.02,3925.73,250926
1753711200000,118434.78,120147.1,250926,3843.56,3898.46,250926
1753714800000,117985.93,119685.3,250926,3785.04,3839.07,250926
1753718400000,118174.9,119914.4,250926,3808.11,3863.08,250926
1753722000000,118028.88,119728.3,250926,3806.51,3859.98,250926
1753725600000,117667.86,119365.3,250926,3784.48,3836.8,250926
1753729200000,117776.56,119465.9,250926,3782.69,3834.86,250926
1753732800000,118068.73,119765.6,250926,3797.36,3848.74,250926
1753736400000,118044.93,119746.1,250926,3788.05,3841.57,250926
1753740000000,118106.9,119804.4,250926,3789.17,3841.79,250926
1753743600000,117854.35,119489.1,250926,3787.04,3839.03,250926
1753747200000,118062.32,119684.3,250926,3799.0,3849.49,250926
1753750800000,117979.8,119654.3,250926,3780.34,3831.78,250926
1753754400000,117774.16,119434.2,250926,3758.88,3809.81,250926
1753758000000,118095.6,119753.9,250926,3759.13,3812.56,250926
1753761600000,118764.85,120449.3,250926,3791.9,3844.28,250926
1753765200000,118533.93,120167.3,250926,3778.48,3829.35,250926
1753768800000,118800.0,120467.9,250926,3807.26,3858.96,250926
1753772400000,118764.85,120425.5,250926,3828.8,3880.91,250926
1753776000000,118882.37,120567.0,250926,3877.36,3931.01,250926
1753779600000,118923.8,120559.8,250926,3872.52,3924.75,250926
1753783200000,118784.79,120452.3,250926,3872.62,3924.05,250926
1753786800000,118317.75,119987.9,250926,3829.59,3882.85,250926
1753790400000,118592.38,120240.8,250926,3825.9,3876.19,250926
1753794000000,118906.85,120552.9,250926,3852.81,3906.64,250926
1753797600000,118621.27,120246.3,250926,3838.94,3890.8,250926
1753801200000,117823.67,119419.1,250926,3782.26,3831.72,250926
1753804800000,117400.01,119000.0,250926,3761.57,3810.95,250926
1753808400000,117739.03,119340.8,250926,3751.45,3800.51,250926
1753812000000,117773.69,119397.1,250926,3769.74,3816.95,250926
1753815600000,117606.72,119198.3,250926,3770.99,3820.11,250926
1753819200000,117525.29,119120.4,250926,3765.89,3810.73,250926
1753822800000,117514.28,119077.1,250926,3765.5,3814.55,250926
1753826400000,117606.79,119166.1,250926,3781.14,3829.92,250926
1753830000000,117848.03,119383.3,250926,3792.59,3840.03,250926
1753833600000,117950.76,119490.8,250926,3793.79,3843.15,250926
1753837200000,117744.77,119288.1,250926,3775.0,3822.58,250926
1753840800000,117862.05,119406.0,250926,3791.73,3840.02,250926
1753844400000,118024.11,119537.5,250926,3812.83,3860.91,250926
1753848000000,118161.87,119696.8,250926,3817.47,3865.12,250926
1753851600000,117993.52,119505.5,250926,3808.57,3853.89,250926
1753855200000,117992.26,119506.9,250926,3810.23,3857.15,250926
1753858800000,118287.31,119798.2,250926,3824.95,3872.32,250926
1753862400000,118123.01,119646.0,250926,3811.44,3857.69,250926
1753866000000,118372.73,119898.8,250926,3815.65,3861.56,250926
1753869600000,118164.08,119675.9,250926,3786.51,3831.58,250926
1753873200000,118020.18,119443.2,250926,3773.99,3817.82,250926
1753876800000,117579.99,118994.8,250926,3758.18,3800.72,250926
1753880400000,117739.02,119178.9,250926,3774.24,3816.95,250926
1753884000000,117675.79,119110.8,250926,3766.68,3810.28,250926
1753887600000,118714.35,120100.0,250926,3819.52,3862.0,250926
1753891200000,118000.01,119337.3,250926,3797.25,3837.72,250926
1753894800000,117734.8,119064.2,250926,3795.92,3833.15,250926
1753898400000,117802.1,119109.7,250926,3805.14,3844.35,250926
1753902000000,116523.14,117775.4,250926,3738.37,3778.41,250926
1753905600000,116916.73,118134.3,250926,3760.68,3799.57,250926
1753909200000,117175.71,118372.1,250926,3770.64,3808.55,250926
1753912800000,117326.82,118535.5,250926,3763.1,3799.8,250926
1753916400000,117486.49,118706.3,250926,3764.02,3801.46,250926
1753920000000,117840.3,119040.5,250926,3810.0,3845.46,250926
1753923600000,118415.8,119609.7,250926,3843.92,3880.84,250926
1753927200000,118055.32,119255.5,250926,3838.0,3873.84,250926
1753930800000,118447.52,119657.5,250926,3862.92,3900.33,250926
1753934400000,118466.14,119649.6,250926,3863.31,3899.95,250926
1753938000000,118511.53,119736.7,250926,3871.04,3908.7,250926
1753941600000,118362.0,119561.1,250926,3859.15,3895.21,250926
1753945200000,118691.78,119904.7,250926,3874.08,3909.97,250926
1753948800000,118665.97,119900.1,250926,3863.81,3899.88,250926
1753952400000,118593.94,119796.7,250926,3863.7,3900.85,250926
1753956000000,118605.58,119821.2,250926,3863.08,3899.91,250926
1753959600000,118505.02,119738.9,250926,3855.48,3893.31,250926
1753963200000,118371.25,119599.7,250926,3838.46,3875.93,250926
1753966800000,118626.18,119846.5,250926,3835.0,3872.59,250926
1753970400000,118557.01,119777.8,250926,3807.57,3844.1,250926
1753974000000,117913.18,119052.9,250926,3768.97,3804.97,250926
1753977600000,118306.18,119463.6,250926,3788.38,3825.72,250926
1753981200000,118538.53,119705.7,250926,3804.17,3842.65,250926
1753984800000,117728.0,118907.9,250926,3775.83,3811.59,250926
1753988400000,117658.8,118821.3,250926,3775.58,3812.37,250926
1753992000000,116785.79,117955.1,250926,3737.72,3775.22,250926
1753995600000,116514.0,117688.3,250926,3735.03,3775.57,250926
1753999200000,116536.96,117741.6,250926,3731.26,3769.08,250926
1754002800000,116010.6,117166.0,250926,3709.33,3749.28,250926
1754006400000,115764.08,116912.2,250926,3698.39,3735.42,250926
1754010000000,115427.27,116575.5,250926,3682.1,3717.59,250926
1754013600000,115331.86,116464.0,250926,3689.42,3725.18,250926
1754017200000,115966.12,117125.7,250926,3716.4,3751.63,250926
1754020800000,115648.03,116804.2,250926,3704.98,3741.11,250926
1754024400000,115695.52,116889.9,250926,3682.07,3717.19,250926
1754028000000,115568.0,116745.3,250926,3675.1,3709.25,250926
1754031600000,115156.51,116306.4,250926,3662.69,3697.0,250926
1754035200000,115081.77,116182.5,250926,3650.74,3684.9,250926
1754038800000,114615.99,115683.3,250926,3609.43,3642.8,250926
1754042400000,114938.67,115961.1,250926,3618.31,3649.4,250926
1754046000000,114762.58,115764.0,250926,3615.11,3646.28,250926
1754049600000,115305.65,116351.4,250926,3642.72,3673.91,250926
1754053200000,115732.48,116790.8,250926,3663.28,3694.13,250926
1754056800000,114352.05,115390.5,250926,3599.69,3632.08,250926
1754060400000,115619.8,116641.8,250926,3633.05,3667.09,250926
1754064000000,115357.82,116469.3,250926,3616.1,3648.68,250926
1754067600000,115015.6,116077.5,250926,3587.92,3622.54,250926
1754071200000,114420.0,115480.8,250926,3572.26,3602.45,250926
1754074800000,113836.93,114767.0,250926,3550.16,3579.47,250926
1754078400000,113328.68,114145.4,250926,3518.4,3545.14,250926
1754082000000,113951.09,114836.3,250926,3541.82,3565.41,250926
1754085600000,113892.12,114781.6,250926,3536.97,3559.95,250926
1754089200000,113141.05,114084.9,250926,3463.81,3490.01,250926
1754092800000,113297.93,114172.1,250926,3488.2,3513.25,250926
1754096400000,113822.97,114719.9,250926,3515.17,3538.46,250926
1754100000000,113674.24,114561.1,250926,3516.86,3542.01,250926
1754103600000,113702.24,114593.5,250926,3523.88,3546.84,250926
1754107200000,113909.86,114840.0,250926,3528.79,3555.4,250926
1754110800000,114025.75,115013.6,250926,3533.69,3564.54,250926
1754114400000,113981.06,114983.4,250926,3519.37,3550.02,250926
1754118000000,113697.85,114719.5,250926,3480.01,3512.25,250926
1754121600000,113982.49,114979.4,250926,3519.16,3551.29,250926
1754125200000,113682.01,114619.3,250926,3491.43,3524.32,250926
1754128800000,113690.7,114704.7,250926,3492.22,3526.76,250926
1754132400000,113550.89,114564.2,250926,3491.01,3526.43,250926
1754136000000,113787.12,114787.2,250926,3508.67,3542.99,250926
1754139600000,113620.01,114666.5,250926,3509.02,3544.04,250926
1754143200000,113457.85,114458.3,250926,3509.37,3543.47,250926
1754146800000,113099.89,114069.4,250926,3479.5,3514.24,250926
1754150400000,112840.71,113807.4,250926,3459.33,3491.6,250926
1754154000000,113200.25,114186.1,250926,3471.9,3503.35,250926
1754157600000,112724.03,113719.6,250926,3424.22,3453.88,250926
1754161200000,112327.65,113373.5,250926,3383.7,3413.95,250926
1754164800000,112229.42,113259.3,250926,3383.2,3415.0,250926
1754168400000,112780.0,113828.7,250926,3423.83,3454.6,250926
1754172000000,112859.32,113911.0,250926,3412.43,3443.61,250926
1754175600000,112862.14,113913.5,250926,3410.78,3441.42,250926
1754179200000,112546.35,113594.2,250926,3393.94,3424.5,250926
1754182800000,112956.04,113961.1,250926,3409.72,3439.53,250926
1754186400000,113107.99,114159.6,250926,3413.59,3444.1,250926
1754190000000,113517.58,114568.3,250926,3444.14,3475.16,250926
1754193600000,113604.2,114700.0,250926,3444.12,3476.24,250926
1754197200000,113468.41,114515.0,250926,3444.31,3474.99,250926
1754200800000,113618.52,114702.5,250926,3444.74,3476.37,250926
1754204400000,113559.34,114619.4,250926,3440.37,3469.56,250926
1754208000000,113700.0,114772.7,250926,3456.25,3485.8,250926
1754211600000,113692.0,114770.3,250926,3462.64,3493.42,250926
1754215200000,113654.95,114698.0,250926,3466.26,3496.84,250926
1754218800000,113899.99,114925.7,250926,3484.94,3516.88,250926
1754222400000,113862.18,114900.0,250926,3485.46,3513.89,250926
1754226000000,114009.99,115059.9,250926,3489.66,3518.26,250926
1754229600000,113939.0,114983.2,250926,3492.15,3521.34,250926
1754233200000,113792.28,114833.5,250926,3472.08,3502.11,250926
1754236800000,113959.06,115016.4,250926,3476.49,3505.52,250926
1754240400000,113995.16,115007.9,250926,3495.03,3524.52,250926
1754244000000,114117.42,115150.3,250926,3489.81,3518.08,250926
1754247600000,114380.4,115400.4,250926,3496.47,3523.98,250926
1754251200000,114313.19,115306.3,250926,3496.74,3520.73,250926
1754254800000,114423.77,115477.1,250926,3492.63,3522.13,250926
1754258400000,114435.47,115482.1,250926,3502.44,3531.85,250926
1754262000000,114324.83,115325.2,250926,3503.41,3531.37,250926
1754265600000,114208.8,115233.0,250926,3496.74,3525.27,250926
1754269200000,114899.87,115912.7,250926,3546.17,3574.93,250926
1754272800000,114671.96,115692.5,250926,3537.84,3564.18,250926
1754276400000,114797.9,115821.2,250926,3571.66,3598.14,250926
1754280000000,114570.61,115611.4,250926,3556.8,3585.16,250926
1754283600000,114383.55,115399.7,250926,3539.56,3566.55,250926
1754287200000,114391.26,115420.6,250926,3533.46,3562.49,250926
1754290800000,114423.76,115427.8,250926,3538.95,3567.48,250926
1754294400000,114652.97,115653.9,250926,3551.99,3578.96,250926
1754298000000,114546.25,115554.2,250926,3550.5,3577.63,250926
1754301600000,114325.92,115333.5,250926,3547.19,3574.03,250926
1754305200000,114251.83,115253.7,250926,3554.9,3583.49,250926
1754308800000,114493.09,115481.7,250926,3555.7,3583.05,250926
1754312400000,114444.36,115457.9,250926,3570.17,3598.94,250926
1754316000000,114913.88,115928.3,250926,3621.18,3647.77,250926
1754319600000,114736.78,115725.1,250926,3639.04,3666.64,250926
1754323200000,114826.0,115836.5,250926,3648.89,3677.22,250926
1754326800000,115301.0,116294.5,250926,3685.61,3715.52,250926
1754330400000,115193.41,116194.2,250926,3681.5,3710.61,250926
1754334000000,114957.64,115983.4,250926,3676.28,3705.2,250926
1754337600000,114777.62,115799.3,250926,3669.73,3698.56,250926
1754341200000,114811.96,115868.8,250926,3700.47,3729.04,250926
1754344800000,115111.09,116168.1,250926,3710.02,3737.04,250926
1754348400000,115325.88,116405.1,250926,3732.52,3762.71,250926
1754352000000,115055.03,116120.8,250926,3720.99,3751.25,250926
1754355600000,114886.96,115913.8,250926,3697.52,3726.98,250926
1754359200000,114708.11,115757.4,250926,3680.38,3710.68,250926
1754362800000,114719.27,115782.0,250926,3680.09,3709.97,250926
1754366400000,114256.85,115310.5,250926,3651.94,3682.82,250926
1754370000000,114338.06,115400.0,250926,3649.02,3678.52,250926
1754373600000,114405.99,115483.7,250926,3664.4,3695.17,250926
1754377200000,114178.63,115225.5,250926,3650.85,3679.38,250926
1754380800000,113969.7,115016.2,250926,3613.49,3642.07,250926
1754384400000,114281.09,115294.8,250926,3634.81,3663.9,250926
1754388000000,114694.76,115694.2,250926,3660.56,3690.79,250926
1754391600000,114841.27,115845.9,250926,3682.55,3715.3,250926
1754395200000,114827.07,115854.0,250926,3673.79,3705.09,250926
1754398800000,113937.35,114983.2,250926,3628.43,3658.95,250926
1754402400000,114381.43,115451.1,250926,3646.86,3679.59,250926
1754406000000,113037.12,114109.0,250926,3577.85,3610.0,250926
1754409600000,112934.0,113966.2,250926,3570.43,3602.25,250926
1754413200000,113175.73,114249.5,250926,3577.67,3608.29,250926
1754416800000,113640.01,114690.4,250926,3605.53,3637.45,250926
1754420400000,113644.71,114674.8,250926,3587.69,3617.45,250926
1754424000000,113616.52,114663.6,250926,3571.66,3601.63,250926
1754427600000,113690.71,114738.3,250926,3576.5,3606.5,250926
1754431200000,113606.53,114685.4,250926,3575.62,3603.29,250926
1754434800000,113961.25,114994.2,250926,3597.01,3625.84,250926
1754438400000,114129.75,115191.0,250926,3612.0,3641.56,250926
1754442000000,113879.7,114905.4,250926,3576.17,3606.17,250926
1754445600000,113821.21,114885.1,250926,3592.31,3622.4,250926
1754449200000,113623.22,114685.4,250926,3592.34,3620.75,250926
1754452800000,113509.97,114602.2,250926,3583.66,3613.04,250926
1754456400000,113429.21,114505.1,250926,3573.51,3603.03,250926
1754460000000,114148.01,115189.2,250926,3638.51,3668.26,250926
1754463600000,114084.93,115096.6,250926,3632.23,3661.94,250926
1754467200000,114227.91,115265.6,250926,3639.82,3669.53,250926
1754470800000,113948.22,115007.9,250926,3622.15,3652.55,250926
1754474400000,114093.15,115120.9,250926,3627.05,3656.64,250926
1754478000000,114067.2,115125.7,250926,3616.3,3645.26,250926
1754481600000,114226.69,115264.7,250926,3619.64,3648.07,250926
1754485200000,113914.31,114967.4,250926,3584.01,3612.38,250926
1754488800000,114270.09,115387.0,250926,3602.75,3632.23,250926
1754492400000,115187.96,116244.7,250926,3637.17,3666.3,250926
1754496000000,115413.87,116488.1,250926,3664.69,3696.76,250926
1754499600000,115132.49,116169.4,250926,3645.42,3675.96,250926
1754503200000,115500.0,116531.2,250926,3682.32,3712.88,250926
1754506800000,115423.22,116438.4,250926,3677.09,3706.15,250926
1754510400000,115259.99,116258.6,250926,3683.65,3711.54,250926
1754514000000,115045.64,116130.4,250926,3674.54,3703.8,250926
1754517600000,115048.78,116067.7,250926,3669.9,3696.68,250926
1754521200000,115106.67,116108.9,250926,3682.15,3708.73,250926
1754524800000,114992.27,116016.7,250926,3683.31,3709.9,250926
1754528400000,114890.65,115937.0,250926,3673.93,3700.82,250926
1754532000000,114763.46,115766.6,250926,3667.55,3695.7,250926
1754535600000,114565.28,115574.6,250926,3659.03,3686.35,250926
1754539200000,114546.03,115599.8,250926,3656.78,3684.52,250926
1754542800000,114349.58,115402.9,250926,3662.27,3689.22,250926
1754546400000,114568.73,115616.5,250926,3688.0,3716.38,250926
1754550000000,114650.01,115706.1,250926,3695.14,3722.56,250926
1754553600000,114787.99,115851.4,250926,3702.4,3730.26,250926
1754557200000,114948.74,115993.0,250926,3721.25,3749.27,250926
1754560800000,115062.19,116114.0,250926,3732.41,3761.12,250926
1754564400000,116347.22,117380.8,250926,3821.48,3851.05,250926
1754568000000,116519.53,117555.4,250926,3827.0,3858.03,250926
1754571600000,116390.0,117450.1,250926,3849.68,3880.38,250926
1754575200000,116640.0,117684.4,250926,3857.69,3888.48,250926
1754578800000,116363.16,117439.9,250926,3820.33,3853.83,250926
1754582400000,116689.81,117763.6,250926,3837.01,3871.27,250926
1754586000000,116259.24,117327.8,250926,3815.29,3849.32,250926
1754589600000,116511.54,117592.7,250926,3830.2,3863.96,250926
1754593200000,116561.05,117631.5,250926,3827.7,3863.56,250926
1754596800000,117461.98,118504.1,250926,3867.6,3903.35,250926
1754600400000,117182.19,118256.2,250926,3874.14,3908.26,250926
1754604000000,117105.78,118163.7,250926,3871.53,3905.98,250926
1754607600000,117554.23,118656.2,250926,3916.8,3951.92,250926
1754611200000,117472.01,118583.1,250926,3910.31,3946.44,250926
1754614800000,117264.12,118394.6,250926,3900.16,3936.2,250926
1754618400000,116888.02,117991.8,250926,3887.36,3922.51,250926
1754622000000,116700.0,117802.2,250926,3893.68,3929.13,250926
1754625600000,116737.35,117876.2,250926,3939.18,3977.62,250926
1754629200000,116750.01,117898.3,250926,3920.5,3959.32,250926
1754632800000,116530.63,117663.6,250926,3901.5,3938.69,250926
1754636400000,116740.01,117885.9,250926,3915.01,3952.18,250926
1754640000000,116817.19,117989.1,250926,3915.97,3954.94,250926
1754643600000,116620.63,117796.0,250926,3898.46,3939.34,250926
1754647200000,116685.17,117863.8,250926,3900.03,3941.06,250926
1754650800000,116544.39,117735.3,250926,3897.41,3938.38,250926
1754654400000,116891.51,118064.9,250926,3917.97,3959.31,250926
1754658000000,116500.48,117668.3,250926,3892.37,3933.18,250926
1754661600000,116917.97,118100.0,250926,3999.76,4041.84,250926
1754665200000,116491.53,117667.2,250926,3984.5,4026.1,250926
1754668800000,116207.69,117416.6,250926,3954.56,3997.58,250926
1754672400000,116193.63,117359.9,250926,3970.97,4013.59,250926
1754676000000,116708.86,117851.9,250926,4032.69,4077.14,250926
1754679600000,116497.99,117649.6,250926,4056.72,4098.9,250926
1754683200000,116453.41,117614.9,250926,4060.99,4103.77,250926
1754686800000,116888.52,118048.7,250926,4057.94,4102.08,250926
1754690400000,116931.44,118102.9,250926,4038.46,4081.31,250926
1754694000000,116888.9,118033.6,250926,4024.86,4068.44,250926
1754697600000,116674.74,117828.8,250926,4009.5,4051.62,250926
1754701200000,116586.0,117721.9,250926,4016.99,4059.79,250926
1754704800000,116563.26,117704.1,250926,4033.19,4075.63,250926
1754708400000,116404.0,117540.1,250926,4032.44,4077.14,250926
1754712000000,116384.01,117509.1,250926,4051.01,4093.87,250926
1754715600000,116434.76,117581.2,250926,4080.92,4123.58,250926
1754719200000,116739.23,117889.6,250926,4181.94,4225.0,250926
1754722800000,116650.75,117798.3,250926,4162.23,4205.57,250926
1754726400000,116756.01,117901.2,250926,4170.64,4214.36,250926
1754730000000,117106.65,118253.3,250926,4189.89,4236.05,250926
1754733600000,117510.87,118647.9,250926,4219.62,4265.98,250926
1754737200000,117424.16,118568.5,250926,4217.33,4262.06,250926
1754740800000,117110.0,118251.3,250926,4190.0,4235.74,250926
1754744400000,117116.64,118260.2,250926,4196.24,4241.63,250926
1754748000000,116968.32,118130.7,250926,4165.56,4210.56,250926
1754751600000,116972.87,118166.2,250926,4197.16,4242.46,250926
1754755200000,116892.47,118063.4,250926,4209.57,4254.35,250926
1754758800000,116648.51,117821.7,250926,4207.77,4252.7,250926
1754762400000,116670.22,117873.4,250926,4235.0,4280.23,250926
1754766000000,116634.91,117832.4,250926,4241.96,4288.91,250926
1754769600000,116535.69,117747.8,250926,4258.57,4306.29,250926
1754773200000,116778.07,117996.1,250926,4290.29,4339.99,250926
1754776800000,116524.09,117733.6,250926,4278.16,4329.87,250926
1754780400000,116541.63,117764.5,250926,4264.28,4315.01,250926
1754784000000,116462.25,117685.8,250926,4260.62,4311.8,250926
1754787600000,116749.47,117968.9,250926,4311.09,4362.7,250926
1754791200000,116576.42,117805.6,250926,4300.75,4352.0,250926
1754794800000,117317.99,118549.6,250926,4247.0,4298.41,250926
1754798400000,118500.0,119775.9,250926,4242.74,4294.87,250926
1754802000000,118485.45,119743.4,250926,4251.52,4302.19,250926
1754805600000,118045.0,119283.4,250926,4220.54,4271.31,250926
1754809200000,118074.24,119335.3,250926,4225.21,4276.33,250926
1754812800000,117808.3,119061.7,250926,4185.12,4236.49,250926
1754816400000,118308.85,119599.2,250926,4210.0,4259.32,250926
1754820000000,118293.08,119576.9,250926,4225.37,4276.83,250926
1754823600000,118020.0,119285.7,250926,4198.31,4248.64,250926
1754827200000,118330.58,119584.2,250926,4180.57,4231.15,250926
1754830800000,118514.0,119773.7,250926,4201.1,4252.62,250926
1754834400000,118452.0,119694.6,250926,4167.45,4216.27,250926
1754838000000,118779.0,120054.4,250926,4219.37,4268.7,250926
1754841600000,118815.0,120067.3,250926,4217.94,4265.63,250926
1754845200000,118671.74,119931.2,250926,4233.6,4280.97,250926
1754848800000,118520.32,119797.4,250926,4224.01,4272.93,250926
1754852400000,118554.01,119818.2,250926,4235.67,4283.95,250926
1754856000000,118663.08,119909.0,250926,4248.83,4298.22,250926
1754859600000,118323.16,119607.1,250926,4217.0,4265.59,250926
1754863200000,118716.9,119951.7,250926,4223.33,4270.79,250926
1754866800000,119084.92,120309.0,250926,4250.63,4298.21,250926
1754870400000,119294.01,120530.9,250926,4250.57,4296.46,250926
1754874000000,119126.35,120415.9,250926,4262.94,4308.44,250926
1754877600000,119988.0,121231.1,250926,4303.81,4350.32,250926
1754881200000,121876.0,123166.9,250926,4309.05,4355.0,250926
1754884800000,121728.99,123012.9,250926,4309.64,4355.06,250926
1754888400000,122080.0,123382.1,250926,4319.4,4366.55,250926
1754892000000,122059.34,123309.5,250926,4306.47,4352.18,250926
1754895600000,122300.63,123559.9,250926,4298.95,4346.41,250926
1754899200000,121537.15,122815.6,250926,4273.69,4321.33,250926
1754902800000,121679.13,122961.5,250926,4281.76,4328.7,250926
1754906400000,121439.75,122727.5,250926,4266.1,4314.26,250926
1754910000000,121184.84,122516.0,250926,4236.58,4283.94,250926
1754913600000,120561.54,121862.2,250926,4185.1,4231.39,250926
1754917200000,119643.7,120939.8,250926,4184.1,4229.21,250926
1754920800000,120010.0,121275.0,250926,4279.72,4323.59,250926
1754924400000,120243.59,121478.2,250926,4277.64,4323.59,250926
1754928000000,120314.4,121576.7,250926,4329.74,4375.07,250926
1754931600000,119953.65,121209.7,250926,4312.13,4357.3,250926
1754935200000,119500.0,120746.7,250926,4293.68,4338.97,250926
1754938800000,119773.92,121021.4,250926,4295.2,4340.6,250926
1754942400000,119089.3,120320.2,250926,4259.39,4304.41,250926
1754946000000,118824.34,120042.9,250926,4243.14,4288.09,250926
1754949600000,118712.61,119936.9,250926,4219.94,4265.41,250926
1754953200000,118886.96,120140.3,250926,4220.62,4264.11,250926
1754956800000,118686.0,119919.2,250926,4223.22,4268.5,250926
1754960400000,118949.31,120209.1,250926,4274.33,4318.07,250926
1754964000000,118977.1,120224.9,250926,4269.99,4315.08,250926
1754967600000,119054.13,120311.6,250926,4291.69,4336.63,250926
1754971200000,118857.7,120067.0,250926,4286.09,4328.85,250926
1754974800000,119067.97,120298.8,250926,4310.94,4355.83,250926
1754978400000,118819.99,120037.7,250926,4285.5,4331.42,250926
1754982000000,118839.97,120040.8,250926,4290.84,4335.78,250926
1754985600000,118986.72,120202.8,250926,4315.57,4360.84,250926
1754989200000,118814.7,120037.3,250926,4310.65,4355.85,250926
1754992800000,118408.38,119633.6,250926,4288.01,4333.61,250926
1754996400000,118449.99,119649.4,250926,4277.39,4321.73,250926
1755000000000,118522.22,119700.4,250926,4290.94,4335.3,250926
1755003600000,119264.66,120484.8,250926,4407.27,4452.81,250926
1755007200000,118847.35,120039.9,250926,4383.49,4431.78,250926
1755010800000,119437.12,120687.1,250926,4415.71,4462.58,250926
1755014400000,119933.0,121181.5,250926,4472.62,4520.0,250926
1755018000000,119647.7,120902.1,250926,4465.75,4515.17,250926
1755021600000,119269.99,120483.9,250926,4500.25,4544.87,250926
1755025200000,119344.9,120531.5,250926,4490.28,4536.42,250926
1755028800000,119665.27,120886.5,250926,4516.97,4560.91,250926
1755032400000,120192.1,121454.7,250926,4621.84,4667.37,250926
1755036000000,119903.36,121122.8,250926,4586.48,4632.1,250926
1755039600000,120099.99,121329.0,250926,4576.4,4622.46,250926
1755043200000,120134.08,121338.2,250926,4590.52,4637.19,250926
1755046800000,119713.19,120935.9,250926,4614.11,4660.43,250926
1755050400000,119478.47,120697.1,250926,4585.23,4633.31,250926
1755054000000,119549.37,120764.0,250926,4623.52,4669.36,250926
1755057600000,119482.01,120699.3,250926,4647.0,4694.33,250926
1755061200000,119335.01,120525.9,250926,4673.8,4722.39,250926
1755064800000,119070.69,120270.3,250926,4632.21,4680.82,250926
1755068400000,119410.01,120595.6,250926,4623.01,4672.46,250926
1755072000000,119580.4,120758.5,250926,4625.59,4674.91,250926
1755075600000,120044.49,121212.5,250926,4625.32,4674.4,250926
1755079200000,120116.02,121308.1,250926,4706.82,4758.07,250926
1755082800000,120496.0,121669.6,250926,4694.58,4745.51,250926
1755086400000,120570.41,121807.2,250926,4690.33,4741.32,250926
1755090000000,120273.72,121489.0,250926,4685.91,4736.37,250926
1755093600000,121767.97,122955.5,250926,4671.0,4721.11,250926
1755097200000,120890.73,122080.0,250926,4648.35,4696.58,250926
1755100800000,120920.62,122145.8,250926,4664.38,4712.37,250926
1755104400000,121421.77,122597.0,250926,4700.53,4750.46,250926
1755108000000,121823.24,123024.2,250926,4726.35,4775.02,250926
1755111600000,121639.2,122837.5,250926,4716.43,4762.0,250926
1755115200000,122744.21,123966.1,250926,4738.99,4787.17,250926
1755118800000,122904.01,124158.3,250926,4717.58,4765.99,250926
1755122400000,122561.16,123816.5,250926,4721.16,4768.49,250926
1755126000000,122954.03,124219.6,250926,4734.31,4782.75,250926
1755129600000,123306.43,124626.3,250926,4749.3,4796.51,250926
1755133200000,123847.83,125181.2,250926,4716.47,4763.11,250926
1755136800000,123337.67,124696.6,250926,4721.1,4770.0,250926
1755140400000,123662.53,125051.4,250926,4750.31,4798.78,250926
1755144000000,123337.14,124720.8,250926,4774.08,4824.99,250926
1755147600000,123003.17,124329.8,250926,4758.82,4807.97,250926
1755151200000,122134.76,123431.5,250926,4731.74,4780.5,250926
1755154800000,121771.27,123067.9,250926,4774.47,4825.56,250926
1755158400000,121725.31,123003.0,250926,4748.37,4797.25,250926
1755162000000,121637.78,122865.9,250926,4726.72,4774.97,250926
1755165600000,121649.84,122910.5,250926,4760.0,4807.78,250926
1755169200000,120933.0,122191.8,250926,4707.54,4762.24,250926
1755172800000,120949.67,122222.3,250926,4718.17,4770.21,250926
1755176400000,118866.37,120096.4,250926,4567.33,4618.76,250926
1755180000000,118428.85,119576.7,250926,4612.7,4662.14,250926
1755183600000,118799.01,119980.6,250926,4670.58,4720.31,250926
1755187200000,118257.25,119441.4,250926,4618.87,4669.39,250926
1755190800000,117866.42,119041.3,250926,4546.48,4595.73,250926
1755194400000,117920.13,119097.2,250926,4548.78,4597.27,250926
1755198000000,118089.75,119201.8,250926,4537.97,4584.7,250926
1755201600000,117945.92,119056.1,250926,4537.63,4586.36,250926
1755205200000,117866.16,119003.1,250926,4534.01,4582.72,250926
1755208800000,117899.16,119050.7,250926,4477.9,4525.55,250926
1755212400000,118285.46,119438.6,250926,4531.62,4579.64,250926
1755216000000,118295.09,119443.2,250926,4546.84,4593.65,250926
1755219600000,118181.97,119339.2,250926,4562.98,4613.19,250926
1755223200000,118681.64,119847.9,250926,4604.02,4655.32,250926
1755226800000,118698.0,119842.2,250926,4621.72,4668.57,250926
1755230400000,118968.91,120138.3,250926,4634.46,4680.97,250926
1755234000000,118833.03,119980.0,250926,4624.86,4672.2,250926
1755237600000,118984.29,120157.1,250926,4618.8,4666.08,250926
1755241200000,119082.82,120211.6,250926,4647.62,4695.09,250926
1755244800000,118956.45,120121.3,250926,4640.16,4687.14,250926
1755248400000,118878.72,120018.9,250926,4641.44,4687.2,250926
1755252000000,118707.99,119817.4,250926,4624.28,4669.79,250926
1755255600000,118879.83,120000.3,250926,4636.21,4680.21,250926
1755259200000,119006.01,120146.2,250926,4634.16,4679.09,250926
1755262800000,118648.66,119782.4,250926,4628.37,4673.37,250926
1755266400000,117770.48,118874.3,250926,4540.23,4583.17,250926
1755270000000,117400.0,118499.6,250926,4493.22,4534.94,250926
1755273600000,117275.22,118362.3,250926,4430.86,4465.6,250926
1755277200000,117353.36,118448.6,250926,4415.63,4451.15,250926
1755280800000,117586.92,118665.8,250926,4438.98,4472.54,250926
1755284400000,117159.66,118200.0,250926,4396.54,4431.09,250926
1755288000000,116936.27,118017.6,250926,4383.45,4419.69,250926
1755291600000,117280.0,118377.2,250926,4425.99,4462.02,250926
1755295200000,117320.02,118403.0,250926,4428.83,4464.3,250926
1755298800000,117702.0,118790.6,250926,4474.86,4510.61,250926
1755302400000,117342.05,118424.1,250926,4439.47,4477.98,250926
1755306000000,117735.21,118799.0,250926,4476.45,4511.84,250926
1755309600000,117821.6,118837.7,250926,4487.59,4522.07,250926
1755313200000,117505.51,118553.7,250926,4444.48,4478.49,250926
1755316800000,117429.63,118491.6,250926,4432.24,4465.68,250926
1755320400000,117815.66,118889.3,250926,4453.7,4486.79,250926
1755324000000,117595.78,118670.0,250926,4421.26,4454.94,250926
1755327600000,117394.65,118459.4,250926,4419.15,4453.03,250926
1755331200000,117596.07,118647.8,250926,4451.83,4482.6,250926
1755334800000,117631.09,118647.5,250926,4442.61,4475.81,250926
1755338400000,117312.0,118308.4,250926,4398.16,4429.89,250926
1755342000000,117388.0,118421.7,250926,4404.06,4437.52,250926
1755345600000,117378.52,118383.1,250926,4387.87,4420.35,250926
1755349200000,117747.36,118767.8,250926,4410.1,4443.34,250926
1755352800000,117623.52,118640.4,250926,4393.98,4424.22,250926
1755356400000,117771.39,118780.0,250926,4413.48,4446.79,250926
1755360000000,117676.7,118677.3,250926,4400.42,4433.0,250926
1755363600000,117747.65,118753.2,250926,4408.15,4439.88,250926
1755367200000,117693.0,118692.7,250926,4404.35,4437.26,250926
1755370800000,117685.79,118681.0,250926,4409.06,4439.66,250926
1755374400000,117672.12,118663.2,250926,4418.53,4450.88,250926
1755378000000,117655.41,118660.8,250926,4431.73,4464.93,250926
1755381600000,117452.21,118474.9,250926,4408.37,4439.44,250926
1755385200000,117460.56,118464.1,250926,4426.53,4459.08,250926
1755388800000,117380.66,118400.8,250926,4421.99,4454.0,250926
1755392400000,117255.19,118294.7,250926,4412.76,4446.49,250926
1755396000000,117439.97,118419.3,250926,4406.09,4436.9,250926
1755399600000,117606.0,118596.2,250926,4434.08,4466.46,250926
1755403200000,117684.95,118668.5,250926,4452.77,4485.2,250926
1755406800000,118076.11,119048.5,250926,4483.29,4516.53,250926
1755410400000,118000.01,118972.6,250926,4470.55,4502.32,250926
1755414000000,117923.99,118901.0,250926,4457.12,4489.96,250926
1755417600000,118005.98,118997.9,250926,4467.12,4498.98,250926
1755421200000,118366.06,119352.2,250926,4535.51,4570.3,250926
1755424800000,118345.99,119321.5,250926,4543.14,4575.23,250926
1755428400000,118393.34,119350.0,250926,4568.63,4600.82,250926
1755432000000,118308.01,119265.9,250926,4551.68,4584.61,250926
1755435600000,118162.6,119127.1,250926,4541.68,4574.66,250926
1755439200000,118429.99,119359.1,250926,4536.01,4568.22,250926
1755442800000,118150.01,119076.4,250926,4553.29,4585.45,250926
1755446400000,118246.16,119197.3,250926,4561.99,4593.45,250926
1755450000000,117834.56,118762.3,250926,4517.56,4550.79,250926
1755453600000,117900.0,118803.8,250926,4523.92,4553.85,250926
1755457200000,117542.01,118441.6,250926,4469.0,4497.25,250926
1755460800000,117570.07,118452.0,250926,4459.56,4485.98,250926
1755464400000,117599.44,118494.6,250926,4467.43,4496.26,250926
1755468000000,117700.0,118579.8,250926,4474.84,4508.48,250926
1755471600000,117954.99,118829.6,250926,4521.55,4552.47,250926
1755475200000,117405.01,118269.2,250926,4472.33,4501.69,250926
1755478800000,117290.19,118123.9,250926,4463.2,4492.72,250926
1755482400000,116269.54,117061.5,250926,4396.36,4424.04,250926
1755486000000,115453.24,116208.2,250926,4320.39,4346.99,250926
1755489600000,115319.0,116082.9,250926,4320.22,4349.76,250926
1755493200000,115469.51,116215.8,250926,4337.17,4363.54,250926
1755496800000,115687.99,116444.6,250926,4313.09,4335.03,250926
1755500400000,115245.56,116005.6,250926,4253.15,4275.63,250926
1755504000000,115205.98,115965.4,250926,4257.47,4278.36,250926
1755507600000,115135.43,115922.0,250926,4259.11,4281.13,250926
1755511200000,115038.46,115755.9,250926,4292.72,4312.35,250926
1755514800000,115058.58,115790.1,250926,4264.29,4285.96,250926
1755518400000,114947.27,115707.8,250926,4274.37,4297.45,250926
1755522000000,115519.99,116260.3,250926,4343.3,4366.83,250926
1755525600000,114839.13,115565.6,250926,4286.13,4306.13,250926
1755529200000,115633.73,116367.1,250926,4333.54,4354.0,250926
1755532800000,116145.34,116894.8,250926,4345.52,4369.47,250926
1755536400000,115962.24,116732.6,250926,4320.36,4344.04,250926
1755540000000,116428.99,117181.9,250926,4343.21,4367.92,250926
1755543600000,116481.81,117208.2,250926,4366.71,4391.05,250926
1755547200000,116313.99,117023.5,250926,4355.09,4377.85,250926
1755550800000,116407.99,117100.0,250926,4332.19,4355.0,250926
1755554400000,116648.99,117348.0,250926,4353.14,4378.78,250926
1755558000000,116399.99,117094.6,250926,4340.82,4362.67,250926
1755561600000,116227.05,116960.8,250926,4312.99,4335.52,250926
1755565200000,116563.13,117295.9,250926,4342.26,4364.75,250926
1755568800000,115798.0,116548.5,250926,4295.71,4315.4,250926
1755572400000,115747.08,116468.4,250926,4285.91,4307.11,250926
1755576000000,114810.0,115516.4,250926,4218.66,4239.85,250926
1755579600000,115305.99,115974.9,250926,4234.77,4252.28,250926
1755583200000,114972.9,115624.8,250926,4230.47,4248.43,250926
1755586800000,115019.99,115682.8,250926,4241.78,4260.22,250926
1755590400000,114978.14,115574.2,250926,4234.36,4251.99,250926
1755594000000,115186.48,115801.3,250926,4255.9,4275.08,250926
1755597600000,115322.7,115931.0,250926,4280.78,4300.88,250926
1755601200000,115400.0,116001.9,250926,4286.01,4305.81,250926
1755604800000,115508.71,116119.1,250926,4308.93,4328.92,250926
1755608400000,115599.99,116221.3,250926,4305.68,4325.58,250926
1755612000000,115192.0,115841.5,250926,4292.03,4311.23,250926
1755615600000,113882.66,114584.2,250926,4191.6,4210.94,250926
1755619200000,113786.38,114454.0,250926,4192.14,4210.93,250926
1755622800000,113388.3,114041.9,250926,4142.45,4160.93,250926
1755626400000,113520.11,114183.4,250926,4186.01,4207.68,250926
1755630000000,113069.61,113712.2,250926,4145.78,4166.1,250926
1755633600000,113132.48,113768.4,250926,4142.0,4161.6,250926
1755637200000,113570.44,114230.6,250926,4158.94,4179.5,250926
1755640800000,113419.11,114082.4,250926,4153.15,4174.61,250926
1755644400000,113174.42,113812.7,250926,4131.78,4153.26,250926
1755648000000,112872.94,113520.0,250926,4075.59,4094.2,250926
1755651600000,113215.5,113778.2,250926,4104.95,4125.0,250926
1755655200000,112996.93,113566.4,250926,4109.94,4128.5,250926
1755658800000,113438.29,114054.3,250926,4137.7,4156.34,250926
1755662400000,113525.91,114093.8,250926,4140.92,4161.69,250926
1755666000000,113633.47,114274.4,250926,4169.96,4190.75,250926
1755669600000,113708.0,114326.4,250926,4183.26,4203.13,250926
1755673200000,113653.28,114329.8,250926,4182.21,4200.81,250926
1755676800000,113490.13,114141.8,250926,4185.22,4205.09,250926
1755680400000,114010.0,114711.9,250926,4239.03,4261.61,250926
1755684000000,113699.98,114378.3,250926,4222.74,4244.18,250926
1755687600000,113792.2,114487.1,250926,4226.62,4249.62,250926
1755691200000,113666.68,114290.3,250926,4195.3,4215.59,250926
1755694800000,113659.01,114309.4,250926,4204.64,4224.24,250926
1755698400000,112693.15,113306.9,250926,4135.78,4150.78,250926
1755702000000,113465.84,114108.8,250926,4213.4,4233.25,250926
1755705600000,113353.94,113998.9,250926,4255.9,4275.22,250926
1755709200000,113839.99,114525.1,250926,4301.88,4322.89,250926
1755712800000,114197.53,114904.4,250926,4343.91,4365.83,250926
1755716400000,113490.01,114162.2,250926,4291.67,4311.99,250926
1755720000000,114276.66,114978.8,250926,4346.65,4364.98,250926
1755723600000,114370.0,115091.7,250926,4355.4,4377.74,250926
1755727200000,114356.24,115072.4,250926,4342.1,4364.19,250926
1755730800000,114595.19,115288.1,250926,4366.0,4389.0,250926
1755734400000,114271.24,114936.5,250926,4336.16,4358.38,250926
1755738000000,114292.14,115022.2,250926,4324.1,4345.48,250926
1755741600000,114729.94,115444.0,250926,4331.75,4355.82,250926
1755745200000,114038.0,114735.3,250926,4292.91,4315.61,250926
1755748800000,113954.62,114665.4,250926,4295.23,4316.47,250926
1755752400000,113800.0,114518.9,250926,4295.52,4318.0,250926
1755756000000,113995.12,114744.2,250926,4317.97,4341.14,250926
1755759600000,113807.2,114538.5,250926,4307.4,4331.58,250926
1755763200000,113896.03,114642.8,250926,4310.76,4334.19,250926
1755766800000,113588.45,114351.2,250926,4285.89,4310.3,250926
1755770400000,113376.85,114099.8,250926,4277.0,4300.09,250926
1755774000000,113329.74,114062.4,250926,4291.52,4315.06,250926
1755777600000,113148.66,113916.4,250926,4278.52,4303.03,250926
1755781200000,113095.29,113802.3,250926,4249.57,4273.71,250926
1755784800000,113486.98,114233.3,250926,4261.79,4285.11,250926
1755788400000,113281.99,113991.2,250926,4273.85,4297.58,250926
1755792000000,112792.08,113479.4,250926,4242.66,4264.53,250926
1755795600000,112379.58,113078.6,250926,4221.97,4242.51,250926
1755799200000,112410.91,113171.0,250926,4242.19,4265.21,250926
1755802800000,112602.62,113331.1,250926,4261.37,4285.86,250926
1755806400000,112193.71,112899.6,250926,4224.1,4247.42,250926
1755810000000,112450.3,113209.5,250926,4242.56,4266.14,250926
1755813600000,112628.76,113366.6,250926,4243.52,4266.85,250926
1755817200000,112511.2,113234.1,250926,4253.18,4276.82,250926
1755820800000,112500.0,113219.3,250926,4225.3,4247.58,250926
1755824400000,112630.87,113353.2,250926,4245.61,4269.28,250926
1755828000000,112840.08,113567.8,250926,4257.29,4279.1,250926
1755831600000,113153.96,113875.1,250926,4290.84,4315.56,250926
1755835200000,112929.24,113653.6,250926,4278.93,4302.26,250926
1755838800000,112847.63,113593.7,250926,4281.28,4304.47,250926
1755842400000,113241.99,114036.0,250926,4291.19,4315.36,250926
1755846000000,112998.3,113745.4,250926,4294.72,4317.76,250926
1755849600000,113094.83,113827.8,250926,4328.14,4353.98,250926
1755853200000,112980.34,113769.3,250926,4328.93,4353.58,250926
1755856800000,113049.67,113858.3,250926,4328.6,4352.31,250926
1755860400000,112534.54,113286.8,250926,4296.43,4320.18,250926
1755864000000,112320.0,113077.6,250926,4274.56,4299.09,250926
1755867600000,112341.5,113036.1,250926,4244.92,4267.15,250926
1755871200000,112487.11,113190.8,250926,4290.47,4314.4,250926
1755874800000,115808.23,116575.6,250926,4613.93,4643.99,250926
1755878400000,116370.75,117176.4,250926,4616.08,4646.61,250926
1755882000000,116146.47,116922.8,250926,4745.96,4775.75,250926
1755885600000,117024.0,117839.6,250926,4799.5,4830.05,250926
1755889200000,116805.27,117679.6,250926,4789.63,4821.37,250926
1755892800000,116655.79,117541.7,250926,4833.0,4864.53,250926
1755896400000,117052.65,117939.7,250926,4849.58,4881.7,250926
1755900000000,117028.27,117928.3,250926,4851.55,4888.0,250926
1755903600000,116757.18,117665.6,250926,4811.86,4845.4,250926
1755907200000,116935.99,117830.6,250926,4832.07,4866.73,250926
1755910800000,116870.22,117796.5,250926,4807.69,4841.44,250926
1755914400000,116453.59,117362.4,250926,4780.59,4815.0,250926
1755918000000,115927.98,116826.8,250926,4714.68,4748.58,250926
1755921600000,115568.77,116454.9,250926,4694.64,4728.34,250926
1755925200000,115926.77,116785.0,250926,4746.99,4781.68,250926
1755928800000,115954.51,116874.7,250926,4751.63,4785.44,250926
1755932400000,115781.16,116696.1,250926,4745.93,4781.27,250926
1755936000000,115799.47,116654.0,250926,4713.88,4744.15,250926
1755939600000,115746.12,116637.0,250926,4718.89,4752.69,250926
1755943200000,115765.82,116647.9,250926,4738.79,4771.82,250926
1755946800000,115575.72,116451.0,250926,4712.67,4745.65,250926
1755950400000,115310.13,116128.8,250926,4704.93,4738.0,250926
1755954000000,115213.6,116114.5,250926,4715.04,4748.95,250926
1755957600000,114864.92,115764.3,250926,4718.45,4751.28,250926
1755961200000,114621.47,115533.2,250926,4726.56,4759.6,250926
1755964800000,114812.87,115753.4,250926,4751.0,4784.29,250926
1755968400000,115020.0,115934.8,250926,4742.86,4776.06,250926
1755972000000,115087.97,116026.7,250926,4749.79,4782.8,250926
1755975600000,115145.77,116046.9,250926,4753.21,4784.7,250926
1755979200000,115133.91,116064.3,250926,4758.66,4791.07,250926
1755982800000,115325.81,116248.5,250926,4752.14,4786.16,250926
1755986400000,115028.0,115940.6,250926,4749.96,4781.62,250926
1755990000000,115317.85,116211.3,250926,4781.86,4814.61,250926
1755993600000,115438.05,116341.7,250926,4778.4,4810.98,250926
1755997200000,115375.35,116298.8,250926,4798.25,4832.56,250926
1756000800000,115473.99,116499.3,250926,4776.71,4809.55,250926
1756004400000,115005.15,116004.5,250926,4776.2,4808.91,250926
1756008000000,115036.0,116029.1,250926,4788.59,4820.45,250926
1756011600000,115174.3,116163.2,250926,4793.5,4827.28,250926
1756015200000,114996.01,116011.5,250926,4783.86,4816.98,250926
1756018800000,114862.4,115866.1,250926,4760.72,4794.66,250926
1756022400000,114888.19,115862.3,250926,4758.7,4792.77,250926
1756026000000,114838.02,115814.8,250926,4777.26,4808.93,250926
1756029600000,114841.17,115830.3,250926,4772.64,4805.98,250926
1756033200000,114790.4,115765.3,250926,4740.01,4774.09,250926
1756036800000,114730.22,115702.6,250926,4747.73,4780.4,250926
1756040400000,114673.81,115648.8,250926,4755.0,4788.77,250926
1756044000000,114555.0,115545.9,250926,4769.04,4801.61,250926
1756047600000,114514.05,115529.7,250926,4795.0,4830.74,250926
1756051200000,114400.0,115405.6,250926,4798.32,4832.52,250926
1756054800000,114275.0,115261.7,250926,4821.81,4855.69,250926
1756058400000,114423.42,115445.6,250926,4905.57,4942.96,250926
1756062000000,114626.97,115635.9,250926,4935.0,4969.28,250926
1756065600000,112600.0,113557.4,250926,4813.04,4845.36,250926
1756069200000,112770.39,113700.8,250926,4786.72,4820.53,250926
1756072800000,112988.39,113927.0,250926,4785.0,4819.28,250926
1756076400000,113451.02,114432.9,250926,4781.32,4813.62,250926
1756080000000,113493.59,114443.6,250926,4780.15,4812.22,250926
1756083600000,112645.1,113553.9,250926,4701.04,4729.89,250926
1756087200000,113066.94,114021.8,250926,4732.08,4760.91,250926
1756090800000,113412.36,114360.6,250926,4764.33,4798.16,250926
1756094400000,112916.84,113856.5,250926,4727.41,4755.05,250926
1756098000000,112764.0,113674.6,250926,4718.23,4748.92,250926
1756101600000,112310.0,113218.0,250926,4705.22,4734.35,250926
1756105200000,111929.87,112751.3,250926,4630.88,4654.54,250926
1756108800000,111511.55,112293.1,250926,4591.36,4614.75,250926
1756112400000,111414.3,112175.5,250926,4599.82,4625.76,250926
1756116000000,111800.01,112568.9,250926,4613.31,4636.4,250926
1756119600000,110984.03,111774.9,250926,4544.21,4567.53,250926
1756123200000,111214.97,111992.1,250926,4600.08,4623.83,250926
1756126800000,111586.31,112353.7,250926,4647.49,4670.0,250926
1756130400000,111491.69,112185.5,250926,4630.29,4652.98,250926
1756134000000,112260.0,112994.0,250926,4659.82,4682.12,250926
1756137600000,112200.64,112944.2,250926,4612.57,4633.13,250926
1756141200000,112502.43,113241.0,250926,4596.26,4617.14,250926
1756144800000,112431.4,113136.8,250926,4586.81,4604.19,250926
1756148400000,112402.9,113133.7,250926,4574.59,4594.55,250926
1756152000000,110716.13,111382.0,250926,4420.34,4435.95,250926
1756155600000,109561.96,110300.0,250926,4352.13,4368.15,250926
1756159200000,109888.01,110554.0,250926,4350.81,4364.04,250926
1756162800000,110153.23,110800.7,250926,4392.28,4409.5,250926
1756166400000,110111.98,110774.1,250926,4376.18,4396.4,250926
1756170000000,109100.23,109798.4,250926,4331.63,4351.5,250926
1756173600000,109897.2,110536.5,250926,4421.52,4443.76,250926
1756177200000,109710.96,110356.1,250926,4396.53,4415.75,250926
1756180800000,109879.56,110534.0,250926,4402.58,4421.56,250926
1756184400000,110100.01,110769.2,250926,4434.36,4457.03,250926
1756188000000,110196.01,110896.1,250926,4430.5,4454.85,250926
1756191600000,109988.18,110669.5,250926,4414.71,4436.72,250926
1756195200000,110303.2,110988.8,250926,4429.7,4451.93,250926
1756198800000,110102.02,110809.5,250926,4419.87,4443.81,250926
1756202400000,110152.89,110847.2,250926,4419.93,4439.95,250926
1756206000000,110216.53,110911.0,250926,4441.22,4462.7,250926
1756209600000,109876.52,110586.2,250926,4427.24,4447.19,250926
1756213200000,110216.81,110944.1,250926,4497.24,4518.81,250926
1756216800000,110094.66,110757.9,250926,4480.28,4500.29,250926
1756220400000,110358.13,111055.3,250926,4553.12,4576.61,250926
1756224000000,109666.33,110428.9,250926,4519.02,4542.39,250926
1756227600000,110153.84,110844.9,250926,4554.48,4576.11,250926
1756231200000,109988.07,110645.0,250926,4522.51,4541.59,250926
1756234800000,110695.58,111395.3,250926,4548.02,4569.29,250926
1756238400000,111116.03,111807.4,250926,4596.7,4617.66,250926
1756242000000,111321.58,112017.9,250926,4585.4,4607.99,250926
1756245600000,111584.6,112244.8,250926,4605.07,4626.54,250926
1756249200000,111910.01,112611.0,250926,4601.38,4622.96,250926
1756252800000,111763.22,112474.2,250926,4600.63,4620.42,250926
1756256400000,111356.37,112064.5,250926,4570.17,4590.33,250926
1756260000000,111299.48,112005.5,250926,4562.82,4582.92,250926
1756263600000,111135.37,111856.3,250926,4577.35,4597.93,250926
1756267200000,111418.15,112167.9,250926,4603.55,4624.38,250926
1756270800000,111570.81,112324.4,250926,4628.97,4650.77,250926
1756274400000,111372.18,112034.9,250926,4614.48,4634.56,250926
1756278000000,111040.09,111725.1,250926,4586.91,4606.49,250926
1756281600000,110725.18,111445.4,250926,4580.45,4599.97,250926
1756285200000,110756.01,111486.5,250926,4595.23,4618.49,250926
1756288800000,110810.78,111532.2,250926,4588.31,4608.19,250926
1756292400000,110975.12,111691.6,250926,4581.37,4601.97,250926
1756296000000,111322.07,112046.7,250926,4608.87,4629.51,250926
1756299600000,111344.42,112108.4,250926,4614.66,4636.76,250926
1756303200000,111487.24,112195.4,250926,4595.41,4615.37,250926
1756306800000,111815.94,112519.3,250926,4613.38,4634.19,250926
1756310400000,112000.0,112729.0,250926,4657.57,4680.06,250926
1756314000000,112121.46,112846.1,250926,4630.91,4652.67,250926
1756317600000,112345.29,113070.6,250926,4631.83,4650.89,250926
1756321200000,111947.21,112636.9,250926,4591.73,4611.3,250926
1756324800000,112080.69,112770.3,250926,4565.7,4587.52,250926
1756328400000,112419.07,113127.4,250926,4594.7,4615.81,250926
1756332000000,111528.19,112200.1,250926,4527.72,4546.15,250926
1756335600000,111409.54,112130.9,250926,4523.86,4542.82,250926
1756339200000,111262.01,111956.3,250926,4506.71,4526.0,250926
1756342800000,111338.92,112057.8,250926,4493.67,4510.63,250926
1756346400000,111647.7,112372.8,250926,4516.46,4534.46,250926
1756350000000,111500.0,112218.6,250926,4512.24,4527.67,250926
1756353600000,112000.01,112720.8,250926,4541.63,4559.29,250926
1756357200000,112965.9,113683.2,250926,4571.1,4589.54,250926
1756360800000,112853.24,113596.2,250926,4570.84,4589.29,250926
1756364400000,113213.78,113949.0,250926,4583.99,4601.26,250926
1756368000000,113114.11,113875.8,250926,4596.82,4616.47,250926
1756371600000,113128.49,113826.8,250926,4604.34,4623.79,250926
1756375200000,112856.89,113573.4,250926,4586.5,4606.02,250926
1756378800000,113127.53,113823.6,250926,4610.0,4629.99,250926
1756382400000,112909.18,113622.2,250926,4594.8,4614.56,250926
1756386000000,113239.44,113952.9,250926,4599.87,4619.21,250926
1756389600000,112832.0,113497.0,250926,4575.17,4592.3,250926
1756393200000,113153.06,113844.1,250926,4567.63,4586.18,250926
1756396800000,112678.53,113361.5,250926,4504.01,4523.11,250926
1756400400000,112329.44,113033.0,250926,4465.11,4482.07,250926
1756404000000,112387.99,113032.2,250926,4489.77,4507.88,250926
1756407600000,112373.59,113017.9,250926,4481.3,4499.46,250926
1756411200000,111901.36,112532.2,250926,4438.46,4454.46,250926
1756414800000,111902.49,112542.7,250926,4458.69,4475.84,250926
1756418400000,112025.07,112682.4,250926,4488.4,4506.66,250926
1756422000000,112340.64,113014.1,250926,4506.47,4523.74,250926
1756425600000,112566.9,113210.5,250926,4511.21,4528.56,250926
1756429200000,112200.94,112831.7,250926,4481.62,4499.17,250926
1756432800000,111486.0,112114.6,250926,4456.5,4473.49,250926
1756436400000,111419.98,112080.8,250926,4480.32,4498.73,250926
1756440000000,111704.23,112368.4,250926,4489.75,4507.41,250926
1756443600000,111502.0,112134.3,250926,4476.99,4493.26,250926
1756447200000,111315.42,111922.9,250926,4479.49,4496.84,250926
1756450800000,111279.45,111916.7,250926,4456.15,4478.3,250926
1756454400000,110019.38,110673.8,250926,4381.03,4397.31,250926
1756458000000,109628.02,110239.4,250926,4334.51,4350.98,250926
1756461600000,109772.71,110377.8,250926,4337.61,4355.89,250926
1756465200000,110008.01,110632.5,250926,4346.46,4362.6,250926
1756468800000,110098.81,110700.5,250926,4346.48,4362.95,250926
1756472400000,110728.0,111337.1,250926,4407.38,4424.52,250926
1756476000000,109106.14,109686.9,250926,4331.27,4346.51,250926
1756479600000,108198.67,108770.7,250926,4282.49,4297.32,250926
1756483200000,108386.23,108985.3,250926,4316.09,4332.32,250926
1756486800000,108705.67,109333.8,250926,4336.23,4351.41,250926
1756490400000,108466.01,109039.4,250926,4332.92,4346.87,250926
1756494000000,108145.4,108707.5,250926,4315.79,4328.84,250926
1756497600000,108212.01,108773.1,250926,4340.78,4357.11,250926
1756501200000,107770.78,108325.2,250926,4321.25,4336.89,250926
1756504800000,108450.01,108998.9,250926,4364.79,4380.85,250926
1756508400000,108378.97,108931.8,250926,4366.39,4382.44,250926
1756512000000,108377.4,108944.8,250926,4360.18,4376.79,250926
1756515600000,108300.71,108794.3,250926,4342.65,4356.0,250926
1756519200000,107447.97,107913.4,250926,4265.09,4278.93,250926
1756522800000,107782.01,108257.5,250926,4304.44,4318.55,250926
1756526400000,108436.2,108909.4,250926,4352.45,4366.88,250926
1756530000000,108435.59,108925.7,250926,4352.59,4368.52,250926
1756533600000,108347.2,108848.9,250926,4379.87,4391.84,250926
1756537200000,108320.0,108832.6,250926,4397.04,4410.66,250926
1756540800000,108524.26,109013.7,250926,4402.39,4414.39,250926
1756544400000,108568.0,109078.2,250926,4395.79,4408.9,250926
1756548000000,108517.63,109023.0,250926,4391.01,4404.48,250926
1756551600000,108425.99,108940.0,250926,4392.07,4408.27,250926
1756555200000,108680.01,109202.6,250926,4392.08,4406.51,250926
1756558800000,108614.86,109126.3,250926,4367.82,4380.18,250926
1756562400000,108531.14,109040.7,250926,4359.25,4373.04,250926
1756566000000,108661.99,109158.1,250926,4363.78,4376.73,250926
1756569600000,108869.98,109408.3,250926,4376.35,4390.65,250926
1756573200000,108815.72,109322.4,250926,4362.09,4375.18,250926
1756576800000,108784.71,109273.4,250926,4362.45,4376.03,250926
1756580400000,108739.72,109232.9,250926,4350.0,4364.32,250926
1756584000000,108828.33,109314.1,250926,4354.63,4368.11,250926
1756587600000,108648.0,109103.8,250926,4343.9,4355.54,250926
1756591200000,108588.67,109055.9,250926,4346.91,4361.54,250926
1756594800000,108531.12,108983.7,250926,4358.69,4373.03,250926
1756598400000,108816.33,109295.3,250926,4373.7,4387.59,250926
1756602000000,109389.08,109886.7,250926,4467.37,4481.87,250926
1756605600000,109429.01,109971.7,250926,4456.5,4471.44,250926
1756609200000,109224.87,109715.0,250926,4449.49,4463.28,250926
1756612800000,109223.84,109717.0,250926,4488.12,4501.99,250926
1756616400000,108816.32,109291.0,250926,4465.3,4477.51,250926
1756620000000,108756.85,109258.8,250926,4459.76,4474.0,250926
1756623600000,108716.65,109234.7,250926,4434.6,4449.26,250926
1756627200000,108708.26,109211.1,250926,4450.84,4466.98,250926
1756630800000,109011.67,109530.9,250926,4471.85,4487.09,250926
1756634400000,108507.68,109020.3,250926,4464.59,4477.76,250926
1756638000000,108560.23,109059.7,250926,4454.97,4468.39,250926
1756641600000,108389.76,108920.4,250926,4476.98,4491.55,250926
1756645200000,108309.2,108879.4,250926,4489.58,4503.1,250926
1756648800000,108418.02,108937.4,250926,4471.25,4484.54,250926
1756652400000,108467.33,108969.9,250926,4459.81,4474.82,250926
1756656000000,108818.69,109339.9,250926,4485.27,4498.77,250926
1756659600000,108922.79,109441.8,250926,4471.49,4484.82,250926
1756663200000,108993.87,109489.8,250926,4477.3,4492.08,250926
1756666800000,109146.62,109642.2,250926,4489.71,4503.74,250926
1756670400000,108930.0,109384.8,250926,4456.01,4466.76,250926
1756674000000,109117.99,109588.7,250926,4455.03,4468.24,250926
1756677600000,109037.29,109473.4,250926,4470.01,4481.83,250926
1756681200000,108900.46,109366.0,250926,4445.4,4458.35,250926
1756684800000,108246.35,108700.0,250926,4391.83,4405.07,250926
1756688400000,108222.37,108697.8,250926,4396.49,4409.06,250926
1756692000000,108150.24,108659.7,250926,4417.82,4431.33,250926
1756695600000,107617.05,108094.9,250926,4387.59,4398.0,250926
1756699200000,107660.01,108138.9,250926,4404.16,4416.49,250926
1756702800000,107409.1,107871.2,250926,4385.65,4398.55,250926
1756706400000,107866.12,108337.9,250926,4395.01,4409.07,250926
1756710000000,108064.75,108562.1,250926,4397.59,4411.74,250926
1756713600000,109432.99,109946.7,250926,4463.29,4477.24,250926
1756717200000,109590.0,110103.9,250926,4476.25,4490.22,250926
1756720800000,109524.12,110032.4,250926,4441.36,4454.16,250926
1756724400000,108571.41,109031.0,250926,4408.5,4421.99,250926
1756728000000,108782.88,109224.3,250926,4392.83,4406.59,250926
1756731600000,109108.27,109597.6,250926,4403.2,4418.1,250926
1756735200000,109023.61,109530.4,250926,4385.71,4399.5,250926
1756738800000,109146.6,109623.0,250926,4396.26,4410.35,250926
1756742400000,108784.33,109242.6,250926,4362.01,4375.56,250926
1756746000000,108774.23,109263.3,250926,4355.22,4367.84,250926
1756749600000,108927.61,109461.1,250926,4323.16,4336.0,250926
1756753200000,109240.0,109775.7,250926,4346.94,4360.79,250926
1756756800000,109217.64,109732.0,250926,4368.06,4380.52,250926
1756760400000,108877.38,109262.4,250926,4288.99,4300.58,250926
1756764000000,107800.8,108227.0,250926,4261.62,4273.33,250926
1756767600000,108444.96,108902.9,250926,4284.56,4299.47,250926
1756771200000,109237.42,109700.3,250926,4314.5,4327.22,250926
1756774800000,109040.36,109496.9,250926,4303.86,4316.11,250926
1756778400000,109313.0,109785.5,250926,4323.24,4337.13,250926
1756782000000,110246.01,110759.5,250926,4360.95,4373.82,250926
1756785600000,110322.18,110839.0,250926,4367.11,4380.81,250926
1756789200000,110310.56,110815.1,250926,4388.09,4401.11,250926
1756792800000,110209.32,110725.7,250926,4385.06,4398.54,250926
1756796400000,110376.63,110862.7,250926,4412.46,4426.86,250926
1756800000000,110233.92,110678.4,250926,4377.53,4390.46,250926
1756803600000,110360.0,110845.0,250926,4392.31,4405.29,250926
1756807200000,110450.56,110940.0,250926,4400.16,4410.12,250926
1756810800000,110246.0,110710.3,250926,4391.5,4403.41,250926
1756814400000,109733.34,110152.2,250926,4347.98,4360.74,250926
1756818000000,108795.99,109253.5,250926,4277.07,4288.28,250926
1756821600000,111149.99,111602.0,250926,4378.54,4391.24,250926
1756825200000,111360.01,111778.4,250926,4348.51,4360.0,250926
1756828800000,110829.17,111264.1,250926,4295.66,4303.77,250926
1756832400000,110785.85,111243.0,250926,4296.26,4308.12,250926
1756836000000,110914.0,111361.1,250926,4319.36,4334.37,250926
1756839600000,110646.47,111120.0,250926,4296.73,4308.48,250926
1756843200000,110806.0,111243.0,250926,4274.41,4285.56,250926
1756846800000,111418.49,111864.6,250926,4313.12,4324.72,250926
1756850400000,111129.57,111527.3,250926,4328.69,4342.65,250926
1756854000000,111259.99,111711.4,250926,4329.2,4338.41,250926
1756857600000,111240.01,111681.3,250926,4326.5,4338.06,250926
1756861200000,111339.98,111786.1,250926,4310.26,4320.46,250926
1756864800000,111176.94,111645.8,250926,4325.05,4335.93,250926
1756868400000,111372.0,111802.1,250926,4338.3,4349.93,250926
1756872000000,111054.01,111428.6,250926,4335.02,4346.1,250926
1756875600000,111020.68,111400.9,250926,4339.9,4352.35,250926
1756879200000,110685.57,111080.4,250926,4315.01,4325.36,250926
1756882800000,110724.0,111128.4,250926,4307.92,4317.93,250926
1756886400000,111099.88,111543.0,250926,4310.21,4321.28,250926
1756890000000,111019.99,111427.2,250926,4318.2,4327.74,250926
1756893600000,111312.28,111716.9,250926,4351.68,4362.5,250926
1756897200000,111449.99,111861.6,250926,4371.72,4382.72,250926
1756900800000,111437.77,111878.6,250926,4371.51,4383.36,250926
1756904400000,111112.0,111514.8,250926,4353.96,4366.52,250926
1756908000000,111475.07,111913.7,250926,4419.29,4431.2,250926
1756911600000,112261.37,112708.4,250926,4467.11,4478.16,250926
1756915200000,112222.74,112674.3,250926,4480.03,4491.14,250926
1756918800000,111858.66,112286.2,250926,4467.4,4477.36,250926
1756922400000,112312.64,112791.9,250926,4472.23,4483.86,250926
1756926000000,112000.0,112440.1,250926,4469.09,4481.52,250926
1756929600000,112193.74,112647.5,250926,4475.32,4486.66,250926
1756933200000,112211.31,112649.3,250926,4464.5,4476.48,250926
1756936800000,111989.67,112416.3,250926,4460.75,4474.71,250926
1756940400000,111947.48,112414.7,250926,4469.63,4481.39,250926
1756944000000,111705.71,112157.8,250926,4450.46,4462.46,250926
1756947600000,112065.61,112649.0,250926,4467.72,4480.94,250926
1756951200000,111947.48,112344.4,250926,4468.18,4480.0,250926
1756954800000,111450.15,111886.8,250926,4421.06,4433.46,250926
1756958400000,111148.97,111573.5,250926,4398.03,4410.77,250926
1756962000000,110917.45,111359.3,250926,4392.0,4402.01,250926
1756965600000,110653.07,111084.1,250926,4375.29,4384.77,250926
1756969200000,110393.95,110828.6,250926,4365.01,4376.04,250926
1756972800000,110463.36,110864.3,250926,4371.04,4381.86,250926
1756976400000,110640.97,111022.5,250926,4369.82,4378.49,250926
1756980000000,110815.04,111193.8,250926,4395.71,4406.24,250926
1756983600000,110628.86,111061.6,250926,4408.17,4418.11,250926
1756987200000,110810.0,111198.0,250926,4407.03,4416.39,250926
1756990800000,110933.94,111320.3,250926,4416.62,4425.58,250926
1756994400000,110464.0,110836.8,250926,4377.56,4386.92,250926
1756998000000,109842.01,110200.0,250926,4341.68,4351.43,250926
1757001600000,109510.31,109832.9,250926,4305.33,4313.42,250926
1757005200000,109438.34,109756.3,250926,4296.3,4304.4,250926
1757008800000,109786.48,110125.4,250926,4305.83,4315.33,250926
1757012400000,109977.0,110337.6,250926,4274.03,4283.13,250926
1757016000000,109799.99,110118.1,250926,4275.92,4285.56,250926
1757019600000,110408.02,110749.5,250926,4306.04,4315.85,250926
1757023200000,110500.0,110848.7,250926,4319.27,4330.6,250926
1757026800000,111490.73,111844.4,250926,4341.68,4349.55,250926
1757030400000,110730.87,111046.5,250926,4297.55,4305.28,250926
1757034000000,110451.62,110761.3,250926,4301.31,4309.5,250926
1757037600000,111121.51,111393.8,250926,4326.19,4334.74,250926
1757041200000,111340.65,111670.9,250926,4324.4,4331.45,250926
1757044800000,111311.77,111653.3,250926,4328.88,4336.87,250926
1757048400000,111445.0,111807.6,250926,4330.53,4339.65,250926
1757052000000,111574.5,111941.2,250926,4338.14,4347.37,250926
1757055600000,111911.99,112221.5,250926,4332.66,4339.45,250926
1757059200000,112954.32,113330.0,250926,4417.29,4424.48,250926
1757062800000,112618.51,112972.8,250926,4406.33,4414.77,250926
1757066400000,112303.87,112637.7,250926,4397.4,4405.4,250926
1757070000000,112256.36,112618.9,250926,4409.99,4418.86,250926
1757073600000,112354.0,112696.2,250926,4417.39,4425.36,250926
1757077200000,113214.78,113579.5,250926,4471.12,4476.78,250926
1757080800000,113084.16,113378.3,250926,4442.8,4446.71,250926
1757084400000,110569.99,110901.3,250926,4273.62,4279.35,250926
1757088000000,110716.82,111043.9,250926,4283.39,4288.49,250926
1757091600000,110815.4,111068.8,250926,4297.81,4303.5,250926
1757095200000,110608.18,110898.8,250926,4289.99,4295.45,250926
1757098800000,111198.78,111518.4,250926,4312.93,4319.51,250926
1757102400000,111614.54,111926.7,250926,4331.54,4340.05,250926
1757106000000,111630.3,111931.1,250926,4338.66,4347.05,250926
1757109600000,110605.01,110944.0,250926,4296.91,4307.02,250926
1757113200000,110800.0,111089.8,250926,4313.0,4321.11,250926
1757116800000,110659.99,110942.7,250926,4307.45,4315.61,250926
1757120400000,110779.7,111083.4,250926,4322.97,4332.91,250926
1757124000000,110867.7,111173.7,250926,4318.18,4327.51,250926
1757127600000,111216.15,111480.0,250926,4323.1,4332.13,250926
1757131200000,111082.22,111399.9,250926,4320.42,4328.6,250926
1757134800000,110876.12,111198.8,250926,4309.24,4317.57,250926
1757138400000,110714.0,111006.8,250926,4295.0,4303.73,250926
1757142000000,110752.83,111085.9,250926,4302.61,4311.0,250926
1757145600000,110825.6,111132.9,250926,4312.26,4320.05,250926
1757149200000,110952.76,111283.3,250926,4310.82,4318.36,250926
1757152800000,110695.06,111054.4,250926,4292.99,4300.32,250926
1757156400000,110773.62,111100.3,250926,4300.94,4309.93,250926
1757160000000,110781.02,111110.8,250926,4299.99,4307.19,250926
1757163600000,110832.58,111161.4,250926,4299.63,4307.54,250926
1757167200000,110936.82,111250.5,250926,4293.73,4301.44,250926
1757170800000,110807.77,111121.1,250926,4295.91,4304.77,250926
1757174400000,110384.15,110680.0,250926,4270.24,4277.13,250926
1757178000000,110267.99,110578.2,250926,4289.97,4297.33,250926
1757181600000,110157.41,110455.2,250926,4273.23,4281.37,250926
1757185200000,110228.0,110544.0,250926,4279.17,4286.99,250926
1757188800000,110038.41,110351.7,250926,4255.48,4262.17,250926
1757192400000,110167.0,110457.3,250926,4279.06,4285.99,250926
1757196000000,110201.0,110484.8,250926,4283.31,4290.63,250926
1757199600000,110170.55,110483.9,250926,4277.78,4285.31,250926
1757203200000,110187.97,110509.0,250926,4273.14,4279.59,250926
1757206800000,110356.75,110677.8,250926,4284.0,4291.93,250926
1757210400000,110546.66,110872.2,250926,4294.99,4303.03,250926
1757214000000,110666.24,110991.0,250926,4299.43,4308.71,250926
1757217600000,110629.15,110952.6,250926,4296.9,4305.1,250926
1757221200000,110557.76,110879.7,250926,4301.38,4309.09,250926
1757224800000,110649.44,110973.8,250926,4294.65,4302.66,250926
1757228400000,110504.15,110824.8,250926,4283.82,4291.65,250926
1757232000000,110753.42,110991.0,250926,4294.56,4300.21,250926
1757235600000,111071.25,111346.7,250926,4301.14,4308.83,250926
1757239200000,111115.98,111394.5,250926,4299.75,4307.75,250926
1757242800000,111225.02,111489.3,250926,4305.59,4311.58,250926
1757246400000,111292.13,111576.0,250926,4310.87,4319.29,250926
1757250000000,111115.92,111405.5,250926,4300.91,4308.05,250926
1757253600000,111214.62,111512.7,250926,4305.22,4313.52,250926
1757257200000,111145.59,111434.0,250926,4299.96,4306.93,250926
1757260800000,111329.99,111588.8,250926,4299.38,4307.87,250926
1757264400000,111202.02,111508.0,250926,4284.06,4291.65,250926
1757268000000,110962.83,111315.4,250926,4275.29,4284.04,250926
1757271600000,111053.76,111370.9,250926,4281.09,4291.22,250926
1757275200000,111259.99,111575.4,250926,4293.48,4302.42,250926
1757278800000,111330.3,111676.6,250926,4300.0,4308.85,250926
1757282400000,111050.14,111360.5,250926,4288.11,4297.46,250926
1757286000000,111250.01,111572.6,250926,4309.46,4318.27,250926
1757289600000,111137.34,111470.9,250926,4306.19,4315.69,250926
1757293200000,110837.96,111140.5,250926,4298.86,4308.72,250926
1757296800000,110890.57,111216.3,250926,4292.4,4303.2,250926
1757300400000,111240.0,111511.5,250926,4309.1,4317.32,250926
1757304000000,111052.11,111339.7,250926,4311.87,4320.34,250926
1757307600000,110979.35,111287.4,250926,4298.15,4307.06,250926
1757311200000,111027.16,111325.2,250926,4297.05,4305.29,250926
1757314800000,111113.26,111422.1,250926,4292.21,4300.76,250926
1757318400000,111280.39,111567.3,250926,4291.78,4300.11,250926
1757322000000,111684.25,111932.5,250926,4301.79,4310.97,250926
1757325600000,112094.99,112400.7,250926,4318.93,4328.33,250926
1757329200000,112048.0,112373.7,250926,4328.69,4337.81,250926
1757332800000,112052.43,112392.5,250926,4312.41,4321.86,250926
1757336400000,112034.51,112370.0,250926,4320.46,4327.25,250926
1757340000000,111906.55,112243.2,250926,4320.12,4329.42,250926
1757343600000,112645.05,112959.4,250926,4350.72,4358.58,250926
1757347200000,112631.75,112920.1,250926,4371.64,4381.53,250926
1757350800000,112398.0,112757.7,250926,4339.02,4346.63,250926
1757354400000,112214.4,112493.9,250926,4311.48,4320.86,250926
1757358000000,112477.01,112777.9,250926,4329.71,4339.57,250926
1757361600000,112097.31,112375.5,250926,4293.0,4300.65,250926
1757365200000,111958.04,112255.4,250926,4298.45,4307.19,250926
1757368800000,112326.45,112618.2,250926,4322.17,4330.59,250926
1757372400000,112236.71,112502.1,250926,4311.14,4320.21,250926
1757376000000,112065.23,112335.3,250926,4306.37,4315.33,250926
1757379600000,111650.03,111922.7,250926,4301.99,4311.06,250926
1757383200000,111364.73,111692.1,250926,4286.66,4295.37,250926
1757386800000,111330.71,111616.8,250926,4290.82,4300.77,250926
1757390400000,111708.0,112003.1,250926,4306.63,4316.47,250926
1757394000000,112024.01,112335.3,250926,4313.56,4323.72,250926
1757397600000,112200.0,112500.2,250926,4318.87,4328.27,250926
1757401200000,113022.61,113338.4,250926,4365.66,4374.05,250926
1757404800000,112991.11,113360.2,250926,4361.53,4371.22,250926
1757408400000,112992.69,113288.2,250926,4359.68,4368.54,250926
1757412000000,112966.54,113318.0,250926,4357.2,4366.88,250926
1757415600000,112732.62,113068.8,250926,4348.73,4359.74,250926
1757419200000,112433.59,112761.4,250926,4347.34,4357.0,250926
1757422800000,112671.76,112994.1,250926,4345.19,4354.8,250926
1757426400000,112760.58,113038.7,250926,4347.42,4354.75,250926
1757430000000,111767.45,112091.0,250926,4306.24,4317.88,250926
1757433600000,110880.76,111250.0,250926,4284.94,4296.87,250926
1757437200000,110975.99,111335.3,250926,4288.11,4299.59,250926
1757440800000,111025.44,111408.2,250926,4285.91,4297.19,250926
1757444400000,111131.92,111501.7,250926,4286.64,4297.6,250926
1757448000000,111301.53,111721.6,250926,4295.0,4305.5,250926
1757451600000,111530.16,111849.7,250926,4304.88,4313.27,250926
1757455200000,111299.61,111649.5,250926,4302.43,4311.9,250926
1757458800000,111556.16,111916.2,250926,4318.6,4329.23,250926
1757462400000,111546.39,111877.7,250926,4310.09,4318.99,250926
1757466000000,111010.46,111341.4,250926,4285.73,4295.9,250926
1757469600000,111005.64,111334.9,250926,4302.78,4314.41,250926
1757473200000,111411.13,111761.4,250926,4317.27,4328.41,250926
1757476800000,111545.88,111874.1,250926,4320.44,4330.45,250926
1757480400000,111520.43,111898.7,250926,4312.27,4323.3,250926
1757484000000,111577.31,111900.2,250926,4308.54,4320.0,250926
1757487600000,111792.33,112120.7,250926,4312.99,4323.63,250926
1757491200000,112553.65,112917.0,250926,4329.82,4340.53,250926
1757494800000,112370.08,112743.3,250926,4332.41,4341.97,250926
1757498400000,112274.29,112584.4,250926,4325.08,4334.32,250926
1757502000000,112270.01,112639.8,250926,4326.93,4336.55,250926
1757505600000,112299.99,112637.6,250926,4331.31,4342.45,250926
1757509200000,113413.51,113779.4,250926,4370.99,4380.54,250926
1757512800000,113952.0,114345.4,250926,4417.92,4429.48,250926
1757516400000,113899.99,114217.5,250926,4401.26,4412.41,250926
1757520000000,113853.99,114230.6,250926,4404.9,4416.82,250926
1757523600000,113759.89,114114.0,250926,4385.71,4396.19,250926
1757527200000,113738.01,114079.6,250926,4367.14,4377.87,250926
1757530800000,113584.85,113999.7,250926,4341.5,4352.35,250926
1757534400000,113574.52,113893.5,250926,4322.72,4333.86,250926
1757538000000,113566.39,113859.6,250926,4329.92,4342.52,250926
1757541600000,113842.53,114153.7,250926,4349.93,4362.53,250926
1757545200000,113881.2,114183.3,250926,4345.8,4357.01,250926
1757548800000,113960.0,114276.7,250926,4349.32,4359.56,250926
1757552400000,113885.7,114182.2,250926,4359.83,4370.46,250926
1757556000000,113903.23,114250.3,250926,4365.55,4378.18,250926
1757559600000,113819.02,114159.1,250926,4376.77,4392.28,250926
1757563200000,114400.01,114748.0,250926,4404.1,4416.94,250926
1757566800000,114158.29,114496.2,250926,4411.32,4423.26,250926
1757570400000,114266.0,114616.6,250926,4419.03,4431.27,250926
1757574000000,114324.64,114644.8,250926,4440.0,4451.65,250926
1757577600000,114083.58,114445.1,250926,4440.41,4456.08,250926
1757581200000,114049.39,114392.9,250926,4431.42,4443.63,250926
1757584800000,113895.29,114241.9,250926,4416.29,4431.38,250926
1757588400000,114062.32,114397.6,250926,4427.82,4440.14,250926
1757592000000,113999.99,114321.9,250926,4429.8,4442.36,250926
1757595600000,113975.99,114294.9,250926,4426.06,4436.32,250926
1757599200000,114628.08,114946.3,250926,4437.4,4446.52,250926
1757602800000,114463.73,114800.4,250926,4427.53,4438.01,250926
1757606400000,114180.31,114500.0,250926,4412.52,4424.02,250926
1757610000000,114487.53,114824.7,250926,4417.9,4426.83,250926
1757613600000,114589.84,114906.8,250926,4433.31,4443.53,250926
1757617200000,114312.35,114636.8,250926,4420.31,4431.32,250926
1757620800000,114419.99,114846.7,250926,4423.73,4434.28,250926
1757624400000,114395.99,114726.9,250926,4417.28,4427.37,250926
1757628000000,114482.69,114845.0,250926,4429.22,4437.98,250926
1757631600000,115084.0,115433.7,250926,4453.72,4465.07,250926
1757635200000,115482.69,115833.6,250926,4458.82,4469.83,250926
1757638800000,115840.69,116191.5,250926,4512.07,4525.16,250926
1757642400000,115377.29,115736.4,250926,4497.61,4509.63,250926
1757646000000,115391.0,115760.8,250926,4507.51,4518.18,250926
1757649600000,115194.14,115590.4,250926,4505.55,4517.92,250926
1757653200000,115359.99,115726.0,250926,4521.36,4533.32,250926
1757656800000,115612.84,115967.0,250926,4558.41,4570.65,250926
1757660400000,115318.0,115714.2,250926,4538.99,4551.54,250926
1757664000000,115086.7,115483.7,250926,4525.81,4538.63,250926
1757667600000,115048.0,117683.3,251226,4517.9,4613.43,251226
1757671200000,115048.01,117640.9,251226,4515.12,4609.84,251226
1757674800000,114980.85,117612.3,251226,4516.69,4612.08,251226
1757678400000,114913.45,117523.2,251226,4520.76,4615.14,251226
1757682000000,115083.97,117717.5,251226,4526.63,4620.18,251226
1757685600000,115166.45,117763.1,251226,4539.64,4632.19,251226
1757689200000,115260.0,117852.2,251226,4547.02,4642.49,251226
1757692800000,115121.18,117717.0,251226,4541.98,4634.95,251226
1757696400000,115495.56,118028.7,251226,4575.8,4668.63,251226
1757700000000,115815.16,118382.8,251226,4613.05,4706.64,251226
1757703600000,116486.18,118985.1,251226,4624.61,4719.07,251226
1757707200000,116632.51,119169.5,251226,4657.18,4753.12,251226
1757710800000,116157.33,118696.2,251226,4670.48,4764.09,251226
1757714400000,115865.89,118407.7,251226,4649.8,4742.76,251226
1757718000000,116027.46,118582.2,251226,4695.16,4789.25,251226
1757721600000,116029.42,118573.3,251226,4712.16,4807.88,251226
1757725200000,116209.32,118805.9,251226,4704.71,4802.05,251226
1757728800000,115764.3,118431.5,251226,4700.49,4794.83,251226
1757732400000,115886.17,118529.1,251226,4702.71,4796.56,251226
1757736000000,115957.0,118624.9,251226,4756.81,4850.27,251226
1757739600000,115698.4,118379.2,251226,4743.1,4835.54,251226
1757743200000,115704.04,118380.0,251226,4723.43,4818.42,251226
1757746800000,115749.99,118418.1,251226,4711.09,4804.82,251226
1757750400000,115778.71,118466.8,251226,4711.7,4806.19,251226
1757754000000,115978.01,118638.1,251226,4730.25,4825.54,251226
1757757600000,116035.33,118700.7,251226,4732.52,4827.9,251226
1757761200000,115937.99,118576.8,251226,4718.05,4812.99,251226
1757764800000,115974.11,118631.8,251226,4719.53,4813.55,251226
1757768400000,116002.91,118665.1,251226,4720.45,4814.57,251226
1757772000000,115761.05,118390.4,251226,4685.79,4780.86,251226
1757775600000,115797.68,118454.9,251226,4689.12,4784.03,251226
1757779200000,115768.68,118433.2,251226,4653.92,4751.31,251226
1757782800000,115334.0,118023.3,251226,4623.65,4723.23,251226
1757786400000,115571.78,118239.3,251226,4634.09,4734.43,251226
1757790000000,115633.92,118307.7,251226,4643.08,4745.42,251226
1757793600000,115797.12,118469.0,251226,4638.21,4738.01,251226
1757797200000,115905.88,118597.3,251226,4657.58,4758.35,251226
1757800800000,115895.39,118541.3,251226,4663.5,4764.44,251226
1757804400000,115871.58,118522.6,251226,4658.53,4760.36,251226
1757808000000,115918.29,118615.6,251226,4666.53,4766.67,251226
1757811600000,115935.6,118550.5,251226,4670.27,4772.43,251226
1757815200000,115962.93,118634.7,251226,4673.13,4774.19,251226
1757818800000,115852.95,118537.0,251226,4683.16,4782.38,251226
1757822400000,115679.98,118316.9,251226,4663.22,4761.5,251226
1757826000000,115750.99,118388.4,251226,4658.97,4760.05,251226
1757829600000,115860.01,118500.7,251226,4676.08,4775.24,251226
1757833200000,115734.23,118380.6,251226,4666.4,4766.54,251226
1757836800000,115805.39,118455.3,251226,4650.58,4750.77,251226
1757840400000,115933.4,118590.3,251226,4656.01,4755.01,251226
1757844000000,116052.09,118690.2,251226,4665.29,4763.72,251226
1757847600000,116027.26,118685.7,251226,4659.83,4758.79,251226
1757851200000,115794.91,118403.0,251226,4635.0,4737.47,251226
1757854800000,115776.31,118436.0,251226,4632.34,4738.26,251226
1757858400000,115348.1,117995.4,251226,4612.8,4717.12,251226
1757862000000,115401.75,118056.7,251226,4601.89,4708.21,251226
1757865600000,115224.01,117867.9,251226,4582.22,4685.86,251226
1757869200000,115480.0,118118.0,251226,4596.83,4699.4,251226
1757872800000,115557.65,118209.0,251226,4619.9,4723.11,251226
1757876400000,115388.21,118039.0,251226,4603.5,4708.17,251226
1757880000000,115634.99,118275.9,251226,4615.47,4717.75,251226
1757883600000,115802.16,118460.3,251226,4616.78,4718.0,251226
1757887200000,116058.88,118644.2,251226,4629.83,4730.77,251226
1757890800000,116009.61,118620.8,251226,4629.15,4730.62,251226
1757894400000,115268.01,117963.2,251226,4604.49,4706.66,251226
1757898000000,115071.32,117716.6,251226,4601.68,4704.42,251226
1757901600000,115231.69,117882.9,251226,4618.15,4721.47,251226
1757905200000,115362.35,117984.0,251226,4620.19,4722.39,251226
1757908800000,115445.45,118174.4,251226,4636.2,4740.0,251226
1757912400000,116058.01,118664.5,251226,4642.71,4744.9,251226
1757916000000,116520.0,119186.6,251226,4662.84,4764.12,251226
1757919600000,116129.99,118774.5,251226,4630.49,4733.74,251226
1757923200000,115806.62,118392.6,251226,4597.37,4698.81,251226
1757926800000,114737.27,117276.5,251226,4510.62,4605.47,251226
1757930400000,114868.59,117430.0,251226,4526.22,4623.41,251226
1757934000000,114769.04,117308.1,251226,4529.79,4626.32,251226
1757937600000,115070.0,117650.9,251226,4530.65,4629.6,251226
1757941200000,114721.04,117248.1,251226,4514.38,4609.63,251226
1757944800000,114664.08,117227.7,251226,4515.42,4613.54,251226
1757948400000,114679.56,117174.2,251226,4511.24,4605.79,251226
1757952000000,114842.9,117368.8,251226,4500.01,4592.01,251226
1757955600000,114662.57,117158.5,251226,4494.82,4586.12,251226
1757959200000,115120.03,117540.8,251226,4509.9,4599.54,251226
1757962800000,115307.79,117794.6,251226,4501.5,4590.5,251226
1757966400000,115307.78,117784.4,251226,4493.41,4581.24,251226
1757970000000,115379.99,117839.0,251226,4510.71,4597.11,251226
1757973600000,115528.0,117955.2,251226,4524.26,4611.45,251226
1757977200000,115288.01,117765.5,251226,4513.52,4602.48,251226
1757980800000,115349.71,117814.7,251226,4523.74,4610.91,251226
1757984400000,115088.66,117535.7,251226,4513.45,4599.92,251226
1757988000000,115024.24,117475.0,251226,4517.63,4604.45,251226
1757991600000,115034.47,117492.1,251226,4514.02,4600.15,251226
1757995200000,115307.25,117817.6,251226,4520.78,4606.63,251226
1757998800000,115503.01,117953.6,251226,4518.93,4604.9,251226
1758002400000,115936.65,118391.7,251226,4529.32,4615.57,251226
1758006000000,115770.35,118255.0,251226,4508.81,4595.05,251226
1758009600000,115840.0,118286.0,251226,4512.86,4597.17,251226
1758013200000,115658.76,118104.8,251226,4511.6,4595.33,251226
1758016800000,115477.27,117914.4,251226,4511.29,4597.68,251226
1758020400000,115372.46,117871.6,251226,4498.75,4583.9,251226
1758024000000,115287.83,117769.9,251226,4501.26,4585.61,251226
1758027600000,115439.36,117842.9,251226,4500.04,4586.98,251226
1758031200000,115200.0,117596.2,251226,4473.58,4555.33,251226
1758034800000,115296.86,117677.4,251226,4446.71,4530.52,251226
1758038400000,115905.88,118250.0,251226,4468.2,4551.73,251226
1758042000000,116068.06,118417.2,251226,4463.54,4545.83,251226
1758045600000,116461.54,118808.1,251226,4486.62,4568.89,251226
1758049200000,116418.86,118699.9,251226,4474.63,4557.75,251226
1758052800000,116800.12,119095.3,251226,4491.21,4573.21,251226
1758056400000,116839.47,119133.5,251226,4498.23,4580.0,251226
1758060000000,116800.51,119122.5,251226,4507.65,4588.38,251226
1758063600000,116855.58,119120.5,251226,4520.5,4603.8,251226
1758067200000,116788.96,119084.9,251226,4501.29,4581.89,251226
1758070800000,116560.01,118833.1,251226,4513.44,4595.99,251226
1758074400000,116662.25,118930.5,251226,4513.8,4596.64,251226
1758078000000,116686.43,118921.9,251226,4530.85,4613.91,251226
1758081600000,116372.04,118600.0,251226,4497.79,4578.99,251226
1758085200000,116313.49,118552.6,251226,4477.44,4558.97,251226
1758088800000,117108.3,119320.9,251226,4514.91,4598.17,251226
1758092400000,117234.27,119488.2,251226,4545.99,4630.92,251226
1758096000000,117162.48,119394.8,251226,4544.07,4626.58,251226
1758099600000,116860.0,119093.6,251226,4511.08,4593.96,251226
1758103200000,116550.01,118781.9,251226,4494.85,4577.09,251226
1758106800000,116359.14,118607.7,251226,4484.02,4564.91,251226
1758110400000,116258.13,118475.1,251226,4491.64,4573.91,251226
1758114000000,116204.94,118453.7,251226,4502.06,4586.49,251226
1758117600000,116107.19,118320.4,251226,4495.95,4577.32,251226
1758121200000,115606.61,117799.0,251226,4489.93,4572.46,251226
1758124800000,115875.32,118084.5,251226,4489.54,4572.51,251226
1758128400000,115640.77,117911.6,251226,4487.13,4570.12,251226
1758132000000,115504.48,117660.8,251226,4433.77,4524.19,251226
1758135600000,115226.93,117358.6,251226,4456.17,4534.42,251226
1758139200000,115652.02,117815.1,251226,4517.62,4599.08,251226
1758142800000,115621.47,117698.2,251226,4501.52,4582.76,251226
1758146400000,116038.39,118156.4,251226,4529.18,4608.3,251226
1758150000000,116559.69,118609.5,251226,4587.12,4670.0,251226
1758153600000,116447.59,118489.1,251226,4590.53,4671.24,251226
1758157200000,116350.65,118397.5,251226,4584.79,4669.51,251226
1758160800000,116634.84,118758.5,251226,4618.95,4701.3,251226
1758164400000,116950.47,119070.2,251226,4613.52,4692.47,251226
1758168000000,117581.66,119754.8,251226,4614.42,4696.06,251226
1758171600000,117605.16,119759.2,251226,4611.42,4695.5,251226
1758175200000,117273.36,119394.5,251226,4589.51,4673.14,251226
1758178800000,117102.43,119231.1,251226,4571.37,4653.59,251226
1758182400000,117086.01,119263.3,251226,4574.75,4656.61,251226
1758186000000,117229.59,119358.4,251226,4602.44,4686.01,251226
1758189600000,117298.81,119483.5,251226,4597.0,4680.01,251226
1758193200000,117190.47,119378.3,251226,4574.28,4656.58,251226
1758196800000,117063.4,119200.6,251226,4576.12,4656.29,251226
1758200400000,117124.69,119279.9,251226,4571.04,4652.65,251226
1758204000000,117432.04,119600.0,251226,4588.5,4670.0,251226
1758207600000,117640.54,119792.5,251226,4596.45,4679.35,251226
1758211200000,117583.56,119748.2,251226,4599.34,4680.81,251226
1758214800000,117565.6,119748.2,251226,4621.3,4704.76,251226
1758218400000,117579.93,119727.5,251226,4609.37,4690.27,251226
1758222000000,117822.97,120009.1,251226,4618.2,4703.49,251226
1758225600000,117450.21,119645.8,251226,4588.23,4669.86,251226
1758229200000,117521.14,119723.9,251226,4604.85,4687.41,251226
1758232800000,117299.21,119476.1,251226,4594.73,4676.32,251226
1758236400000,117061.02,119245.8,251226,4590.98,4674.42,251226
1758240000000,117073.53,119292.5,251226,4587.66,4671.57,251226
1758243600000,117424.2,119610.4,251226,4609.79,4694.38,251226
1758247200000,117241.32,119427.7,251226,4606.93,4693.65,251226
1758250800000,117112.8,119314.9,251226,4589.1,4676.0,251226
1758254400000,116977.58,119163.6,251226,4549.98,4633.61,251226
1758258000000,116990.65,119179.5,251226,4557.93,4644.33,251226
1758261600000,116894.83,119062.5,251226,4540.78,4626.92,251226
1758265200000,116669.75,118863.7,251226,4523.8,4608.04,251226
1758268800000,116909.97,119078.0,251226,4539.06,4623.27,251226
1758272400000,116915.88,119049.3,251226,4534.23,4617.91,251226
1758276000000,116488.0,118632.1,251226,4522.64,4606.84,251226
1758279600000,116532.68,118697.4,251226,4527.73,4611.23,251226
1758283200000,116394.72,118554.3,251226,4513.8,4597.13,251226
1758286800000,116162.45,118329.0,251226,4518.59,4601.37,251226
1758290400000,116284.64,118431.5,251226,4528.13,4608.78,251226
1758294000000,115899.99,118064.7,251226,4495.75,4578.89,251226
1758297600000,115884.03,118043.9,251226,4474.93,4555.46,251226
1758301200000,116088.68,118202.4,251226,4481.85,4562.72,251226
1758304800000,115542.73,117647.0,251226,4459.52,4537.6,251226
1758308400000,115407.49,117528.0,251226,4448.83,4534.14,251226
1758312000000,115125.12,117246.7,251226,4440.68,4525.24,251226
1758315600000,115342.57,117443.8,251226,4459.12,4541.13,251226
1758319200000,115465.39,117558.9,251226,4471.38,4552.42,251226
1758322800000,115613.21,117744.3,251226,4468.9,4553.77,251226
1758326400000,115632.38,117755.9,251226,4468.59,4553.66,251226
1758330000000,115723.73,117855.2,251226,4475.67,4559.15,251226
1758333600000,115623.51,117782.1,251226,4466.01,4550.54,251226
1758337200000,115606.39,117727.6,251226,4465.79,4549.53,251226
1758340800000,115445.0,117582.1,251226,4465.52,4549.41,251226
1758344400000,115568.41,117675.5,251226,4474.08,4559.56,251226
1758348000000,115717.49,117842.9,251226,4478.67,4562.69,251226
1758351600000,115700.46,117825.6,251226,4473.07,4557.52,251226
1758355200000,115968.56,118094.9,251226,4483.22,4566.9,251226
1758358800000,115701.43,117818.0,251226,4465.78,4548.11,251226
1758362400000,115672.8,117786.9,251226,4465.91,4549.73,251226
1758366000000,115747.54,117903.1,251226,4463.91,4547.64,251226
1758369600000,115894.06,118017.0,251226,4469.96,4553.09,251226
1758373200000,115874.49,117978.2,251226,4465.8,4547.04,251226
1758376800000,115915.8,118000.0,251226,4468.15,4549.56,251226
1758380400000,115970.36,118046.9,251226,4487.18,4570.29,251226
1758384000000,115986.69,118067.7,251226,4498.2,4580.49,251226
1758387600000,116027.94,118117.4,251226,4502.57,4584.13,251226
1758391200000,115821.72,117909.2,251226,4486.09,4568.47,251226
1758394800000,115711.51,117793.7,251226,4475.22,4555.84,251226
1758398400000,115702.0,117788.7,251226,4480.18,4562.21,251226
1758402000000,115721.1,117838.3,251226,4484.69,4567.46,251226
1758405600000,115786.31,117861.9,251226,4490.48,4571.89,251226
1758409200000,115776.06,117857.6,251226,4493.74,4576.07,251226
1758412800000,115685.63,117758.0,251226,4480.42,4562.41,251226
1758416400000,115660.01,117740.0,251226,4486.94,4569.03,251226
1758420000000,115500.0,117582.8,251226,4481.26,4561.47,251226
1758423600000,115690.76,117734.2,251226,4478.57,4562.69,251226
1758427200000,115669.41,117744.0,251226,4478.26,4562.3,251226
1758430800000,115494.23,117594.3,251226,4471.66,4556.26,251226
1758434400000,115663.48,117757.7,251226,4477.38,4561.89,251226
1758438000000,115687.2,117791.2,251226,4484.6,4568.9,251226
1758441600000,115815.97,117908.9,251226,4477.78,4561.94,251226
1758445200000,115629.6,117729.6,251226,4469.49,4552.69,251226
1758448800000,115683.54,117769.0,251226,4465.95,4550.2,251226
1758452400000,115522.31,117599.1,251226,4458.8,4541.49,251226
1758456000000,115603.45,117694.5,251226,4460.57,4544.25,251226
1758459600000,115683.59,117745.4,251226,4467.6,4550.56,251226
1758463200000,115661.65,117751.5,251226,4475.88,4559.46,251226
1758466800000,115500.01,117592.2,251226,4472.73,4555.13,251226
1758470400000,115531.61,117617.3,251226,4482.8,4565.98,251226
1758474000000,115316.0,117403.7,251226,4476.83,4558.95,251226
1758477600000,115628.18,117705.3,251226,4491.15,4573.84,251226
1758481200000,115530.9,117612.8,251226,4497.0,4579.16,251226
1758484800000,115480.05,117587.5,251226,4494.4,4576.8,251226
1758488400000,115307.51,117406.0,251226,4475.26,4557.6,251226
1758492000000,115405.48,117524.2,251226,4471.52,4553.75,251226
1758495600000,115538.9,117635.0,251226,4465.3,4548.3,251226
1758499200000,115232.29,117334.4,251226,4444.97,4527.69,251226
1758502800000,114407.28,116498.2,251226,4336.27,4414.73,251226
1758506400000,114273.45,116296.2,251226,4328.22,4403.78,251226
1758510000000,114187.81,116219.3,251226,4288.13,4366.63,251226
1758513600000,114649.89,116650.0,251226,4305.87,4382.21,251226
1758517200000,114433.53,116435.5,251226,4290.45,4366.35,251226
1758520800000,113691.19,115612.4,251226,4219.39,4297.33,251226
1758524400000,112800.77,114772.6,251226,4192.12,4261.42,251226
1758528000000,112519.99,114413.2,251226,4193.38,4262.41,251226
1758531600000,112629.07,114562.7,251226,4194.67,4264.89,251226
1758535200000,112336.62,114256.1,251226,4150.99,4221.01,251226
1758538800000,112792.16,114701.5,251226,4182.78,4252.3,251226
1758542400000,112876.97,114790.1,251226,4181.62,4251.76,251226
1758546000000,112738.65,114713.5,251226,4192.43,4262.85,251226
1758549600000,113130.63,115085.6,251226,4207.1,4278.1,251226
1758553200000,112933.16,114945.3,251226,4190.01,4261.2,251226
1758556800000,112815.5,114781.2,251226,4167.88,4238.39,251226
1758560400000,112600.68,114531.6,251226,4164.72,4236.02,251226
1758564000000,112398.66,114292.2,251226,4165.05,4236.25,251226
1758567600000,112429.13,114388.9,251226,4155.32,4226.52,251226
1758571200000,112122.9,114132.4,251226,4134.98,4203.96,251226
1758574800000,112781.88,114756.5,251226,4181.81,4250.22,251226
1758578400000,112969.99,114930.2,251226,4198.18,4268.79,251226
1758582000000,112643.25,114610.4,251226,4190.74,4260.47,251226
1758585600000,112650.99,114624.0,251226,4199.08,4269.9,251226
1758589200000,112395.32,114359.7,251226,4191.39,4261.97,251226
1758592800000,112156.66,114113.7,251226,4163.71,4233.38,251226
1758596400000,111811.88,113788.0,251226,4144.21,4213.33,251226
1758600000000,112339.99,114261.9,251226,4188.01,4255.69,251226
1758603600000,112442.3,114383.1,251226,4177.02,4245.16,251226
1758607200000,112665.44,114645.7,251226,4183.34,4252.92,251226
1758610800000,112974.96,114966.7,251226,4205.56,4274.71,251226
1758614400000,113090.13,115074.4,251226,4205.24,4275.24,251226
1758618000000,113133.84,115082.1,251226,4208.87,4277.09,251226
1758621600000,112934.47,114880.9,251226,4192.55,4261.53,251226
1758625200000,112969.32,114927.1,251226,4193.06,4262.14,251226
1758628800000,112975.99,114875.9,251226,4192.08,4258.81,251226
1758632400000,112941.02,114911.5,251226,4195.79,4262.36,251226
1758636000000,112952.31,114917.7,251226,4187.62,4254.79,251226
1758639600000,112652.91,114622.5,251226,4174.55,4242.47,251226
1758643200000,112882.19,114851.6,251226,4181.01,4249.52,251226
1758646800000,112823.63,114842.3,251226,4192.52,4262.18,251226
1758650400000,111957.76,113949.3,251226,4149.0,4216.95,251226
1758654000000,111780.1,113711.9,251226,4157.16,4225.3,251226
1758657600000,111655.29,113613.5,251226,4153.43,4220.06,251226
1758661200000,111985.77,113928.4,251226,4175.6,4244.49,251226
1758664800000,112161.54,114160.0,251226,4183.66,4252.07,251226
1758668400000,112159.23,114183.3,251226,4181.93,4251.09,251226
1758672000000,111998.8,113949.7,251226,4164.26,4232.25,251226
1758675600000,112230.72,114180.9,251226,4174.45,4240.51,251226
1758679200000,112451.26,114397.7,251226,4189.71,4257.89,251226
1758682800000,112111.62,114208.5,251226,4169.68,4236.61,251226
1758686400000,111683.09,113620.7,251226,4147.51,4213.94,251226
1758690000000,112161.93,114165.2,251226,4141.21,4206.62,251226
1758693600000,112636.84,114603.1,251226,4172.49,4238.04,251226
1758697200000,112596.69,114577.0,251226,4181.21,4248.6,251226
1758700800000,112583.54,114508.7,251226,4175.08,4239.18,251226
1758704400000,112622.8,114570.7,251226,4175.2,4242.34,251226
1758708000000,112735.06,114686.8,251226,4183.0,4251.33,251226
1758711600000,112941.98,114871.7,251226,4178.43,4243.84,251226
1758715200000,113029.46,114962.0,251226,4182.08,4248.34,251226
1758718800000,113070.69,114999.6,251226,4180.18,4246.68,251226
1758722400000,112823.62,114757.3,251226,4150.29,4216.31,251226
1758726000000,113720.64,115652.4,251226,4193.59,4257.99,251226
1758729600000,113346.41,115215.3,251226,4166.18,4230.54,251226
1758733200000,113732.01,115681.9,251226,4173.57,4239.72,251226
1758736800000,113761.3,115682.4,251226,4183.86,4250.21,251226
1758740400000,113639.8,115519.0,251226,4173.09,4238.63,251226
1758744000000,113420.01,115294.5,251226,4161.5,4227.76,251226
1758747600000,113501.52,115418.2,251226,4165.69,4231.75,251226
1758751200000,113339.63,115212.7,251226,4145.54,4211.08,251226
1758754800000,113336.33,115227.3,251226,4154.62,4220.36,251226
1758758400000,113307.0,115169.4,251226,4152.81,4218.05,251226
1758762000000,113062.35,114926.7,251226,4129.23,4193.85,251226
1758765600000,112661.24,114559.7,251226,4102.17,4165.66,251226
1758769200000,112907.38,114806.8,251226,4102.22,4166.51,251226
1758772800000,112546.21,114447.9,251226,4062.78,4124.12,251226
1758776400000,111735.66,113595.8,251226,4002.88,4060.01,251226
1758780000000,111749.91,113578.2,251226,4025.69,4082.15,251226
1758783600000,111533.26,113355.6,251226,3997.75,4055.65,251226
1758787200000,111766.72,113582.2,251226,4009.18,4066.68,251226
1758790800000,111727.21,113595.1,251226,4015.4,4074.77,251226
1758794400000,111571.58,113457.7,251226,4025.17,4083.54,251226
1758798000000,111648.19,113537.8,251226,4013.75,4072.2,251226
1758801600000,111348.0,113218.0,251226,4002.51,4060.71,251226
1758805200000,111111.0,113000.0,251226,3978.51,4037.11,251226
1758808800000,111000.0,112844.2,251226,3970.57,4028.42,251226
1758812400000,111540.0,113384.2,251226,4014.17,4073.05,251226
1758816000000,111580.77,113463.9,251226,4003.26,4059.15,251226
1758819600000,110957.29,112828.4,251226,3940.62,3998.73,251226
1758823200000,108833.63,110642.2,251226,3838.77,3895.51,251226
1758826800000,109760.2,111581.1,251226,3924.96,3983.43,251226
1758830400000,109360.0,111128.4,251226,3911.59,3969.96,251226
1758834000000,109163.44,110918.4,251226,3886.31,3945.8,251226
1758837600000,109420.0,111167.0,251226,3904.88,3962.14,251226
1758841200000,109419.97,111186.1,251226,3893.34,3949.88,251226
1758844800000,108994.49,110747.6,251226,3874.36,3932.0,251226
1758848400000,109472.13,111255.4,251226,3931.52,3988.69,251226
1758852000000,109680.4,111465.1,251226,3948.65,4007.8,251226
1758855600000,109621.7,111401.6,251226,3958.78,4014.2,251226
1758859200000,109580.01,111374.7,251226,3965.32,4023.99,251226
1758862800000,109338.01,111119.9,251226,3945.88,4002.63,251226
1758866400000,109252.79,111015.0,251226,3921.2,3980.11,251226
1758870000000,109360.0,111085.2,251226,3921.14,3976.61,251226
1758873600000,109320.02,111052.2,251226,3938.11,3999.8,251226
1758877200000,109567.2,111411.3,251226,3933.93,3994.79,251226
1758880800000,109568.72,111396.3,251226,3915.12,3975.73,251226
1758884400000,108895.0,110728.7,251226,3888.44,3948.14,251226
1758888000000,109133.5,110967.4,251226,3906.0,3967.51,251226
1758891600000,109372.68,111266.6,251226,3937.23,4003.75,251226
1758895200000,109669.73,111617.4,251226,3971.14,4034.4,251226
1758898800000,108836.0,110490.6,251226,3930.92,3986.0,251226
1758902400000,109027.78,110678.4,251226,3946.0,4003.85,251226
1758906000000,109460.01,111129.9,251226,3990.81,4049.36,251226
1758909600000,109899.99,111535.7,251226,4044.71,4105.19,251226
1758913200000,109727.99,111403.1,251226,4044.11,4103.83,251226
1758916800000,109172.2,110959.7,251226,4024.07,4084.86,251226
1758920400000,109288.44,111065.3,251226,4009.83,4074.26,251226
1758924000000,109469.07,111289.9,251226,4023.34,4084.04,251226
1758927600000,109558.25,111313.8,251226,4026.24,4088.06,251226
1758931200000,109643.46,111447.1,251226,4032.24,4094.61,251226
1758934800000,109649.29,111381.7,251226,4027.19,4091.03,251226
1758938400000,109431.92,111214.4,251226,4018.29,4080.8,251226
1758942000000,109408.18,111193.5,251226,4012.74,4074.61,251226
1758945600000,109553.77,111347.4,251226,4019.41,4081.32,251226
1758949200000,109654.99,111461.0,251226,4022.01,4082.2,251226
1758952800000,109635.72,111432.1,251226,4019.96,4080.94,251226
1758956400000,109541.36,111327.3,251226,4019.0,4080.55,251226
1758960000000,109411.2,111217.8,251226,4007.93,4069.63,251226
1758963600000,109252.01,111054.3,251226,3985.87,4047.65,251226
1758967200000,109292.73,111102.9,251226,3995.24,4057.74,251226
1758970800000,109431.7,111256.2,251226,4008.99,4071.83,251226
1758974400000,109310.21,111100.0,251226,4002.16,4065.03,251226
1758978000000,109400.05,111203.2,251226,4028.92,4095.03,251226
1758981600000,109306.61,111104.8,251226,4019.92,4082.46,251226
1758985200000,109287.89,111063.4,251226,4014.93,4077.08,251226
1758988800000,109402.24,111162.9,251226,4018.92,4082.56,251226
1758992400000,109389.04,111167.3,251226,4007.43,4070.09,251226
1758996000000,109382.47,111195.0,251226,4001.68,4064.14,251226
1758999600000,109434.96,111188.9,251226,3996.08,4058.55,251226
1759003200000,109424.2,111180.8,251226,4002.45,4066.02,251226
1759006800000,109390.0,111150.8,251226,4006.55,4068.67,251226
1759010400000,109474.99,111214.9,251226,4014.73,4077.0,251226
1759014000000,109605.62,111366.2,251226,4022.71,4085.77,251226
1759017600000,109635.85,111399.3,251226,4018.38,4081.65,251226
1759021200000,109607.81,111338.7,251226,4016.43,4079.03,251226
1759024800000,109353.67,111098.7,251226,3996.92,4058.64,251226
1759028400000,109447.55,111173.9,251226,4001.22,4062.3,251226
1759032000000,109436.0,111184.8,251226,4002.74,4064.06,251226
1759035600000,109365.9,111096.4,251226,4005.05,4066.94,251226
1759039200000,109356.43,111090.5,251226,4010.78,4071.97,251226
1759042800000,109410.0,111160.1,251226,4006.09,4067.76,251226
1759046400000,109513.06,111288.7,251226,4014.32,4076.81,251226
1759050000000,109509.91,111266.5,251226,4002.02,4064.74,251226
1759053600000,109519.42,111267.5,251226,3995.91,4057.91,251226
1759057200000,109368.44,111124.5,251226,3996.38,4058.05,251226
1759060800000,109369.02,111207.7,251226,3992.39,4054.14,251226
1759064400000,109314.99,111085.8,251226,3978.11,4038.5,251226
1759068000000,109639.0,111395.6,251226,4013.21,4074.2,251226
1759071600000,109850.01,111618.4,251226,4024.64,4085.55,251226
1759075200000,110037.93,111797.8,251226,4021.69,4081.14,251226
1759078800000,110222.02,111970.5,251226,4033.48,4092.7,251226
1759082400000,110203.52,111940.4,251226,4040.23,4099.97,251226
1759086000000,110293.56,111996.2,251226,4042.24,4103.65,251226
1759089600000,110337.6,112064.7,251226,4039.45,4098.67,251226
1759093200000,110803.8,112578.6,251226,4051.41,4113.93,251226
1759096800000,110833.99,112553.3,251226,4049.95,4107.02,251226
1759100400000,111938.51,113703.7,251226,4132.29,4194.32,251226
1759104000000,112163.95,113939.4,251226,4142.16,4203.86,251226
1759107600000,112260.57,114004.9,251226,4127.33,4188.18,251226
1759111200000,111855.3,113509.6,251226,4114.8,4175.0,251226
1759114800000,111750.02,113516.9,251226,4111.68,4173.73,251226
1759118400000,111857.51,113604.4,251226,4121.8,4181.2,251226
1759122000000,111812.0,113576.5,251226,4119.26,4181.98,251226
1759125600000,111753.34,113515.5,251226,4114.13,4175.64,251226
1759129200000,111632.83,113416.8,251226,4097.53,4158.76,251226
1759132800000,111865.95,113629.7,251226,4108.25,4172.9,251226
1759136400000,112099.75,113899.7,251226,4122.3,4184.77,251226
1759140000000,112110.9,113894.6,251226,4134.97,4196.36,251226
1759143600000,112090.18,113885.0,251226,4116.34,4175.8,251226
1759147200000,112100.0,113929.1,251226,4103.21,4165.98,251226
1759150800000,112022.16,113822.6,251226,4098.03,4158.29,251226
1759154400000,113227.29,115053.2,251226,4169.13,4231.7,251226
1759158000000,114033.53,115883.6,251226,4188.8,4251.32,251226
1759161600000,113815.57,115754.8,251226,4164.8,4227.69,251226
1759165200000,113626.15,115568.6,251226,4142.6,4205.68,251226
1759168800000,114043.91,116014.7,251226,4155.53,4222.46,251226
1759172400000,114008.79,115946.0,251226,4162.29,4227.05,251226
1759176000000,114265.55,116230.1,251226,4188.32,4254.02,251226
1759179600000,114258.29,116252.4,251226,4226.09,4292.0,251226
1759183200000,114176.73,116197.5,251226,4224.0,4290.41,251226
1759186800000,114189.81,116166.9,251226,4226.06,4291.71,251226
1759190400000,114311.96,116316.7,251226,4215.07,4279.3,251226
1759194000000,114525.97,116417.0,251226,4206.03,4269.45,251226
1759197600000,114500.31,116447.3,251226,4203.24,4268.38,251226
1759201200000,114455.96,116398.6,251226,4198.73,4262.7,251226
1759204800000,114376.39,116306.8,251226,4198.68,4263.84,251226
1759208400000,114091.63,115995.7,251226,4188.63,4253.09,251226
1759212000000,113904.0,115787.4,251226,4184.15,4250.59,251226
1759215600000,113891.64,115776.8,251226,4189.73,4252.57,251226
1759219200000,113699.23,115614.0,251226,4182.13,4244.67,251226
1759222800000,113451.89,115421.8,251226,4169.12,4235.35,251226
1759226400000,112781.97,114746.2,251226,4140.78,4203.0,251226
1759230000000,112923.49,114939.6,251226,4158.1,4222.91,251226
1759233600000,113055.01,115026.9,251226,4165.39,4231.16,251226
1759237200000,113002.06,114958.3,251226,4158.42,4222.67,251226
1759240800000,113404.53,115362.3,251226,4154.39,4217.19,251226
1759244400000,113595.05,115557.6,251226,4149.28,4214.68,251226
1759248000000,113106.16,115046.5,251226,4119.87,4182.58,251226
1759251600000,112841.24,114833.4,251226,4099.11,4164.27,251226
1759255200000,113246.11,115190.4,251226,4100.73,4165.25,251226
1759258800000,113714.56,115638.9,251226,4116.53,4181.65,251226
1759262400000,114359.99,116292.4,251226,4160.1,4228.0,251226
1759266000000,114626.36,116544.5,251226,4195.36,4259.6,251226
1759269600000,114161.0,116065.8,251226,4152.74,4218.96,251226
1759273200000,113940.39,115883.9,251226,4140.43,4204.38,251226
1759276800000,114048.93,115977.5,251226,4145.15,4210.84,251226
1759280400000,114239.53,116133.0,251226,4148.45,4211.3,251226
1759284000000,114549.99,116483.6,251226,4171.33,4235.35,251226
1759287600000,114272.15,116198.6,251226,4152.96,4217.81,251226
1759291200000,114176.92,116141.9,251226,4128.66,4192.52,251226
1759294800000,114289.01,116165.6,251226,4140.38,4204.17,251226
1759298400000,114569.84,116433.6,251226,4143.86,4209.16,251226
1759302000000,114256.81,116209.7,251226,4126.26,4191.66,251226
1759305600000,114539.02,116487.4,251226,4145.8,4210.88,251226
1759309200000,116111.28,118056.2,251226,4291.23,4357.56,251226
1759312800000,116412.1,118364.2,251226,4310.89,4376.89,251226
1759316400000,116281.64,118233.9,251226,4282.62,4350.33,251226
1759320000000,116789.58,118750.0,251226,4298.2,4365.1,251226
1759323600000,116402.65,118362.6,251226,4284.39,4352.04,251226
1759327200000,116806.96,118767.1,251226,4295.26,4363.86,251226
1759330800000,117292.74,119232.5,251226,4323.95,4391.97,251226
1759334400000,117423.73,119320.0,251226,4327.23,4395.32,251226
1759338000000,117535.79,119466.3,251226,4324.57,4394.17,251226
1759341600000,116768.07,118720.5,251226,4293.11,4362.04,251226
1759345200000,117234.01,119201.6,251226,4308.35,4377.0,251226
1759348800000,117439.53,119363.2,251226,4334.53,4402.6,251226
1759352400000,117536.12,119454.6,251226,4334.63,4403.55,251226
1759356000000,117554.96,119463.1,251226,4304.79,4375.05,251226
1759359600000,117745.39,119723.4,251226,4312.96,4380.5,251226
1759363200000,118594.99,120593.0,251226,4348.03,4418.81,251226
1759366800000,118428.46,120410.5,251226,4335.15,4403.14,251226
1759370400000,118617.37,120646.3,251226,4393.31,4463.01,251226
1759374000000,118753.73,120751.9,251226,4386.25,4456.84,251226
1759377600000,118733.99,120717.0,251226,4376.3,4446.52,251226
1759381200000,118662.04,120632.1,251226,4371.99,4446.63,251226
1759384800000,118377.34,120338.9,251226,4384.02,4455.65,251226
1759388400000,118649.06,120628.4,251226,4403.5,4473.78,251226
1759392000000,118489.76,120480.6,251226,4375.78,4445.38,251226
1759395600000,118668.89,120637.5,251226,4387.63,4457.3,251226
1759399200000,118849.99,120824.0,251226,4391.59,4459.79,251226
1759402800000,118619.56,120569.1,251226,4379.82,4449.41,251226
1759406400000,118765.73,120720.2,251226,4378.93,4448.97,251226
1759410000000,119402.42,121376.9,251226,4406.02,4476.99,251226
1759413600000,119621.2,121599.9,251226,4417.46,4484.62,251226
1759417200000,118814.09,120903.2,251226,4374.42,4448.58,251226
1759420800000,119910.78,122039.9,251226,4437.09,4514.5,251226
1759424400000,119731.4,121818.8,251226,4448.4,4526.2,251226
1759428000000,119917.52,122015.0,251226,4466.31,4545.4,251226
1759431600000,120506.61,122631.0,251226,4487.3,4565.23,251226
1759435200000,120836.49,122935.5,251226,4495.61,4575.12,251226
1759438800000,120652.01,122768.4,251226,4491.46,4567.96,251226
1759442400000,120150.1,122232.2,251226,4468.71,4549.36,251226
1759446000000,120257.49,122358.2,251226,4464.13,4540.17,251226
1759449600000,120529.35,122659.4,251226,4484.35,4562.61,251226
1759453200000,120132.8,122241.0,251226,4468.41,4545.46,251226
1759456800000,119875.72,121986.9,251226,4471.92,4549.28,251226
1759460400000,120157.82,122272.8,251226,4510.19,4587.61,251226
1759464000000,120225.89,122352.7,251226,4500.59,4577.77,251226
1759467600000,120039.98,122147.1,251226,4496.98,4574.72,251226
1759471200000,119920.4,122076.7,251226,4476.32,4554.92,251226
1759474800000,119916.93,122020.6,251226,4472.09,4550.81,251226
1759478400000,119640.21,121822.6,251226,4462.33,4540.43,251226
1759482000000,120038.6,122141.6,251226,4466.23,4543.65,251226
1759485600000,120300.0,122381.2,251226,4473.26,4550.34,251226
1759489200000,120425.95,122543.9,251226,4489.56,4566.47,251226
1759492800000,120334.5,122391.1,251226,4478.45,4553.72,251226
1759496400000,120358.07,122446.4,251226,4482.41,4560.19,251226
1759500000000,120374.73,122463.6,251226,4470.97,4547.49,251226
1759503600000,120917.85,122925.4,251226,4482.84,4557.35,251226
1759507200000,122258.05,124391.0,251226,4534.75,4616.68,251226
1759510800000,122553.3,124651.2,251226,4525.42,4600.0,251226
1759514400000,122073.25,124172.7,251226,4471.66,4545.94,251226
1759518000000,122538.46,124692.9,251226,4512.57,4588.61,251226
1759521600000,122660.99,124780.6,251226,4519.48,4595.68,251226
1759525200000,122447.94,124600.0,251226,4534.94,4607.67,251226
1759528800000,122306.57,124480.0,251226,4523.1,4597.9,251226
1759532400000,122477.0,124558.6,251226,4528.4,4604.29,251226
1759536000000,122232.0,124311.0,251226,4512.87,4586.57,251226
1759539600000,122100.0,124157.1,251226,4501.46,4576.5,251226
1759543200000,121865.21,124000.7,251226,4479.67,4553.62,251226
1759546800000,121854.53,124005.2,251226,4484.77,4559.26,251226
1759550400000,122243.99,124408.0,251226,4487.06,4563.01,251226
1759554000000,122495.0,124651.9,251226,4494.45,4567.95,251226
1759557600000,122522.7,124640.2,251226,4504.05,4577.4,251226
1759561200000,122430.27,124576.0,251226,4506.77,4580.44,251226
1759564800000,122324.08,124465.2,251226,4498.29,4573.09,251226
1759568400000,122267.57,124439.1,251226,4489.22,4561.85,251226
1759572000000,122208.78,124330.0,251226,4489.69,4564.74,251226
1759575600000,122129.53,124263.3,251226,4487.55,4559.57,251226
1759579200000,121973.26,124167.2,251226,4483.83,4556.46,251226
1759582800000,122005.62,124153.6,251226,4479.74,4553.64,251226
1759586400000,122385.42,124520.1,251226,4499.53,4570.98,251226
1759590000000,122000.01,124123.0,251226,4470.58,4543.82,251226
1759593600000,121791.31,123920.1,251226,4455.05,4526.25,251226
1759597200000,121719.99,123854.0,251226,4466.58,4539.62,251226
1759600800000,121747.37,123879.7,251226,4463.69,4537.01,251226
1759604400000,121574.66,123700.2,251226,4454.93,4524.77,251226
1759608000000,121959.25,124080.3,251226,4467.12,4539.67,251226
1759611600000,121892.89,124028.3,251226,4475.16,4546.32,251226
1759615200000,122190.67,124323.4,251226,4484.5,4558.42,251226
1759618800000,122287.19,124397.1,251226,4489.6,4563.65,251226
1759622400000,122391.0,124494.7,251226,4487.15,4561.84,251226
1759626000000,122157.7,124241.1,251226,4470.93,4542.84,251226
1759629600000,122377.72,124490.0,251226,4487.51,4560.56,251226
1759633200000,124031.44,126271.6,251226,4548.9,4624.0,251226
1759636800000,123776.22,126113.6,251226,4531.54,4606.23,251226
1759640400000,125172.81,127488.4,251226,4574.62,4645.26,251226
1759644000000,125127.99,127477.3,251226,4569.23,4643.02,251226
1759647600000,125000.01,127270.9,251226,4559.66,4634.24,251226
1759651200000,124713.63,127000.7,251226,4605.97,4679.07,251226
1759654800000,124595.99,126900.3,251226,4587.54,4663.44,251226
1759658400000,123020.5,125303.6,251226,4549.22,4624.18,251226
1759662000000,123028.01,125309.7,251226,4542.57,4621.81,251226
1759665600000,123464.64,125751.6,251226,4551.06,4627.66,251226
1759669200000,123085.88,125465.3,251226,4531.65,4608.77,251226
1759672800000,123161.39,125411.6,251226,4538.93,4614.75,251226
1759676400000,123034.67,125315.9,251226,4535.7,4612.85,251226
1759680000000,122803.17,125061.5,251226,4532.0,4610.46,251226
1759683600000,123265.54,125494.2,251226,4528.51,4605.44,251226
1759687200000,123057.05,125302.8,251226,4511.48,4587.73,251226
1759690800000,122999.44,125282.7,251226,4518.56,4595.58,251226
1759694400000,122591.79,124805.4,251226,4487.26,4557.3,251226
1759698000000,122705.32,124972.9,251226,4498.57,4574.59,251226
1759701600000,122729.99,124981.2,251226,4505.42,4579.17,251226
1759705200000,123237.4,125456.4,251226,4513.29,4585.36,251226
1759708800000,123482.31,125681.7,251226,4514.32,4587.58,251226
1759712400000,123347.29,125532.3,251226,4499.29,4571.22,251226
1759716000000,124035.32,126229.7,251226,4527.87,4601.25,251226
1759719600000,124110.61,126296.4,251226,4538.32,4610.37,251226
1759723200000,123839.09,126024.2,251226,4537.08,4611.47,251226
1759726800000,123580.26,125743.9,251226,4524.66,4596.95,251226
1759730400000,123586.0,125741.5,251226,4527.83,4599.79,251226
1759734000000,123947.9,126142.5,251226,4560.26,4633.18,251226
1759737600000,123390.47,125595.7,251226,4533.19,4604.52,251226
1759741200000,123846.55,126044.8,251226,4561.61,4634.17,251226
1759744800000,123955.3,126145.3,251226,4573.0,4646.5,251226
1759748400000,123978.0,126176.3,251226,4573.2,4645.8,251226
1759752000000,124215.0,126403.2,251226,4571.71,4645.29,251226
1759755600000,124556.64,126744.9,251226,4581.29,4655.11,251226
1759759200000,125031.33,127277.4,251226,4637.87,4712.76,251226
1759762800000,124530.0,126729.7,251226,4638.51,4713.75,251226
1759766400000,125000.0,127212.3,251226,4673.39,4748.12,251226
1759770000000,125455.24,127700.0,251226,4678.18,4756.8,251226
1759773600000,125284.0,127538.1,251226,4696.0,4771.82,251226
1759777200000,126011.18,128298.3,251226,4711.96,4795.09,251226
1759780800000,125410.81,127683.4,251226,4722.62,4798.75,251226
1759784400000,125211.02,127474.4,251226,4689.12,4765.9,251226
1759788000000,125097.85,127332.6,251226,4693.64,4769.15,251226
1759791600000,125039.13,127269.6,251226,4698.57,4773.42,251226
1759795200000,124658.54,126860.0,251226,4684.01,4759.5,251226
1759798800000,124900.93,127128.7,251226,4680.03,4756.2,251226
1759802400000,124699.99,126914.6,251226,4675.25,4751.42,251226
1759806000000,124259.9,126500.0,251226,4686.41,4762.92,251226
1759809600000,124329.74,126527.3,251226,4690.59,4765.87,251226
1759813200000,124500.0,126724.3,251226,4713.6,4790.44,251226
1759816800000,124414.17,126614.6,251226,4711.64,4788.99,251226
1759820400000,123890.84,126116.0,251226,4669.39,4744.15,251226
1759824000000,123667.99,125873.6,251226,4678.19,4753.89,251226
1759827600000,123861.75,126044.1,251226,4670.36,4744.01,251226
1759831200000,124117.48,126346.9,251226,4680.14,4755.99,251226
1759834800000,124282.19,126461.1,251226,4692.38,4766.94,251226
1759838400000,124453.38,126658.1,251226,4708.81,4784.87,251226
1759842000000,124917.99,127151.4,251226,4747.46,4824.88,251226
1759845600000,123891.68,126150.7,251226,4704.63,4782.61,251226
1759849200000,122725.36,124943.0,251226,4592.84,4667.85,251226
1759852800000,121846.01,124095.8,251226,4511.99,4585.05,251226
1759856400000,121684.17,123857.2,251226,4499.3,4572.84,251226
1759860000000,121130.02,123307.0,251226,4475.31,4547.04,251226
1759863600000,120895.37,123049.2,251226,4464.91,4537.34,251226
1759867200000,121637.17,123736.5,251226,4479.44,4551.65,251226
1759870800000,121943.61,124100.0,251226,4509.3,4581.77,251226
1759874400000,122016.0,124171.1,251226,4493.46,4565.54,251226
1759878000000,122011.17,124167.2,251226,4498.19,4570.34,251226
1759881600000,121332.95,123498.3,251226,4447.7,4517.83,251226
1759885200000,121914.09,123982.6,251226,4471.6,4541.1,251226
1759888800000,121950.01,124021.6,251226,4483.02,4555.64,251226
1759892400000,122048.28,124118.5,251226,4480.83,4549.32,251226
1759896000000,121374.75,123418.6,251226,4443.6,4511.35,251226
1759899600000,121900.0,123958.5,251226,4461.63,4529.35,251226
1759903200000,121374.01,123373.4,251226,4437.49,4505.55,251226
1759906800000,121784.29,123833.1,251226,4455.6,4523.78,251226
1759910400000,121597.06,123635.1,251226,4463.48,4530.74,251226
1759914000000,122381.85,124392.1,251226,4475.51,4543.2,251226
1759917600000,122516.98,124525.2,251226,4484.39,4553.42,251226
1759921200000,122934.6,124958.7,251226,4500.08,4568.73,251226
1759924800000,122884.14,124908.9,251226,4487.3,4555.87,251226
1759928400000,122631.52,124649.9,251226,4477.85,4546.07,251226
1759932000000,122599.04,124678.2,251226,4476.29,4545.71,251226
1759935600000,122320.0,124250.3,251226,4450.09,4514.53,251226
1759939200000,122189.72,124219.5,251226,4447.14,4511.33,251226
1759942800000,123051.03,125070.8,251226,4496.35,4562.82,251226
1759946400000,124033.19,126053.1,251226,4538.46,4604.55,251226
1759950000000,123460.22,125519.1,251226,4523.48,4590.29,251226
1759953600000,123450.0,125475.9,251226,4515.27,4581.14,251226
1759957200000,122856.69,124873.8,251226,4503.66,4570.65,251226
1759960800000,123277.33,125221.2,251226,4525.59,4591.21,251226
1759964400000,123200.82,125251.5,251226,4521.32,4591.18,251226
1759968000000,123306.0,125318.9,251226,4525.72,4594.33,251226
1759971600000,122839.15,124884.9,251226,4511.29,4577.85,251226
1759975200000,122548.23,124563.0,251226,4478.99,4546.16,251226
1759978800000,121617.81,123630.0,251226,4412.82,4480.5,251226
1759982400000,122038.01,124054.4,251226,4450.8,4516.8,251226
1759986000000,122144.7,124154.2,251226,4455.04,4519.63,251226
1759989600000,122100.92,124142.2,251226,4454.69,4519.56,251226
1759993200000,121957.32,123901.2,251226,4429.55,4491.63,251226
1759996800000,121906.1,123891.5,251226,4426.6,4489.41,251226
1760000400000,121261.62,123235.5,251226,4328.0,4389.54,251226
1760004000000,121813.04,123793.4,251226,4334.82,4396.74,251226
1760007600000,122170.27,124130.3,251226,4354.7,4419.63,251226
1760011200000,122737.57,124722.7,251226,4373.05,4438.32,251226
1760014800000,123563.38,125569.4,251226,4404.37,4469.62,251226
1760018400000,122415.74,124348.6,251226,4350.81,4413.58,251226
1760022000000,121315.0,123278.7,251226,4344.88,4404.33,251226
1760025600000,121147.14,123094.6,251226,4314.79,4373.27,251226
1760029200000,119819.77,121693.0,251226,4277.34,4333.89,251226
1760032800000,120974.0,122905.6,251226,4334.4,4394.08,251226
1760036400000,120649.32,122592.0,251226,4308.24,4365.75,251226
1760040000000,120951.72,122845.0,251226,4338.0,4395.0,251226
1760043600000,121109.09,122996.9,251226,4337.46,4395.13,251226
1760047200000,121461.02,123378.8,251226,4357.85,4416.79,251226
1760050800000,121686.19,123593.4,251226,4377.83,4437.14,251226
1760054400000,121662.4,123527.4,251226,4368.09,4425.33,251226
1760058000000,121745.27,123618.2,251226,4380.7,4440.56,251226
1760061600000,121623.97,123542.1,251226,4373.38,4432.85,251226
1760065200000,121059.73,122952.0,251226,4359.19,4417.04,251226
1760068800000,121026.01,122924.7,251226,4347.13,4406.62,251226
1760072400000,121234.51,123190.4,251226,4344.49,4401.1,251226
1760076000000,121583.89,123497.2,251226,4368.34,4427.14,251226
1760079600000,121378.18,123301.9,251226,4328.0,4385.76,251226
1760083200000,120932.05,122816.5,251226,4323.39,4381.54,251226
1760086800000,121631.54,123484.5,251226,4346.12,4405.17,251226
1760090400000,121314.73,123173.2,251226,4322.12,4376.76,251226
1760094000000,121496.33,123345.1,251226,4342.89,4400.42,251226
1760097600000,121554.55,123412.2,251226,4343.02,4399.74,251226
1760101200000,121597.21,123451.3,251226,4348.54,4405.06,251226
1760104800000,121684.2,123504.0,251226,4356.1,4415.57,251226
1760108400000,120493.17,122384.1,251226,4280.35,4337.23,251226
1760112000000,119018.98,120920.3,251226,4103.11,4161.27,251226
1760115600000,118205.61,120108.3,251226,4108.99,4167.08,251226
1760119200000,117623.8,119535.2,251226,4093.97,4152.55,251226
1760122800000,117237.7,119096.7,251226,4053.84,4111.19,251226
1760126400000,116661.5,118314.0,251226,3997.56,4050.72,251226
1760130000000,114266.82,116030.4,251226,3871.3,3913.45,251226
1760133600000,113451.86,115329.5,251226,3949.99,3995.6,251226
1760137200000,113700.0,114957.5,251226,3855.09,3900.23,251226
1760140800000,112774.5,114400.2,251226,3829.72,3877.44,251226
1760144400000,112514.58,114178.4,251226,3838.48,3886.02,251226
1760148000000,111095.37,112702.5,251226,3733.35,3779.63,251226
1760151600000,113196.48,114763.3,251226,3841.17,3889.79,251226
1760155200000,112300.01,113998.1,251226,3792.26,3838.07,251226
1760158800000,112945.79,114525.3,251226,3820.54,3866.16,251226
1760162400000,112389.48,114077.9,251226,3789.47,3835.25,251226
1760166000000,112045.99,113776.0,251226,3781.78,3829.11,251226
1760169600000,110384.61,112020.3,251226,3758.81,3806.54,251226
1760173200000,111328.38,112955.0,251226,3815.36,3862.65,251226
1760176800000,111642.78,113290.0,251226,3829.37,3877.52,251226
1760180400000,112114.64,113737.8,251226,3833.89,3881.92,251226
1760184000000,112280.0,113902.9,251226,3839.99,3889.57,251226
1760187600000,112380.14,114010.0,251226,3823.52,3872.23,251226
1760191200000,112267.86,113894.5,251226,3832.39,3881.37,251226
1760194800000,111991.97,113624.3,251226,3814.2,3860.55,251226
1760198400000,111793.2,113400.1,251226,3825.13,3872.69,251226
1760202000000,111846.18,113435.7,251226,3820.07,3866.94,251226
1760205600000,112005.57,113685.7,251226,3825.14,3873.61,251226
1760209200000,111955.27,113622.3,251226,3815.48,3863.34,251226
1760212800000,111178.31,112832.0,251226,3760.61,3807.38,251226
1760216400000,110244.98,111973.3,251226,3695.15,3740.62,251226
1760220000000,110893.54,112560.6,251226,3735.75,3782.52,251226
1760223600000,111043.27,112667.6,251226,3742.94,3790.85,251226
1760227200000,110644.4,112297.2,251226,3746.79,3793.59,251226
1760230800000,109641.54,111227.0,251226,3701.01,3747.41,251226
1760234400000,109978.56,111633.2,251226,3719.24,3766.76,251226
1760238000000,110119.02,111818.2,251226,3734.06,3781.86,251226
1760241600000,110676.0,112398.6,251226,3781.61,3830.93,251226
1760245200000,111524.87,113248.0,251226,3801.9,3852.56,251226
1760248800000,111700.38,113446.0,251226,3806.33,3856.05,251226
1760252400000,111686.01,113419.5,251226,3832.84,3883.09,251226
1760256000000,111525.2,113252.5,251226,3827.99,3878.33,251226
1760259600000,111310.9,112971.5,251226,3823.17,3872.45,251226
1760263200000,111837.04,113513.3,251226,3843.8,3893.0,251226
1760266800000,111651.64,113291.3,251226,3820.0,3869.22,251226
1760270400000,111848.36,113477.5,251226,3820.36,3868.96,251226
1760274000000,111789.6,113404.1,251226,3832.1,3880.9,251226
1760277600000,111297.52,112897.7,251226,3810.13,3859.83,251226
1760281200000,112338.1,113939.4,251226,3975.19,4030.49,251226
1760284800000,113198.2,114955.1,251226,4034.59,4091.32,251226
1760288400000,114069.35,115813.6,251226,4106.27,4161.5,251226
1760292000000,113799.99,115591.2,251226,4127.85,4181.37,251226
1760295600000,113878.93,115612.1,251226,4109.5,4159.95,251226
1760299200000,114342.28,116075.0,251226,4135.68,4184.89,251226
1760302800000,114927.97,116633.3,251226,4136.24,4187.23,251226
1760306400000,114882.06,116650.0,251226,4135.53,4186.66,251226
1760310000000,115221.4,116877.5,251226,4134.57,4185.95,251226
1760313600000,114958.8,116679.8,251226,4152.29,4203.92,251226
1760317200000,115280.84,116922.8,251226,4139.8,4189.72,251226
1760320800000,115713.32,117350.0,251226,4198.77,4251.6,251226
1760324400000,115319.97,116973.1,251226,4158.51,4210.34,251226
1760328000000,114821.12,116499.6,251226,4139.78,4190.73,251226
1760331600000,114708.15,116355.7,251226,4142.16,4193.18,251226
1760335200000,114611.82,116246.0,251226,4131.55,4183.1,251226
1760338800000,115221.22,116871.2,251226,4170.0,4222.48,251226
1760342400000,115399.67,117042.7,251226,4178.3,4230.49,251226
1760346000000,115254.23,116910.2,251226,4175.36,4227.67,251226
1760349600000,115127.04,116790.2,251226,4164.56,4216.83,251226
1760353200000,114810.62,116483.4,251226,4151.75,4203.3,251226
1760356800000,114180.0,115800.0,251226,4080.39,4130.24,251226
1760360400000,114412.26,115980.7,251226,4097.12,4147.13,251226
1760364000000,115345.79,116930.4,251226,4164.66,4216.5,251226
1760367600000,114036.63,115599.8,251226,4095.45,4145.13,251226
1760371200000,114312.1,115900.0,251226,4135.0,4186.15,251226
1760374800000,114669.24,116239.8,251226,4165.01,4214.6,251226
1760378400000,115040.55,116600.0,251226,4234.62,4287.42,251226
1760382000000,115160.63,116735.5,251226,4228.35,4277.85,251226
1760385600000,115792.84,117364.5,251226,4251.96,4302.73,251226
1760389200000,115713.37,117350.7,251226,4286.21,4337.8,251226
1760392800000,115700.0,117275.4,251226,4258.29,4310.57,251226
1760396400000,115507.19,117052.5,251226,4271.15,4324.87,251226
1760400000000,115166.0,116719.8,251226,4240.85,4292.72,251226
1760403600000,114959.03,116522.8,251226,4242.11,4293.61,251226
1760407200000,114274.57,115847.6,251226,4211.33,4262.2,251226
1760410800000,113647.05,115188.4,251226,4172.31,4221.74,251226
1760414400000,113500.0,115049.6,251226,4153.56,4202.58,251226
1760418000000,113062.09,114580.5,251226,4100.09,4151.55,251226
1760421600000,112493.11,114094.2,251226,4069.99,4120.45,251226
1760425200000,111987.38,113499.9,251226,4003.38,4052.73,251226
1760428800000,111724.41,113144.2,251226,3981.19,4030.38,251226
1760432400000,111803.33,113207.1,251226,3996.3,4046.08,251226
1760436000000,111287.89,112699.8,251226,3985.27,4036.6,251226
1760439600000,110623.58,111911.5,251226,3942.37,3989.0,251226
1760443200000,111313.98,112658.5,251226,3971.85,4019.45,251226
1760446800000,110803.28,112102.6,251226,3941.1,3989.3,251226
1760450400000,111014.38,112384.4,251226,3956.03,4001.99,251226
1760454000000,111435.21,112816.9,251226,3970.14,4014.7,251226
1760457600000,112900.43,114269.9,251226,4085.4,4134.57,251226
1760461200000,112328.83,113638.7,251226,4096.23,4146.0,251226
1760464800000,112774.97,114096.8,251226,4101.42,4150.34,251226
1760468400000,112861.36,114169.3,251226,4120.91,4170.0,251226
1760472000000,112613.7,113923.5,251226,4102.94,4151.12,251226
1760475600000,112992.87,114278.3,251226,4118.0,4168.18,251226
1760479200000,113128.7,114384.6,251226,4117.9,4166.26,251226
1760482800000,113211.87,114454.3,251226,4119.22,4166.46,251226
1760486400000,113028.14,114253.7,251226,4125.02,4173.4,251226
1760490000000,112993.86,114217.2,251226,4119.49,4169.08,251226
1760493600000,112738.17,113962.1,251226,4113.41,4162.66,251226
1760497200000,112809.94,114016.2,251226,4118.54,4166.0,251226
1760500800000,112024.29,113236.6,251226,4080.7,4131.35,251226
1760504400000,112344.81,113600.1,251226,4116.04,4163.7,251226
1760508000000,112431.95,113716.6,251226,4110.35,4159.7,251226
1760511600000,112460.47,113733.8,251226,4118.52,4168.02,251226
1760515200000,112584.5,113891.1,251226,4122.04,4172.84,251226
1760518800000,112944.85,114243.6,251226,4181.79,4231.21,251226
1760522400000,112564.01,113865.1,251226,4155.87,4205.59,251226
1760526000000,112266.71,113566.2,251226,4118.66,4166.87,251226
1760529600000,111905.73,113229.0,251226,4099.9,4148.42,251226
1760533200000,111711.25,113024.2,251226,4094.8,4143.93,251226
1760536800000,111389.0,112767.4,251226,4055.23,4101.84,251226
1760540400000,111059.76,112402.6,251226,4009.87,4055.58,251226
1760544000000,110798.01,112103.7,251226,3980.97,4027.55,251226
1760547600000,110748.0,112022.7,251226,3976.07,4022.19,251226
1760551200000,111186.78,112464.3,251226,3993.0,4039.21,251226
1760554800000,111444.76,112720.1,251226,4007.81,4059.31,251226
1760558400000,111271.73,112552.5,251226,3983.21,4030.03,251226
1760562000000,111109.76,112435.9,251226,3961.52,4007.69,251226
1760565600000,110854.19,112099.5,251226,3954.17,3998.69,251226
1760569200000,110667.97,111934.6,251226,3961.65,4006.6,251226
1760572800000,110763.28,112036.5,251226,3985.61,4032.15,251226
1760576400000,110431.27,111678.3,251226,3981.89,4024.78,251226
1760580000000,111299.99,112547.2,251226,4010.22,4055.77,251226
1760583600000,111510.43,112804.8,251226,4031.33,4078.46,251226
1760587200000,111329.48,112599.2,251226,4014.85,4060.82,251226
1760590800000,110966.03,112248.4,251226,3999.01,4044.0,251226
1760594400000,110951.14,112199.4,251226,3996.5,4042.28,251226
1760598000000,111666.83,112923.0,251226,4042.08,4089.64,251226
1760601600000,110584.2,111839.1,251226,4004.3,4050.53,251226
1760605200000,110817.5,112055.3,251226,3994.77,4038.96,251226
1760608800000,111146.31,112407.5,251226,4030.13,4075.47,251226
1760612400000,111469.63,112773.5,251226,4049.09,4093.92,251226
1760616000000,111404.72,112672.3,251226,4061.85,4106.28,251226
1760619600000,111519.07,112786.4,251226,4054.63,4100.11,251226
1760623200000,110860.0,112157.8,251226,4021.3,4065.0,251226
1760626800000,110529.34,111779.6,251226,4015.52,4057.98,251226
1760630400000,108549.21,109771.4,251226,3907.18,3947.55,251226
1760634000000,109232.43,110454.3,251226,3964.41,4004.57,251226
1760637600000,108276.7,109510.9,251226,3921.37,3960.55,251226
1760641200000,108656.19,109909.7,251226,3904.89,3943.98,251226
1760644800000,108197.66,109434.1,251226,3867.01,3905.16,251226
1760648400000,107838.01,108979.7,251226,3850.99,3888.68,251226
1760652000000,108443.7,109639.2,251226,3883.82,3925.09,251226
1760655600000,107798.85,108997.9,251226,3865.45,3902.93,251226
1760659200000,108194.28,109414.0,251226,3894.51,3934.75,251226
1760662800000,108800.0,109976.8,251226,3927.99,3968.16,251226
1760666400000,108839.84,110025.5,251226,3920.21,3961.89,251226
1760670000000,108972.97,110221.7,251226,3922.3,3965.08,251226
1760673600000,109176.74,110504.3,251226,3933.25,3976.1,251226
1760677200000,108787.26,110089.6,251226,3912.83,3955.82,251226
1760680800000,108381.76,109696.2,251226,3895.66,3935.6,251226
1760684400000,106741.28,108001.0,251226,3819.71,3859.65,251226
1760688000000,105633.75,106757.2,251226,3756.49,3792.48,251226
1760691600000,104884.38,105990.4,251226,3708.8,3745.73,251226
1760695200000,104531.35,105629.0,251226,3724.36,3760.0,251226
1760698800000,104751.99,105753.1,251226,3725.36,3759.95,251226
1760702400000,105683.72,106735.4,251226,3778.54,3812.84,251226
1760706000000,105350.4,106408.8,251226,3775.44,3808.87,251226
1760709600000,105835.63,106926.9,251226,3789.57,3823.87,251226
1760713200000,105163.42,106263.0,251226,3750.31,3783.84,251226
1760716800000,106803.53,107942.5,251226,3797.75,3833.24,251226
1760720400000,106372.34,107511.1,251226,3787.94,3822.97,251226
1760724000000,106453.27,107499.4,251226,3817.61,3853.95,251226
1760727600000,106647.11,107754.7,251226,3835.69,3871.68,251226
1760731200000,106454.72,107530.9,251226,3827.76,3862.37,251226
1760734800000,107021.37,108087.6,251226,3858.95,3893.31,251226
1760738400000,107301.4,108396.3,251226,3876.73,3914.43,251226
1760742000000,107000.1,108100.3,251226,3854.43,3890.94,251226
1760745600000,106431.68,107542.0,251226,3831.57,3866.69,251226
1760749200000,106845.52,107960.4,251226,3840.25,3871.3,251226
1760752800000,107149.3,108295.2,251226,3868.36,3905.36,251226
1760756400000,106597.98,107702.5,251226,3851.24,3886.33,251226
1760760000000,107070.4,108227.3,251226,3870.57,3906.46,251226
1760763600000,106478.71,107586.7,251226,3844.44,3880.67,251226
1760767200000,106812.52,107942.9,251226,3867.35,3904.21,251226
1760770800000,106839.96,107992.3,251226,3872.67,3909.12,251226
1760774400000,106665.0,107914.3,251226,3892.43,3927.5,251226
1760778000000,106719.2,108038.6,251226,3876.68,3914.64,251226
1760781600000,106884.41,108117.8,251226,3878.14,3914.6,251226
1760785200000,106924.47,108146.4,251226,3876.36,3914.23,251226
1760788800000,107208.6,108437.3,251226,3881.99,3922.2,251226
1760792400000,107065.17,108296.4,251226,3883.18,3920.67,251226
1760796000000,106888.78,108110.1,251226,3865.61,3902.08,251226
1760799600000,107028.36,108219.0,251226,3873.77,3910.77,251226
1760803200000,106948.75,108124.8,251226,3877.89,3915.08,251226
1760806800000,106664.01,107846.7,251226,3865.53,3903.12,251226
1760810400000,106880.03,108116.9,251226,3893.43,3932.05,251226
1760814000000,106843.75,108039.6,251226,3888.12,3925.5,251226
1760817600000,107080.14,108231.3,251226,3893.64,3929.15,251226
1760821200000,107018.51,108175.0,251226,3885.71,3921.98,251226
1760824800000,107177.05,108409.0,251226,3891.92,3927.92,251226
1760828400000,107125.87,108323.0,251226,3886.14,3920.74,251226
1760832000000,107185.01,108421.4,251226,3889.21,3923.21,251226
1760835600000,106898.03,108091.0,251226,3869.17,3904.23,251226
1760839200000,106973.26,108159.5,251226,3874.0,3908.42,251226
1760842800000,106847.02,108061.9,251226,3872.95,3908.2,251226
1760846400000,107275.78,108474.7,251226,3906.29,3941.83,251226
1760850000000,107046.9,108237.4,251226,3903.27,3936.49,251226
1760853600000,106888.59,108116.7,251226,3897.21,3931.12,251226
1760857200000,106777.75,107992.8,251226,3881.48,3914.88,251226
1760860800000,106786.0,107994.0,251226,3888.01,3922.5,251226
1760864400000,106443.95,107688.6,251226,3863.3,3898.62,251226
1760868000000,107401.47,108531.3,251226,3912.81,3947.78,251226
1760871600000,107882.71,109011.4,251226,3930.92,3966.76,251226
1760875200000,107783.47,108946.6,251226,3923.82,3961.22,251226
1760878800000,107631.43,108795.8,251226,3923.13,3957.54,251226
1760882400000,108096.34,109300.0,251226,3972.23,4002.87,251226
1760886000000,108405.47,109619.1,251226,3989.31,4025.65,251226
1760889600000,108486.7,109699.7,251226,3978.65,4015.65,251226
1760893200000,108624.19,109827.2,251226,3981.01,4015.76,251226
1760896800000,109113.52,110317.8,251226,3993.66,4031.18,251226
1760900400000,109383.01,110618.9,251226,4001.51,4039.55,251226
1760904000000,108908.43,110158.9,251226,3985.75,4023.59,251226
1760907600000,108845.06,110150.3,251226,4001.13,4038.7,251226
1760911200000,108744.82,109958.0,251226,3997.5,4035.01,251226
1760914800000,109146.8,110385.3,251226,4020.76,4058.25,251226
1760918400000,108642.78,109849.9,251226,3982.58,4016.99,251226
1760922000000,108047.46,109257.7,251226,3941.76,3976.07,251226
1760925600000,108053.58,109268.5,251226,3938.21,3971.47,251226
1760929200000,108767.02,109875.8,251226,3956.54,3990.54,251226
1760932800000,110145.44,111403.6,251226,4026.9,4062.76,251226
1760936400000,110422.1,111690.7,251226,4054.4,4091.17,251226
1760940000000,111033.79,112282.5,251226,4061.11,4097.88,251226
1760943600000,111298.55,112562.0,251226,4075.0,4113.42,251226
1760947200000,111169.92,112465.7,251226,4055.03,4094.51,251226
1760950800000,111097.15,112374.6,251226,4045.42,4084.18,251226
1760954400000,110964.13,112251.1,251226,4044.89,4084.95,251226
1760958000000,110731.78,112081.8,251226,4026.21,4064.8,251226
1760961600000,111016.75,112316.0,251226,4035.02,4075.06,251226
1760965200000,110843.81,112143.2,251226,4037.64,4077.22,251226
1760968800000,111161.35,112458.1,251226,4038.74,4080.25,251226
1760972400000,111210.86,112454.2,251226,4038.69,4078.76,251226
1760976000000,111144.55,112382.3,251226,4003.98,4043.5,251226
1760979600000,110683.19,111945.0,251226,3949.4,3985.97,251226
1760983200000,110282.76,111506.6,251226,3951.03,3988.49,251226
1760986800000,110937.92,112151.6,251226,3974.01,4011.95,251226
1760990400000,110803.22,112001.1,251226,3981.36,4018.66,251226
1760994000000,111091.46,112206.6,251226,3998.45,4035.55,251226
1760997600000,110563.2,111706.3,251226,3976.86,4014.13,251226
1761001200000,110794.08,111971.6,251226,3988.89,4027.64,251226
1761004800000,110532.09,111701.5,251226,3979.22,4017.03,251226
1761008400000,110446.69,111660.4,251226,3972.14,4010.27,251226
1761012000000,109863.19,111042.1,251226,3947.81,3985.39,251226
1761015600000,109514.92,110671.1,251226,3931.39,3968.94,251226
1761019200000,109059.22,110205.1,251226,3922.66,3961.01,251226
1761022800000,107779.7,108963.5,251226,3851.0,3887.95,251226
1761026400000,107537.12,108678.9,251226,3863.78,3900.17,251226
1761030000000,107909.79,109050.2,251226,3887.23,3923.96,251226
1761033600000,108086.37,109196.0,251226,3892.95,3928.43,251226
1761037200000,107695.79,108826.4,251226,3867.99,3902.04,251226
1761040800000,107754.27,108821.4,251226,3864.41,3897.2,251226
1761044400000,108499.56,109644.7,251226,3883.75,3919.5,251226
1761048000000,108580.01,109719.3,251226,3890.07,3926.43,251226
1761051600000,108793.4,109916.1,251226,3880.9,3915.47,251226
1761055200000,108426.98,109579.3,251226,3866.03,3901.96,251226
1761058800000,112170.52,113398.6,251226,4021.24,4060.21,251226
1761062400000,113422.61,114652.8,251226,4081.66,4122.29,251226
1761066000000,112565.88,113805.1,251226,4029.19,4066.68,251226
1761069600000,111973.42,113244.9,251226,4014.63,4053.64,251226
1761073200000,111990.55,113237.2,251226,4013.94,4052.58,251226
1761076800000,111780.39,113007.5,251226,3995.69,4033.24,251226
1761080400000,110787.56,112050.0,251226,3954.2,3989.36,251226
1761084000000,110816.32,112032.5,251226,3945.62,3982.62,251226
1761087600000,109066.98,110127.7,251226,3901.28,3932.91,251226
1761091200000,108297.67,109360.0,251226,3873.05,3906.13,251226
1761094800000,107986.14,109079.3,251226,3842.24,3873.3,251226
1761098400000,108364.21,109375.6,251226,3869.74,3899.86,251226
1761102000000,108198.85,109274.0,251226,3862.0,3894.44,251226
1761105600000,108216.02,109269.0,251226,3859.57,3890.38,251226
1761109200000,108625.6,109667.1,251226,3879.13,3911.65,251226
1761112800000,108166.81,109246.1,251226,3860.48,3892.73,251226
1761116400000,107980.02,109054.1,251226,3853.36,3885.35,251226
1761120000000,108321.63,109316.8,251226,3868.72,3900.79,251226
1761123600000,108229.3,109284.9,251226,3854.25,3884.07,251226
1761127200000,107963.13,108974.2,251226,3836.84,3865.1,251226
1761130800000,107657.98,108706.5,251226,3820.7,3849.98,251226
1761134400000,107555.05,108583.6,251226,3829.0,3860.02,251226
1761138000000,108044.96,109065.1,251226,3846.64,3876.51,251226
1761141600000,108783.36,109875.8,251226,3872.97,3904.26,251226
1761145200000,108947.5,110027.0,251226,3853.57,3884.0,251226
1761148800000,108416.5,109501.5,251226,3841.76,3874.44,251226
1761152400000,108226.0,109312.2,251226,3836.25,3867.4,251226
1761156000000,107778.45,108854.3,251226,3807.95,3837.63,251226
1761159600000,108023.33,109069.5,251226,3802.61,3833.01,251226
1761163200000,107870.35,108960.1,251226,3804.0,3837.35,251226
1761166800000,107696.03,108731.7,251226,3780.84,3810.5,251226
1761170400000,107207.98,108221.8,251226,3744.69,3775.04,251226
1761174000000,107196.82,108229.0,251226,3752.36,3782.87,251226
1761177600000,107567.44,108674.0,251226,3805.53,3837.1,251226
1761181200000,107845.3,108892.0,251226,3815.27,3845.17,251226
1761184800000,108150.0,109230.7,251226,3821.05,3851.96,251226
1761188400000,108410.29,109507.3,251226,3825.65,3856.25,251226
1761192000000,108377.96,109477.3,251226,3826.79,3857.3,251226
1761195600000,108644.32,109739.7,251226,3835.92,3867.74,251226
1761199200000,108940.58,110055.8,251226,3847.3,3880.82,251226
1761202800000,110246.94,111424.8,251226,3891.41,3924.98,251226
1761206400000,109269.9,110435.7,251226,3881.01,3914.77,251226
1761210000000,109505.44,110603.4,251226,3887.2,3918.74,251226
1761213600000,109426.99,110664.0,251226,3890.78,3922.18,251226
1761217200000,109439.2,110608.5,251226,3877.57,3909.87,251226
1761220800000,109253.89,110430.2,251226,3863.06,3895.0,251226
1761224400000,109164.94,110319.6,251226,3853.21,3885.35,251226
1761228000000,109500.62,110623.1,251226,3851.38,3883.6,251226
1761231600000,109594.9,110745.0,251226,3847.69,3878.41,251226
1761235200000,109908.28,111042.2,251226,3876.94,3907.29,251226
1761238800000,110263.74,111419.4,251226,3918.26,3952.77,251226
1761242400000,111241.71,112362.1,251226,3921.88,3952.81,251226
1761246000000,110571.66,111708.1,251226,3870.14,3903.36,251226
1761249600000,110200.0,111322.9,251226,3859.4,3892.23,251226
1761253200000,109524.81,110612.7,251226,3829.2,3861.9,251226
1761256800000,109532.97,110612.3,251226,3828.91,3859.47,251226
1761260400000,109943.94,111008.9,251226,3850.96,3883.12,251226
1761264000000,110078.18,111102.3,251226,3856.8,3888.73,251226
1761267600000,110500.28,111550.6,251226,3868.0,3899.65,251226
1761271200000,110585.08,111651.6,251226,3881.72,3915.14,251226
1761274800000,110570.12,111650.3,251226,3889.62,3922.65,251226
1761278400000,110441.46,111522.6,251226,3891.0,3924.52,251226
1761282000000,111178.55,112284.8,251226,3974.36,4009.57,251226
1761285600000,111261.36,112346.6,251226,3974.2,4006.5,251226
1761289200000,111464.36,112577.7,251226,3982.44,4019.97,251226
1761292800000,111054.61,112168.1,251226,3949.22,3983.52,251226
1761296400000,111097.8,112180.8,251226,3952.86,3987.09,251226
1761300000000,111324.51,112422.0,251226,3958.57,3992.95,251226
1761303600000,111114.03,112257.9,251226,3956.6,3992.1,251226
1761307200000,111066.29,112160.2,251226,3946.57,3978.37,251226
1761310800000,111297.01,112367.0,251226,3963.97,3997.78,251226
1761314400000,110937.94,112004.3,251226,3947.0,3980.04,251226
1761318000000,110219.17,111238.8,251226,3902.27,3937.55,251226
1761321600000,110046.91,111124.3,251226,3888.92,3919.93,251226
1761325200000,110261.81,111305.8,251226,3889.12,3920.0,251226
1761328800000,110235.22,111274.3,251226,3888.91,3920.66,251226
1761332400000,110619.39,111596.1,251226,3911.97,3943.21,251226
1761336000000,110615.07,111627.7,251226,3926.53,3958.45,251226
1761339600000,110893.7,111854.9,251226,3938.77,3969.82,251226
1761343200000,111085.57,112143.0,251226,3943.71,3975.95,251226
1761346800000,111023.01,112068.2,251226,3935.88,3968.53,251226
1761350400000,111004.89,112069.7,251226,3934.88,3968.06,251226
1761354000000,110766.6,111792.5,251226,3918.4,3950.75,251226
1761357600000,111070.31,112118.8,251226,3933.2,3964.4,251226
1761361200000,111025.77,112059.8,251226,3934.32,3966.2,251226
1761364800000,111029.99,112042.6,251226,3921.2,3954.09,251226
1761368400000,111228.0,112267.4,251226,3923.2,3955.0,251226
1761372000000,111386.79,112429.3,251226,3931.78,3963.93,251226
1761375600000,111366.42,112425.3,251226,3928.74,3960.55,251226
1761379200000,111489.6,112547.3,251226,3928.92,3961.02,251226
1761382800000,111763.8,112855.5,251226,3953.91,3986.74,251226
1761386400000,111521.47,112579.5,251226,3942.49,3975.12,251226
1761390000000,111559.94,112680.9,251226,3942.56,3975.65,251226
1761393600000,111563.81,112634.9,251226,3940.31,3973.01,251226
1761397200000,111899.03,112985.7,251226,3953.37,3984.84,251226
1761400800000,111680.91,112732.0,251226,3942.84,3975.91,251226
1761404400000,111591.19,112669.5,251226,3938.66,3971.66,251226
1761408000000,111385.18,112444.2,251226,3932.71,3965.01,251226
1761411600000,111372.25,112436.6,251226,3932.47,3964.87,251226
1761415200000,111374.96,112406.9,251226,3934.67,3966.94,251226
1761418800000,111719.98,112761.7,251226,3959.68,3992.65,251226
1761422400000,111623.45,112663.9,251226,3957.43,3989.72,251226
1761426000000,111431.94,112435.8,251226,3945.46,3977.53,251226
1761429600000,111477.76,112500.1,251226,3952.49,3985.06,251226
1761433200000,111621.69,112675.0,251226,3961.56,3994.55,251226
1761436800000,111646.27,112669.6,251226,3953.82,3986.83,251226
1761440400000,111715.98,112780.3,251226,3950.27,3983.56,251226
1761444000000,111644.42,112667.6,251226,3933.14,3965.49,251226
1761447600000,111448.85,112511.4,251226,3930.55,3963.17,251226
1761451200000,111260.46,112308.3,251226,3931.82,3964.04,251226
1761454800000,111430.4,112514.9,251226,3939.93,3972.94,251226
1761458400000,111615.32,112667.2,251226,3942.85,3975.79,251226
1761462000000,111635.95,112691.0,251226,3944.88,3977.39,251226
1761465600000,111723.98,112793.9,251226,3951.57,3985.09,251226
1761469200000,111776.94,112808.7,251226,3960.05,3992.12,251226
1761472800000,112528.83,113567.2,251226,3987.91,4020.22,251226
1761476400000,112477.1,113529.3,251226,3983.19,4015.23,251226
1761480000000,113286.09,114334.1,251226,4044.99,4079.88,251226
1761483600000,113575.05,114668.9,251226,4072.89,4108.63,251226
1761487200000,113711.53,114831.3,251226,4083.52,4119.45,251226
1761490800000,113575.36,114698.8,251226,4066.86,4104.75,251226
1761494400000,113694.97,114823.4,251226,4075.29,4112.09,251226
1761498000000,113517.53,114683.8,251226,4055.57,4091.72,251226
1761501600000,113442.13,114570.7,251226,4059.44,4095.62,251226
1761505200000,113575.15,114715.3,251226,4072.23,4108.21,251226
1761508800000,113585.99,114723.1,251226,4067.94,4102.83,251226
1761512400000,113320.8,114476.7,251226,4062.09,4097.63,251226
1761516000000,113497.06,114621.5,251226,4080.6,4115.36,251226
1761519600000,114681.33,115848.3,251226,4160.65,4198.73,251226
1761523200000,114559.4,115677.9,251226,4158.46,4196.62,251226
1761526800000,114767.29,116024.0,251226,4170.54,4210.61,251226
1761530400000,115284.01,116463.8,251226,4191.81,4232.06,251226
1761534000000,114883.39,116119.6,251226,4205.49,4246.75,251226
1761537600000,114958.51,116165.2,251226,4205.08,4247.0,251226
1761541200000,115256.44,116459.8,251226,4212.63,4254.07,251226
1761544800000,115556.57,116779.5,251226,4233.23,4276.39,251226
1761548400000,116053.49,117273.9,251226,4235.21,4276.18,251226
1761552000000,115554.6,116804.1,251226,4201.36,4242.94,251226
1761555600000,115014.88,116242.5,251226,4166.83,4204.7,251226
1761559200000,115254.01,116436.2,251226,4160.35,4198.86,251226
1761562800000,115447.94,116609.6,251226,4167.29,4206.65,251226
1761566400000,115362.02,116551.7,251226,4162.14,4198.33,251226
1761570000000,115065.67,116200.9,251226,4145.86,4182.03,251226
1761573600000,115264.28,116365.3,251226,4178.02,4215.87,251226
1761577200000,114810.05,115935.4,251226,4148.96,4186.55,251226
1761580800000,114969.68,116120.2,251226,4172.96,4210.52,251226
1761584400000,115497.57,116599.3,251226,4214.55,4252.25,251226
1761588000000,115706.06,116830.0,251226,4221.44,4259.4,251226
1761591600000,115342.19,116455.9,251226,4215.12,4253.53,251226
1761595200000,114942.64,116020.6,251226,4193.96,4231.24,251226
1761598800000,114455.17,115560.8,251226,4128.8,4166.33,251226
1761602400000,114302.7,115400.0,251226,4116.44,4151.27,251226
1761606000000,114112.51,115176.6,251226,4122.82,4159.04,251226
1761609600000,114107.65,115220.5,251226,4120.15,4156.91,251226
1761613200000,113961.67,115028.1,251226,4115.49,4151.83,251226
1761616800000,114424.76,115516.7,251226,4136.73,4173.8,251226
1761620400000,113936.94,115021.9,251226,4095.72,4133.32,251226
1761624000000,113908.24,115028.4,251226,4094.32,4131.2,251226
1761627600000,113964.59,115126.1,251226,4100.01,4138.14,251226
1761631200000,113605.31,114778.6,251226,4068.6,4103.0,251226
1761634800000,114115.52,115197.5,251226,4112.84,4147.98,251226
1761638400000,114188.37,115277.8,251226,4117.24,4153.32,251226
1761642000000,114427.23,115506.3,251226,4123.99,4161.01,251226
1761645600000,114528.6,115593.3,251226,4122.89,4158.85,251226
1761649200000,114595.71,115660.5,251226,4118.2,4152.95,251226
1761652800000,114357.73,115413.7,251226,4112.46,4146.29,251226
1761656400000,114449.55,115526.8,251226,4121.97,4156.39,251226
1761660000000,115522.9,116616.6,251226,4158.6,4194.8,251226
1761663600000,115068.17,116159.9,251226,4118.78,4153.56,251226
1761667200000,114641.38,115742.8,251226,4096.85,4132.51,251226
1761670800000,115341.59,116432.6,251226,4135.0,4170.23,251226
1761674400000,115290.0,116383.8,251226,4140.13,4175.0,251226
1761678000000,115022.8,116151.9,251226,4115.42,4149.89,251226
1761681600000,113689.99,114880.4,251226,4039.39,4072.28,251226
1761685200000,112808.05,113856.0,251226,3979.28,4010.0,251226
1761688800000,112994.4,114008.7,251226,3982.54,4010.0,251226
1761692400000,113224.08,114229.3,251226,3995.24,4024.41,251226
1761696000000,112898.45,113911.2,251226,3979.2,4009.49,251226
1761699600000,112442.88,113457.3,251226,3972.99,4001.72,251226
1761703200000,112500.03,113544.8,251226,3982.45,4013.04,251226
1761706800000,112666.75,113669.8,251226,4002.97,4032.64,251226
1761710400000,112523.49,113555.4,251226,3997.66,4027.16,251226
1761714000000,112810.55,113849.2,251226,4013.78,4043.69,251226
1761717600000,113039.1,114104.9,251226,4026.98,4056.72,251226
1761721200000,113284.2,114295.5,251226,4024.54,4058.22,251226
1761724800000,113577.9,114541.6,251226,4025.06,4054.75,251226
1761728400000,113070.94,113958.0,251226,4007.66,4036.87,251226
1761732000000,112974.44,113956.8,251226,3997.37,4027.07,251226
1761735600000,112870.01,113863.5,251226,3989.07,4019.61,251226
1761739200000,113132.36,114155.6,251226,4011.01,4042.28,251226
1761742800000,113139.13,114119.3,251226,4016.01,4046.19,251226
1761746400000,112873.07,113871.3,251226,3995.17,4024.78,251226
1761750000000,112488.44,113445.4,251226,3988.57,4016.09,251226
1761753600000,111509.74,112480.3,251226,3951.71,3983.77,251226
1761757200000,111106.35,112051.5,251226,3962.21,3991.52,251226
1761760800000,111883.49,112689.7,251226,4013.8,4042.9,251226
1761764400000,110806.38,111677.0,251226,3917.9,3946.81,251226
1761768000000,110640.0,111419.5,251226,3905.71,3933.13,251226
1761771600000,111433.46,112296.0,251226,3951.47,3979.48,251226
1761775200000,111617.26,112460.6,251226,3956.76,3982.59,251226
1761778800000,111028.2,111892.5,251226,3940.8,3968.54,251226
1761782400000,110021.29,110831.2,251226,3902.99,3929.42,251226
1761786000000,110559.48,111375.6,251226,3922.56,3950.0,251226
1761789600000,110460.76,111256.5,251226,3927.55,3954.38,251226
1761793200000,110985.92,111798.2,251226,3945.66,3974.12,251226
1761796800000,110751.47,111606.9,251226,3934.58,3964.53,251226
1761800400000,108575.27,109311.2,251226,3871.73,3897.7,251226
1761804000000,110248.29,111091.7,251226,3916.62,3944.12,251226
1761807600000,110768.01,111626.2,251226,3913.41,3940.82,251226
1761811200000,111366.72,112199.1,251226,3940.42,3967.62,251226
1761814800000,110714.31,111543.4,251226,3921.68,3949.74,251226
1761818400000,110171.69,111015.0,251226,3900.19,3927.81,251226
1761822000000,110105.75,110963.3,251226,3892.9,3919.9,251226
1761825600000,109717.29,110560.9,251226,3881.1,3909.5,251226
1761829200000,108387.86,109142.1,251226,3818.28,3844.24,251226
1761832800000,107627.16,108362.0,251226,3766.68,3792.38,251226
1761836400000,108285.54,109074.5,251226,3801.36,3827.12,251226
1761840000000,107711.56,108454.0,251226,3773.69,3797.85,251226
1761843600000,108144.57,108901.2,251226,3780.86,3805.67,251226
1761847200000,107486.69,108226.7,251226,3770.94,3794.0,251226
1761850800000,106837.09,107517.7,251226,3721.28,3745.38,251226
1761854400000,106536.39,107282.0,251226,3686.93,3709.83,251226
1761858000000,107510.91,108247.3,251226,3756.8,3780.24,251226
1761861600000,107907.68,108697.5,251226,3773.4,3796.48,251226
1761865200000,107912.81,108676.6,251226,3783.79,3807.0,251226
1761868800000,108322.88,109136.1,251226,3805.09,3829.96,251226
1761872400000,109317.21,110118.8,251226,3832.0,3856.0,251226
1761876000000,109619.77,110417.6,251226,3846.97,3872.99,251226
1761879600000,108857.99,109664.2,251226,3821.25,3847.0,251226
1761883200000,109227.86,110068.2,251226,3829.16,3851.38,251226
1761886800000,110084.02,110936.7,251226,3862.63,3889.72,251226
1761890400000,109899.15,110678.7,251226,3850.51,3875.91,251226
1761894000000,109650.0,110476.1,251226,3831.24,3856.98,251226
1761897600000,109449.31,110256.2,251226,3831.49,3858.77,251226
1761901200000,110062.44,110927.7,251226,3852.1,3882.21,251226
1761904800000,109848.39,110703.6,251226,3844.99,3872.54,251226
1761908400000,109819.2,110637.4,251226,3835.83,3861.53,251226
1761912000000,110415.61,111280.6,251226,3874.01,3903.99,251226
1761915600000,109653.19,110487.0,251226,3836.18,3863.96,251226
1761919200000,110157.54,110966.6,251226,3860.44,3888.35,251226
1761922800000,110790.14,111636.6,251226,3868.87,3896.27,251226
1761926400000,110202.9,111090.1,251226,3860.99,3889.55,251226
1761930000000,108845.4,109664.3,251226,3822.67,3850.25,251226
1761933600000,109299.98,110124.7,251226,3828.16,3855.18,251226
1761937200000,109452.35,110193.7,251226,3852.9,3883.54,251226
1761940800000,109828.78,110711.6,251226,3886.15,3916.87,251226
1761944400000,109493.85,110325.0,251226,3861.08,3891.61,251226
1761948000000,109558.48,110404.5,251226,3862.18,3891.58,251226
1761951600000,109580.09,110426.7,251226,3855.66,3885.28,251226
1761955200000,109608.01,110433.5,251226,3847.99,3878.18,251226
1761958800000,109730.78,110550.1,251226,3847.52,3879.09,251226
1761962400000,109734.11,110547.8,251226,3844.17,3874.77,251226
1761966000000,109790.27,110602.1,251226,3852.26,3884.37,251226
1761969600000,110226.37,111014.1,251226,3861.38,3892.36,251226
1761973200000,110291.67,111080.4,251226,3867.07,3897.37,251226
1761976800000,110140.79,110909.1,251226,3855.47,3885.07,251226
1761980400000,110004.82,110793.9,251226,3858.65,3890.54,251226
1761984000000,110071.4,110864.9,251226,3860.84,3891.89,251226
1761987600000,110248.88,111059.3,251226,3882.19,3912.91,251226
1761991200000,109991.29,110806.5,251226,3875.34,3907.71,251226
1761994800000,110147.83,110941.8,251226,3876.8,3905.98,251226
1761998400000,110137.59,110922.2,251226,3877.79,3908.41,251226
1762002000000,110017.27,110855.0,251226,3876.22,3907.21,251226
1762005600000,109946.27,110761.4,251226,3870.3,3899.28,251226
1762009200000,109933.85,110704.9,251226,3873.42,3901.55,251226
1762012800000,110310.65,111090.4,251226,3895.15,3920.76,251226
1762016400000,110464.33,111248.8,251226,3892.23,3919.8,251226
1762020000000,110208.97,110978.6,251226,3865.96,3893.0,251226
1762023600000,110341.27,111125.1,251226,3880.26,3907.24,251226
1762027200000,110299.99,111092.4,251226,3879.99,3906.1,251226
1762030800000,110406.2,111213.5,251226,3881.49,3909.78,251226
1762034400000,109862.85,110656.0,251226,3867.68,3898.0,251226
1762038000000,110092.78,110869.4,251226,3874.68,3903.2,251226
1762041600000,110098.1,110898.0,251226,3873.77,3903.86,251226
1762045200000,109974.09,110750.5,251226,3866.26,3894.59,251226
1762048800000,109978.01,110743.1,251226,3872.09,3900.05,251226
1762052400000,110015.77,110816.0,251226,3880.06,3908.41,251226
1762056000000,110053.23,110826.7,251226,3880.63,3907.82,251226
1762059600000,110670.27,111460.7,251226,3908.24,3936.73,251226
1762063200000,110497.98,111307.5,251226,3903.03,3931.22,251226
1762066800000,110663.89,111461.5,251226,3902.03,3929.67,251226
1762070400000,110895.53,111680.6,251226,3906.73,3935.09,251226
1762074000000,110850.17,111610.0,251226,3894.72,3920.94,251226
1762077600000,110714.0,111490.6,251226,3872.82,3898.22,251226
1762081200000,110492.0,111261.3,251226,3863.3,3890.3,251226
1762084800000,111196.99,111969.5,251226,3891.31,3917.73,251226
1762088400000,110736.24,111516.0,251226,3877.51,3904.4,251226
1762092000000,110568.65,111332.2,251226,3868.34,3896.05,251226
1762095600000,110422.24,111181.6,251226,3852.86,3879.06,251226
1762099200000,110117.48,110894.5,251226,3853.33,3879.82,251226
1762102800000,110115.34,110890.7,251226,3864.41,3890.57,251226
1762106400000,110190.4,110825.9,251226,3859.26,3884.84,251226
1762110000000,110331.0,111059.3,251226,3863.94,3889.71,251226
1762113600000,110180.84,110957.2,251226,3855.98,3881.61,251226
1762117200000,110086.7,110860.7,251226,3858.24,3884.73,251226
1762120800000,109990.9,110783.0,251226,3861.14,3887.41,251226
1762124400000,109899.99,110646.9,251226,3854.5,3875.8,251226
1762128000000,110540.68,111316.5,251226,3906.58,3933.44,251226
1762131600000,109757.11,110549.5,251226,3865.11,3894.66,251226
1762135200000,109665.5,110384.4,251226,3837.47,3864.84,251226
1762138800000,109033.83,109784.1,251226,3799.38,3825.01,251226
1762142400000,107937.45,108671.3,251226,3736.23,3763.04,251226
1762146000000,107900.37,108600.0,251226,3746.75,3772.89,251226
1762149600000,107606.75,108326.5,251226,3731.94,3757.46,251226
1762153200000,107494.23,108211.9,251226,3718.5,3742.99,251226
1762156800000,107468.23,108296.8,251226,3714.58,3739.0,251226
1762160400000,107586.97,108290.5,251226,3716.42,3741.54,251226
1762164000000,107197.94,107919.4,251226,3703.24,3729.0,251226
1762167600000,106974.99,107659.6,251226,3675.99,3699.63,251226
1762171200000,107787.42,108467.5,251226,3711.68,3735.51,251226
1762174800000,107768.9,108475.9,251226,3709.34,3734.33,251226
1762178400000,107908.68,108591.6,251226,3720.38,3744.5,251226
1762182000000,108059.99,108705.3,251226,3734.62,3758.38,251226
1762185600000,105745.71,106448.1,251226,3588.89,3610.65,251226
1762189200000,106678.44,107444.0,251226,3619.22,3641.44,251226
1762192800000,107481.19,108161.5,251226,3666.84,3689.09,251226
1762196400000,106961.62,107648.0,251226,3632.45,3653.86,251226
1762200000000,107090.0,107760.6,251226,3631.5,3651.09,251226
1762203600000,106657.55,107361.0,251226,3587.97,3609.0,251226
1762207200000,106888.71,107610.7,251226,3602.06,3622.95,251226
1762210800000,106489.95,107163.6,251226,3590.21,3609.93,251226
1762214400000,106583.04,107275.4,251226,3603.83,3623.93,251226
1762218000000,106471.45,107145.7,251226,3618.13,3639.73,251226
1762221600000,107040.01,107715.7,251226,3644.58,3664.44,251226
1762225200000,106482.6,107166.0,251226,3626.1,3648.91,251226
1762228800000,107158.79,107816.8,251226,3642.29,3662.71,251226
1762232400000,106750.14,107419.0,251226,3625.16,3645.28,251226
1762236000000,104215.76,104834.0,251226,3492.08,3513.66,251226
1762239600000,104766.14,105412.0,251226,3512.41,3532.83,251226
1762243200000,104490.72,105081.0,251226,3494.56,3513.65,251226
1762246800000,104051.9,104677.2,251226,3495.83,3514.88,251226
1762250400000,103857.96,104468.2,251226,3492.02,3507.37,251226
1762254000000,103816.39,104437.8,251226,3485.74,3500.45,251226
1762257600000,104584.76,105167.8,251226,3529.52,3542.31,251226
1762261200000,103952.54,104525.8,251226,3511.51,3524.62,251226
1762264800000,103924.25,104528.7,251226,3507.37,3519.94,251226
1762268400000,104500.01,105072.6,251226,3555.94,3568.5,251226
1762272000000,103197.01,103748.6,251226,3507.58,3521.36,251226
1762275600000,102257.7,102772.9,251226,3429.62,3444.34,251226
1762279200000,101114.83,101642.0,251226,3373.33,3381.73,251226
1762282800000,101363.98,101828.3,251226,3303.3,3309.64,251226
1762286400000,100542.64,101037.2,251226,3230.94,3239.3,251226
1762290000000,100755.43,101281.7,251226,3213.52,3217.1,251226
1762293600000,100311.46,100798.0,251226,3214.87,3213.63,251226
1762297200000,101295.71,101812.7,251226,3247.2,3247.5,251226
1762300800000,101497.22,101955.5,251226,3287.05,3288.76,251226
1762304400000,100564.3,101077.0,251226,3240.47,3244.07,251226
1762308000000,100761.62,101170.7,251226,3243.67,3245.56,251226
1762311600000,101677.93,102148.7,251226,3324.94,3330.79,251226
1762315200000,102130.0,102696.7,251226,3334.83,3339.18,251226
1762318800000,101998.3,102500.6,251226,3329.48,3333.68,251226
1762322400000,101824.89,102337.6,251226,3326.14,3334.75,251226
1762326000000,102119.99,102681.5,251226,3337.13,3345.0,251226
1762329600000,101993.02,102575.0,251226,3331.08,3340.9,251226
1762333200000,101699.74,102270.8,251226,3300.85,3309.64,251226
1762336800000,101995.29,102574.3,251226,3307.53,3318.12,251226
1762340400000,101401.97,101985.4,251226,3276.55,3287.47,251226
1762344000000,102070.61,102678.9,251226,3322.55,3334.37,251226
1762347600000,102673.35,103287.6,251226,3345.05,3354.67,251226
1762351200000,102985.91,103612.3,251226,3360.31,3370.02,251226
1762354800000,103202.3,103894.8,251226,3348.92,3360.65,251226
1762358400000,103728.3,104395.9,251226,3398.36,3411.32,251226
1762362000000,103919.2,104605.5,251226,3437.93,3455.72,251226
1762365600000,103904.05,104646.3,251226,3436.02,3454.43,251226
1762369200000,104347.4,104977.7,251226,3462.04,3478.64,251226
1762372800000,104008.09,104762.7,251226,3455.12,3472.68,251226
1762376400000,103831.22,104568.4,251226,3450.98,3466.64,251226
1762380000000,103672.37,104400.9,251226,3442.36,3458.21,251226
1762383600000,103706.55,104394.0,251226,3424.74,3440.3,251226
1762387200000,103885.16,104558.7,251226,3424.29,3442.04,251226
1762390800000,103677.72,104324.2,251226,3407.6,3425.07,251226
1762394400000,103365.65,104058.7,251226,3405.38,3423.31,251226
1762398000000,103321.81,103989.7,251226,3422.13,3439.12,251226
1762401600000,103636.03,104374.6,251226,3432.9,3450.33,251226
1762405200000,104030.79,104748.6,251226,3452.83,3469.46,251226
1762408800000,103143.57,103832.3,251226,3388.39,3404.32,251226
1762412400000,103318.75,104011.6,251226,3384.71,3404.07,251226
1762416000000,103185.48,103923.9,251226,3380.42,3403.94,251226
1762419600000,103200.26,103869.6,251226,3385.61,3406.63,251226
1762423200000,102810.01,103500.1,251226,3383.19,3404.38,251226
1762426800000,103122.54,103849.3,251226,3393.7,3413.99,251226
1762430400000,103227.58,103950.0,251226,3399.4,3418.52,251226
1762434000000,102552.38,103336.4,251226,3349.5,3371.63,251226
1762437600000,103319.71,103985.1,251226,3391.03,3411.71,251226
1762441200000,102125.0,102785.3,251226,3329.01,3346.51,251226
1762444800000,102014.48,102698.4,251226,3300.0,3319.11,251226
1762448400000,100867.2,101475.8,251226,3276.59,3295.81,251226
1762452000000,101804.01,102431.1,251226,3329.65,3349.95,251226
1762455600000,101722.13,102375.0,251226,3329.43,3349.31,251226
1762459200000,101388.81,102010.8,251226,3325.8,3341.91,251226
1762462800000,100914.11,101510.0,251226,3306.41,3324.49,251226
1762466400000,101117.17,101745.7,251226,3326.04,3345.32,251226
1762470000000,101415.05,102037.1,251226,3319.61,3337.82,251226
1762473600000,101346.04,101903.2,251226,3315.14,3333.68,251226
1762477200000,101479.78,102069.8,251226,3324.97,3343.6,251226
1762480800000,101538.96,102202.6,251226,3324.79,3343.78,251226
1762484400000,101905.11,102549.5,251226,3346.66,3364.86,251226
1762488000000,101916.29,102548.1,251226,3345.12,3364.52,251226
1762491600000,102027.19,102642.7,251226,3338.42,3357.8,251226
1762495200000,102447.47,103065.8,251226,3366.78,3386.44,251226
1762498800000,101819.1,102465.7,251226,3348.02,3366.77,251226
1762502400000,102010.0,102664.0,251226,3358.42,3377.04,251226
1762506000000,101496.18,102126.7,251226,3342.04,3361.49,251226
1762509600000,101013.66,101606.5,251226,3301.48,3320.46,251226
1762513200000,100770.85,101421.1,251226,3280.55,3298.5,251226
1762516800000,100411.89,101008.2,251226,3259.97,3278.84,251226
1762520400000,99638.28,100256.7,251226,3223.05,3241.38,251226
1762524000000,100347.35,100853.9,251226,3240.99,3258.68,251226
1762527600000,100806.08,101340.0,251226,3289.43,3307.26,251226
1762531200000,100797.95,101398.3,251226,3297.52,3315.75,251226
1762534800000,101169.2,101738.1,251226,3309.2,3326.47,251226
1762538400000,102397.12,103042.9,251226,3385.63,3402.86,251226
1762542000000,102609.46,103337.2,251226,3426.17,3444.09,251226
1762545600000,103395.25,103994.0,251226,3443.6,3462.49,251226
1762549200000,103783.09,104322.4,251226,3465.25,3484.43,251226
1762552800000,103879.23,104497.9,251226,3468.83,3488.03,251226
1762556400000,103633.03,104255.8,251226,3445.89,3462.5,251226
1762560000000,103339.08,103974.4,251226,3436.05,3453.85,251226
1762563600000,102713.15,103304.8,251226,3424.55,3442.46,251226
1762567200000,102996.84,103610.2,251226,3437.27,3455.0,251226
1762570800000,102846.65,103450.5,251226,3440.9,3459.91,251226
1762574400000,102592.76,103197.9,251226,3454.19,3473.08,251226
1762578000000,102565.03,103137.4,251226,3459.0,3477.39,251226
1762581600000,102304.0,102899.3,251226,3431.18,3448.3,251226
1762585200000,102215.62,102845.9,251226,3445.45,3463.47,251226
1762588800000,102352.96,102995.8,251226,3447.9,3468.13,251226
1762592400000,102431.74,103088.2,251226,3454.73,3472.51,251226
1762596000000,102399.46,103017.0,251226,3439.88,3457.42,251226
1762599600000,102480.04,103145.5,251226,3446.01,3465.01,251226
1762603200000,101857.1,102509.4,251226,3413.03,3430.59,251226
1762606800000,102065.14,102642.6,251226,3408.86,3425.44,251226
1762610400000,101804.63,102405.9,251226,3396.83,3414.83,251226
1762614000000,101827.19,102460.8,251226,3399.77,3416.97,251226
1762617600000,101711.45,102307.5,251226,3376.79,3394.43,251226
1762621200000,101850.22,102469.5,251226,3368.03,3385.08,251226
1762624800000,101994.52,102599.6,251226,3399.29,3415.76,251226
1762628400000,102139.53,102739.3,251226,3402.77,3419.66,251226
1762632000000,101989.65,102508.1,251226,3389.35,3405.72,251226
1762635600000,102068.06,102618.6,251226,3397.94,3414.02,251226
1762639200000,102272.81,102841.4,251226,3405.99,3420.85,251226
1762642800000,102377.46,102938.6,251226,3409.5,3423.63,251226
1762646400000,102312.94,102869.1,251226,3401.51,3414.03,251226
1762650000000,101797.74,102338.5,251226,3384.77,3397.35,251226
1762653600000,102045.07,102602.2,251226,3400.92,3415.31,251226
1762657200000,101633.25,102228.7,251226,3368.11,3381.69,251226
1762660800000,101662.05,102232.7,251226,3375.8,3389.15,251226
1762664400000,101724.91,102312.8,251226,3374.69,3388.73,251226
1762668000000,101928.54,102519.0,251226,3405.53,3418.61,251226
1762671600000,101752.83,102310.4,251226,3405.3,3418.74,251226
1762675200000,101944.59,102460.4,251226,3422.78,3436.99,251226
1762678800000,101972.94,102458.1,251226,3421.5,3434.61,251226
1762682400000,101657.46,102076.1,251226,3400.97,3415.3,251226
1762686000000,101876.36,102308.8,251226,3401.59,3415.68,251226
1762689600000,102239.41,102636.4,251226,3428.37,3442.3,251226
1762693200000,102086.9,102470.6,251226,3441.58,3456.02,251226
1762696800000,102911.39,103377.6,251226,3458.9,3473.58,251226
1762700400000,103037.9,103470.0,251226,3507.02,3521.75,251226
1762704000000,103762.17,104273.9,251226,3515.51,3531.69,251226
1762707600000,103845.04,104381.0,251226,3528.19,3544.54,251226
1762711200000,103637.57,104165.5,251226,3515.51,3530.0,251226
1762714800000,104512.65,105103.6,251226,3541.54,3558.71,251226
1762718400000,104805.57,105475.3,251226,3580.0,3598.06,251226
1762722000000,104633.12,105227.0,251226,3579.17,3597.9,251226
1762725600000,104528.82,105087.9,251226,3580.96,3598.85,251226
1762729200000,104732.48,105314.0,251226,3587.35,3604.32,251226
1762732800000,104722.96,105330.2,251226,3583.46,3601.79,251226
1762736400000,106314.96,106908.0,251226,3635.97,3653.46,251226
1762740000000,105699.99,106408.1,251226,3629.9,3648.53,251226
1762743600000,106006.69,106651.2,251226,3628.6,3647.23,251226
1762747200000,106027.97,106725.5,251226,3627.47,3646.19,251226
1762750800000,106153.14,106854.9,251226,3617.3,3636.75,251226
1762754400000,106100.0,106761.3,251226,3607.88,3627.96,251226
1762758000000,106221.88,106895.3,251226,3605.64,3624.83,251226
1762761600000,106461.45,107180.9,251226,3609.09,3630.85,251226
1762765200000,105965.46,106633.8,251226,3594.16,3614.76,251226
1762768800000,106440.0,107060.3,251226,3624.36,3644.35,251226
1762772400000,105995.26,106649.9,251226,3606.72,3627.99,251226
1762776000000,106176.5,106840.1,251226,3610.57,3630.76,251226
1762779600000,105944.17,106627.2,251226,3591.8,3613.23,251226
1762783200000,106548.02,107234.9,251226,3615.5,3637.97,251226
1762786800000,104898.15,105571.6,251226,3541.62,3561.79,251226
1762790400000,105079.99,105742.3,251226,3519.46,3541.3,251226
1762794000000,105242.05,105912.3,251226,3530.11,3551.42,251226
1762797600000,105953.1,106610.2,251226,3555.51,3575.96,251226
1762801200000,105478.0,106133.1,251226,3532.89,3554.2,251226
1762804800000,105817.99,106458.5,251226,3558.55,3578.32,251226
1762808400000,106010.73,106636.4,251226,3571.95,3592.6,251226
1762812000000,105631.27,106270.8,251226,3541.79,3561.56,251226
1762815600000,106062.8,106756.4,251226,3575.91,3595.68,251226
1762819200000,106011.13,106636.1,251226,3567.85,3588.48,251226
1762822800000,106139.83,106783.1,251226,3585.85,3607.1,251226
1762826400000,106110.36,106683.2,251226,3581.06,3601.32,251226
1762830000000,106655.02,107252.2,251226,3615.66,3637.12,251226
1762833600000,106456.0,107057.6,251226,3606.1,3626.5,251226
1762837200000,105755.32,106330.2,251226,3575.02,3594.92,251226
1762840800000,105249.35,105848.6,251226,3548.82,3568.65,251226
1762844400000,105261.27,105894.9,251226,3557.7,3577.82,251226
1762848000000,104783.98,105396.2,251226,3544.67,3565.19,251226
1762851600000,105157.8,105773.8,251226,3563.4,3583.48,251226
1762855200000,104971.63,105539.2,251226,3556.11,3575.53,251226
1762858800000,105176.38,105769.2,251226,3560.74,3580.97,251226
1762862400000,105311.9,105918.7,251226,3574.14,3593.96,251226
1762866000000,104530.83,105097.0,251226,3540.37,3560.24,251226
1762869600000,104390.92,104972.3,251226,3532.65,3551.08,251226
1762873200000,104560.16,105155.7,251226,3529.92,3549.15,251226
1762876800000,103455.99,104055.7,251226,3481.1,3500.0,251226
1762880400000,103399.43,103937.6,251226,3485.11,3502.21,251226
1762884000000,103338.99,103913.6,251226,3473.65,3490.58,251226
1762887600000,103401.07,103992.8,251226,3468.86,3485.2,251226
1762891200000,103126.39,103634.5,251226,3456.81,3473.03,251226
1762894800000,102809.27,103307.6,251226,3438.26,3452.17,251226
1762898400000,102633.92,103271.2,251226,3417.66,3432.78,251226
1762902000000,103000.01,103537.6,251226,3429.9,3445.49,251226
1762905600000,103058.99,103582.6,251226,3417.76,3432.71,251226
1762909200000,102885.99,103371.8,251226,3418.13,3433.73,251226
1762912800000,103254.64,103781.4,251226,3447.45,3464.82,251226
1762916400000,103151.66,103747.3,251226,3427.23,3443.54,251226
1762920000000,103310.0,103879.1,251226,3439.1,3453.91,251226
1762923600000,103246.87,103815.1,251226,3445.0,3459.92,251226
1762927200000,103385.3,103965.6,251226,3449.6,3463.42,251226
1762930800000,103366.97,103964.0,251226,3439.11,3454.46,251226
1762934400000,103112.66,103683.5,251226,3428.23,3442.57,251226
1762938000000,104147.24,104769.7,251226,3468.47,3484.33,251226
1762941600000,104521.56,105083.6,251226,3483.72,3501.62,251226
1762945200000,104899.99,105491.6,251226,3534.51,3552.4,251226
1762948800000,105020.83,105613.6,251226,3549.38,3567.67,251226
1762952400000,104993.74,105630.1,251226,3552.36,3570.04,251226
1762956000000,105039.99,105669.0,251226,3576.91,3594.95,251226
1762959600000,103990.4,104600.8,251226,3502.28,3520.78,251226
1762963200000,102173.51,102760.8,251226,3427.85,3446.79,251226
1762966800000,101442.61,102003.3,251226,3399.3,3416.51,251226
1762970400000,101748.02,102303.4,251226,3429.55,3449.09,251226
1762974000000,101542.17,102138.0,251226,3423.87,3441.77,251226
1762977600000,101297.31,101832.8,251226,3407.99,3425.11,251226
1762981200000,101539.01,102055.5,251226,3416.4,3431.06,251226
1762984800000,101920.47,102407.7,251226,3423.03,3438.95,251226
1762988400000,101978.96,102471.9,251226,3422.13,3435.95,251226
1762992000000,101654.37,102137.1,251226,3414.92,3429.63,251226
1762995600000,101854.58,102316.6,251226,3412.38,3428.77,251226
1762999200000,102007.0,102488.4,251226,3424.26,3439.99,251226
1763002800000,102064.41,102531.8,251226,3434.19,3451.47,251226
1763006400000,102130.21,102654.0,251226,3452.86,3468.82,251226
1763010000000,102120.0,102667.4,251226,3482.68,3500.75,251226
1763013600000,103135.84,103648.9,251226,3529.19,3545.03,251226
1763017200000,103590.74,104166.4,251226,3541.01,3557.32,251226
1763020800000,103475.66,103999.0,251226,3538.74,3555.26,251226
1763024400000,103684.06,104211.2,251226,3524.07,3538.62,251226
1763028000000,102827.0,103321.5,251226,3486.43,3500.79,251226
1763031600000,102991.22,103486.1,251226,3506.01,3520.16,251226
1763035200000,102936.5,103509.0,251226,3501.95,3516.33,251226
1763038800000,103143.45,103660.2,251226,3501.15,3516.67,251226
1763042400000,102326.48,102833.0,251226,3438.18,3453.14,251226
1763046000000,102873.14,103448.4,251226,3443.62,3459.3,251226
1763049600000,101382.64,101891.6,251226,3386.85,3401.49,251226
1763053200000,100633.13,101150.2,251226,3327.59,3341.74,251226
1763056800000,99659.99,100205.8,251226,3255.5,3270.3,251226
1763060400000,98591.78,99068.9,251226,3213.72,3226.91,251226
1763064000000,98682.14,99225.5,251226,3197.69,3212.36,251226
1763067600000,98162.11,98631.3,251226,3171.65,3184.3,251226
1763071200000,98817.36,99258.5,251226,3179.74,3193.99,251226
1763074800000,99851.82,100298.8,251226,3228.87,3239.83,251226
1763078400000,99692.02,100265.3,251226,3231.54,3243.49,251226
1763082000000,98973.95,99431.3,251226,3200.93,3213.39,251226
1763085600000,99255.6,99709.9,251226,3207.13,3219.23,251226
1763089200000,99620.0,100101.5,251226,3238.05,3251.68,251226
1763092800000,99139.38,99612.4,251226,3227.93,3240.94,251226
1763096400000,97823.98,98261.5,251226,3163.06,3178.07,251226
1763100000000,97523.98,97969.6,251226,3192.63,3204.79,251226
1763103600000,97569.13,98017.2,251226,3222.42,3235.12,251226
1763107200000,97151.98,97545.6,251226,3215.59,3225.75,251226
1763110800000,97377.41,97783.7,251226,3205.2,3214.54,251226
1763114400000,96839.93,97253.4,251226,3156.43,3166.02,251226
1763118000000,96752.2,97186.2,251226,3176.2,3188.09,251226
1763121600000,96167.44,96631.0,251226,3144.35,3157.65,251226
1763125200000,95350.75,95763.9,251226,3126.42,3137.66,251226
1763128800000,95243.95,95634.6,251226,3121.74,3132.19,251226
1763132400000,96542.38,96988.7,251226,3199.5,3213.79,251226
1763136000000,96796.14,97283.5,251226,3196.7,3209.31,251226
1763139600000,97011.22,97495.9,251226,3231.32,3245.85,251226
1763143200000,95842.56,96360.4,251226,3179.68,3194.65,251226
1763146800000,95075.53,95582.9,251226,3168.81,3184.11,251226
1763150400000,95778.29,96256.6,251226,3207.86,3223.45,251226
1763154000000,94377.47,94806.0,251226,3137.75,3149.86,251226
1763157600000,95059.47,95557.5,251226,3167.44,3185.46,251226
1763161200000,95179.99,95670.5,251226,3158.86,3174.55,251226
1763164800000,94594.0,95016.7,251226,3112.4,3128.0,251226
1763168400000,95149.35,95629.5,251226,3141.26,3157.72,251226
1763172000000,95650.17,96155.5,251226,3173.54,3190.89,251226
1763175600000,96482.77,96972.5,251226,3193.31,3209.53,251226
1763179200000,96417.12,96909.1,251226,3179.16,3195.84,251226
1763182800000,96112.14,96597.8,251226,3171.99,3187.86,251226
1763186400000,96342.18,96811.8,251226,3178.49,3194.47,251226
1763190000000,96121.27,96597.1,251226,3175.53,3191.35,251226
1763193600000,96333.86,96832.7,251226,3176.55,3193.0,251226
1763197200000,95910.88,96398.9,251226,3143.5,3154.44,251226
1763200800000,95808.44,96327.4,251226,3152.99,3164.71,251226
1763204400000,95952.13,96424.1,251226,3169.0,3181.19,251226
1763208000000,95696.87,96150.5,251226,3152.52,3163.26,251226
1763211600000,95814.08,96269.1,251226,3162.27,3174.37,251226
1763215200000,96370.16,96870.7,251226,3192.78,3201.98,251226
1763218800000,96254.25,96725.6,251226,3177.96,3190.5,251226
1763222400000,96260.0,96692.8,251226,3186.05,3197.3,251226
1763226000000,96162.84,96623.1,251226,3186.34,3198.38,251226
1763229600000,96238.5,96667.8,251226,3214.99,3226.82,251226
1763233200000,96052.99,96500.0,251226,3208.1,3219.53,251226
1763236800000,96012.01,96500.0,251226,3197.88,3209.91,251226
1763240400000,95277.52,95758.6,251226,3174.91,3185.11,251226
1763244000000,95279.99,95752.7,251226,3157.97,3169.94,251226
1763247600000,95619.62,96082.5,251226,3171.52,3183.85,251226
1763251200000,95596.24,96068.7,251226,3167.88,3179.76,251226
1763254800000,95362.0,95834.3,251226,3152.59,3166.32,251226
1763258400000,95276.62,95691.5,251226,3150.59,3163.38,251226
1763262000000,95963.88,96377.2,251226,3203.13,3214.71,251226
1763265600000,95825.02,96259.7,251226,3202.97,3215.37,251226
1763269200000,95821.79,96265.5,251226,3194.35,3205.66,251226
1763272800000,95881.82,96320.0,251226,3204.95,3215.06,251226
1763276400000,95813.53,96232.1,251226,3201.21,3210.98,251226
1763280000000,96099.99,96558.4,251226,3219.55,3232.2,251226
1763283600000,96116.94,96558.1,251226,3219.41,3230.07,251226
1763287200000,96629.75,97076.8,251226,3248.26,3259.63,251226
1763290800000,96444.71,96909.6,251226,3235.99,3247.92,251226
1763294400000,95627.13,96091.8,251226,3168.64,3180.29,251226
1763298000000,95743.9,96224.1,251226,3168.99,3181.85,251226
1763301600000,95420.44,95910.1,251226,3153.85,3165.46,251226
1763305200000,95531.13,95996.8,251226,3172.05,3184.19,251226
1763308800000,94573.46,95000.0,251226,3105.44,3116.28,251226
1763312400000,94224.47,94668.6,251226,3061.6,3072.33,251226
1763316000000,94357.67,94785.3,251226,3079.84,3090.63,251226
1763319600000,94049.64,94423.1,251226,3060.44,3070.56,251226
1763323200000,94020.0,94414.5,251226,3091.09,3100.77,251226
1763326800000,94090.0,94500.0,251226,3089.32,3100.0,251226
1763330400000,93505.22,93888.0,251226,3073.63,3083.89,251226
1763334000000,94183.36,94598.8,251226,3091.86,3101.22,251226
1763337600000,94261.44,94713.0,251226,3095.29,3105.35,251226
1763341200000,95290.01,95703.0,251226,3136.32,3144.94,251226
1763344800000,94768.02,95223.5,251226,3114.66,3124.85,251226
1763348400000,94976.18,95390.8,251226,3149.4,3158.23,251226
1763352000000,95496.77,95876.6,251226,3176.6,3187.43,251226
1763355600000,95096.74,95581.4,251226,3185.43,3194.65,251226
1763359200000,95122.76,95576.8,251226,3186.74,3195.37,251226
1763362800000,95282.36,95763.8,251226,3194.0,3205.21,251226
1763366400000,95653.77,96139.4,251226,3198.44,3210.8,251226
1763370000000,95619.06,96074.9,251226,3190.25,3201.49,251226
1763373600000,95656.21,96171.0,251226,3195.18,3206.64,251226
1763377200000,95651.7,96111.6,251226,3196.72,3207.76,251226
1763380800000,95565.38,96014.4,251226,3204.12,3215.0,251226
1763384400000,95312.23,95756.9,251226,3183.7,3195.57,251226
1763388000000,93959.79,94423.2,251226,3121.95,3134.22,251226
1763391600000,94769.32,95202.7,251226,3152.26,3162.39,251226
1763395200000,93959.67,94385.9,251226,3121.04,3132.72,251226
1763398800000,94306.0,94709.7,251226,3134.3,3145.0,251226
1763402400000,92767.49,93224.2,251226,3058.59,3070.61,251226
1763406000000,92549.01,92976.3,251226,3024.98,3037.16,251226
1763409600000,91678.93,92086.6,251226,2982.27,2993.48,251226
1763413200000,91920.59,92345.9,251226,3004.66,3015.61,251226
1763416800000,91959.71,92368.7,251226,3009.25,3020.41,251226
1763420400000,92247.63,92699.7,251226,3023.54,3033.58,251226
1763424000000,92215.14,92632.8,251226,3031.44,3043.21,251226
1763427600000,92169.86,92571.6,251226,3032.85,3047.21,251226
1763431200000,91714.29,92136.0,251226,3017.59,3030.03,251226
1763434800000,90866.01,91323.3,251226,2985.5,2996.43,251226
1763438400000,90842.72,91225.0,251226,3023.97,3035.08,251226
1763442000000,90081.9,90498.3,251226,3005.88,3017.37,251226
1763445600000,90221.33,90611.3,251226,3012.13,3023.84,251226
1763449200000,89651.3,90029.6,251226,2989.76,3000.71,251226
1763452800000,90512.1,90869.5,251226,3024.44,3035.19,251226
1763456400000,91220.0,91632.5,251226,3060.19,3071.44,251226
1763460000000,91400.01,91882.8,251226,3060.5,3072.42,251226
1763463600000,91585.02,91994.2,251226,3066.15,3077.74,251226
1763467200000,91517.82,91934.1,251226,3058.01,3069.15,251226
1763470800000,91518.54,91951.3,251226,3049.76,3060.64,251226
1763474400000,91476.56,91902.7,251226,3048.34,3057.74,251226
1763478000000,91359.29,91802.8,251226,3058.33,3070.35,251226
1763481600000,92910.1,93390.4,251226,3106.87,3118.71,251226
1763485200000,93499.16,93932.5,251226,3152.18,3164.2,251226
1763488800000,93256.92,93725.8,251226,3135.36,3147.13,251226
1763492400000,93331.08,93790.1,251226,3160.46,3171.77,251226
1763496000000,93195.61,93600.0,251226,3146.02,3156.94,251226
1763499600000,92783.36,93254.4,251226,3123.2,3133.92,251226
1763503200000,92491.59,92950.4,251226,3098.25,3108.94,251226
1763506800000,93160.0,93582.9,251226,3125.55,3136.55,251226
1763510400000,92960.83,93400.0,251226,3123.66,3134.73,251226
1763514000000,92416.51,92836.2,251226,3100.64,3110.69,251226
1763517600000,92439.99,92859.6,251226,3105.1,3116.0,251226
1763521200000,92569.12,93022.0,251226,3113.93,3126.63,251226
1763524800000,91874.52,92318.6,251226,3073.02,3084.22,251226
1763528400000,91163.2,91612.2,251226,3048.57,3061.22,251226
1763532000000,90459.99,90893.8,251226,3017.56,3029.81,251226
1763535600000,90990.87,91419.4,251226,3041.15,3053.18,251226
1763539200000,91863.64,92337.3,251226,3084.96,3097.84,251226
1763542800000,91470.44,91917.9,251226,3080.21,3091.52,251226
1763546400000,91513.72,91958.0,251226,3088.24,3100.0,251226
1763550000000,91314.75,91765.8,251226,3092.0,3103.9,251226
1763553600000,91410.22,91875.4,251226,3083.51,3096.53,251226
1763557200000,91780.0,92246.8,251226,3100.82,3113.09,251226
1763560800000,91405.02,91839.5,251226,3067.36,3079.29,251226
1763564400000,91713.44,92153.1,251226,3060.51,3072.91,251226
1763568000000,89951.7,90346.1,251226,2973.16,2986.06,251226
1763571600000,89905.78,90317.1,251226,2950.19,2961.26,251226
1763575200000,89500.01,89920.3,251226,2922.85,2934.9,251226
1763578800000,89237.83,89656.7,251226,2899.75,2911.06,251226
1763582400000,88884.56,89292.0,251226,2881.66,2892.73,251226
1763586000000,89516.91,89923.6,251226,2945.29,2956.07,251226
1763589600000,90600.68,91027.8,251226,2991.66,3003.09,251226
1763593200000,90480.56,90935.5,251226,2984.54,2996.5,251226
1763596800000,91554.96,92023.2,251226,3025.48,3036.97,251226
1763600400000,91891.32,92349.6,251226,3019.27,3030.88,251226
1763604000000,92590.13,93087.6,251226,3047.51,3059.26,251226
1763607600000,92592.84,93094.4,251226,3044.26,3055.75,251226
1763611200000,92440.32,92937.0,251226,3038.98,3051.34,251226
1763614800000,92962.83,93451.5,251226,3054.01,3065.83,251226
1763618400000,92616.2,93106.8,251226,3035.38,3047.22,251226
1763622000000,91974.7,92457.3,251226,3020.81,3032.86,251226
1763625600000,92320.18,92806.1,251226,3039.43,3052.24,251226
1763629200000,92128.22,92610.7,251226,3030.85,3043.37,251226
1763632800000,91950.0,92330.5,251226,3011.39,3024.25,251226
1763636400000,91801.39,92253.6,251226,3015.3,3028.25,251226
1763640000000,91934.0,92410.6,251226,3023.98,3036.78,251226
1763643600000,91839.25,92253.5,251226,3028.86,3041.32,251226
1763647200000,91529.36,91960.1,251226,2999.81,3012.39,251226
1763650800000,91103.19,91549.2,251226,3000.7,3013.39,251226
1763654400000,89869.88,90305.9,251226,2955.68,2970.02,251226
1763658000000,87878.1,88294.7,251226,2862.68,2875.78,251226
1763661600000,87233.81,87629.7,251226,2833.66,2846.31,251226
1763665200000,86486.27,86890.5,251226,2813.66,2827.81,251226
1763668800000,86921.28,87332.1,251226,2847.9,2859.71,251226
1763672400000,86462.97,86874.0,251226,2835.29,2848.84,251226
1763676000000,87282.6,87679.1,251226,2879.65,2891.0,251226
1763679600000,88065.97,88462.7,251226,2886.17,2896.95,251226
1763683200000,86637.23,87020.7,251226,2834.22,2845.34,251226
1763686800000,87285.24,87670.6,251226,2861.08,2873.19,251226
1763690400000,87049.86,87478.3,251226,2862.09,2874.33,251226
1763694000000,85444.93,85830.1,251226,2782.67,2794.24,251226
1763697600000,85821.34,86174.1,251226,2809.18,2820.31,251226
1763701200000,86053.09,86396.2,251226,2818.89,2829.1,251226
1763704800000,86195.08,86530.9,251226,2809.43,2819.59,251226
1763708400000,85581.3,85902.5,251226,2790.2,2800.2,251226
1763712000000,84049.39,84335.7,251226,2720.17,2727.95,251226
1763715600000,83643.45,83960.0,251226,2737.89,2748.2,251226
1763719200000,82207.84,82492.7,251226,2681.42,2690.26,251226
1763722800000,82703.61,83000.7,251226,2696.8,2706.77,251226
1763726400000,82309.66,82598.2,251226,2688.42,2698.2,251226
1763730000000,83285.35,83534.8,251226,2727.59,2736.07,251226
1763733600000,84115.28,84417.3,251226,2741.79,2750.39,251226
1763737200000,84850.0,85146.9,251226,2770.35,2780.38,251226
1763740800000,82932.47,83201.2,251226,2705.32,2714.1,251226
1763744400000,84919.59,85186.5,251226,2762.8,2770.8,251226
1763748000000,84877.07,85104.0,251226,2780.48,2786.76,251226
1763751600000,84577.11,84822.6,251226,2779.15,2786.46,251226
1763755200000,84209.3,84459.6,251226,2752.24,2759.5,251226
1763758800000,84571.2,84838.4,251226,2737.86,2743.01,251226
1763762400000,85182.14,85469.6,251226,2767.23,2774.07,251226
1763766000000,84284.42,84581.7,251226,2721.88,2729.26,251226
1763769600000,85129.43,85460.0,251226,2765.85,2773.28,251226
1763773200000,84739.93,85053.1,251226,2766.35,2773.31,251226
1763776800000,85174.28,85476.9,251226,2774.7,2780.97,251226
1763780400000,84528.99,84818.2,251226,2752.84,2760.16,251226
1763784000000,84440.47,84751.3,251226,2752.27,2759.62,251226
1763787600000,84246.88,84536.4,251226,2747.27,2754.16,251226
1763791200000,84280.92,84585.8,251226,2744.48,2750.7,251226
1763794800000,84636.0,84924.3,251226,2766.26,2773.11,251226
1763798400000,84580.06,84888.4,251226,2756.21,2763.87,251226
1763802000000,84016.77,84317.1,251226,2729.89,2737.37,251226
1763805600000,83929.52,84255.0,251226,2725.74,2732.97,251226
1763809200000,83693.25,83986.8,251226,2712.89,2720.34,251226
1763812800000,84098.94,84400.0,251226,2735.16,2742.53,251226
1763816400000,83884.0,84210.2,251226,2721.08,2728.24,251226
1763820000000,83947.89,84203.7,251226,2719.49,2725.79,251226
1763823600000,84494.4,84761.6,251226,2745.81,2751.64,251226
1763827200000,84284.01,84562.7,251226,2738.92,2745.69,251226
1763830800000,84694.66,85013.5,251226,2755.48,2761.65,251226
1763834400000,84554.2,84856.1,251226,2750.01,2756.99,251226
1763838000000,84659.79,84948.4,251226,2752.5,2757.8,251226
1763841600000,84609.76,84913.0,251226,2750.65,2757.71,251226
1763845200000,84474.41,84770.2,251226,2741.26,2748.19,251226
1763848800000,84411.3,84703.2,251226,2747.5,2754.74,251226
1763852400000,85072.88,85384.7,251226,2789.27,2797.43,251226
1763856000000,84739.74,85024.3,251226,2770.12,2777.29,251226
1763859600000,84971.74,85254.3,251226,2772.99,2780.56,251226
1763863200000,85879.83,86234.7,251226,2808.44,2818.36,251226
1763866800000,86000.34,86302.9,251226,2821.12,2829.87,251226
1763870400000,86308.54,86624.6,251226,2824.77,2833.69,251226
1763874000000,86548.2,86888.4,251226,2827.76,2838.16,251226
1763877600000,86358.28,86710.3,251226,2825.35,2835.15,251226
1763881200000,85864.68,86209.7,251226,2810.33,2819.23,251226
1763884800000,85782.19,86143.7,251226,2793.7,2803.41,251226
1763888400000,86137.19,86485.4,251226,2811.53,2820.55,251226
1763892000000,86393.02,86727.5,251226,2816.45,2825.76,251226
1763895600000,86066.23,86423.1,251226,2808.73,2818.61,251226
1763899200000,86331.28,86668.2,251226,2815.54,2825.26,251226
1763902800000,86530.04,86881.6,251226,2835.42,2842.87,251226
1763906400000,86928.31,87249.8,251226,2843.65,2852.73,251226
1763910000000,86547.4,86888.7,251226,2814.88,2823.56,251226
1763913600000,87087.44,87426.8,251226,2836.5,2845.29,251226
1763917200000,86685.6,87011.0,251226,2800.05,2807.61,251226
1763920800000,86746.51,87081.2,251226,2792.72,2802.97,251226
1763924400000,86995.02,87325.9,251226,2808.87,2818.32,251226
1763928000000,87325.01,87660.6,251226,2822.7,2832.4,251226
1763931600000,87483.36,87821.4,251226,2828.55,2838.46,251226
1763935200000,87992.02,88357.2,251226,2841.58,2852.27,251226
1763938800000,88004.0,88337.2,251226,2838.7,2848.63,251226
1763942400000,86830.0,87192.1,251226,2802.16,2811.09,251226
1763946000000,86740.64,87108.5,251226,2788.34,2797.09,251226
1763949600000,87068.51,87435.1,251226,2806.24,2814.64,251226
1763953200000,87518.22,87878.7,251226,2840.24,2850.48,251226
1763956800000,87460.02,87875.0,251226,2856.44,2866.73,251226
1763960400000,86738.37,87110.7,251226,2824.81,2834.94,251226
1763964000000,87468.29,87835.7,251226,2866.97,2876.7,251226
1763967600000,86910.78,87270.3,251226,2839.43,2848.91,251226
1763971200000,87050.39,87431.6,251226,2830.27,2840.47,251226
1763974800000,86961.51,87337.9,251226,2838.99,2849.55,251226
1763978400000,85944.91,86315.5,251226,2797.72,2807.32,251226
1763982000000,86049.74,86420.1,251226,2799.05,2810.75,251226
1763985600000,86264.72,86651.4,251226,2803.41,2812.97,251226
1763989200000,86003.0,86354.9,251226,2803.86,2813.95,251226
1763992800000,86160.0,86448.4,251226,2815.65,2824.2,251226
1763996400000,86171.14,86480.0,251226,2832.0,2841.05,251226
1764000000000,86616.44,86977.6,251226,2846.47,2856.12,251226
1764003600000,87174.5,87542.3,251226,2858.77,2868.12,251226
1764007200000,88369.91,88667.5,251226,2940.03,2949.16,251226
1764010800000,88715.31,89059.0,251226,2957.53,2965.82,251226
1764014400000,88327.29,88667.1,251226,2959.0,2968.09,251226
1764018000000,89089.06,89456.7,251226,2972.7,2981.2,251226
1764021600000,88766.15,89132.1,251226,2959.18,2970.11,251226
1764025200000,88636.54,88991.6,251226,2960.57,2970.7,251226
1764028800000,88300.01,88658.7,251226,2953.38,2961.83,251226
1764032400000,88100.0,88417.0,251226,2943.03,2951.26,251226
1764036000000,87732.83,88087.9,251226,2919.27,2927.03,251226
1764039600000,87909.4,88256.4,251226,2930.71,2939.47,251226
1764043200000,87822.12,88193.2,251226,2911.99,2921.38,251226
1764046800000,88341.14,88703.9,251226,2937.56,2946.77,251226
1764050400000,88120.82,88479.7,251226,2928.61,2938.53,251226
1764054000000,88003.97,88378.9,251226,2922.3,2932.57,251226
1764057600000,87384.81,87756.1,251226,2902.77,2911.62,251226
1764061200000,87009.82,87400.1,251226,2871.7,2879.42,251226
1764064800000,87231.76,87597.8,251226,2891.89,2900.42,251226
1764068400000,87411.01,87768.3,251226,2898.17,2908.36,251226
1764072000000,87361.71,87740.7,251226,2891.01,2899.63,251226
1764075600000,87509.99,87851.8,251226,2927.14,2935.85,251226
1764079200000,87083.01,87425.7,251226,2907.69,2913.28,251226
1764082800000,86741.55,87111.1,251226,2881.32,2889.71,251226
1764086400000,86988.94,87325.5,251226,2895.45,2903.16,251226
1764090000000,87121.31,87522.4,251226,2929.33,2939.49,251226
1764093600000,87625.89,87986.6,251226,2936.41,2945.48,251226
1764097200000,87239.29,87595.5,251226,2924.21,2932.9,251226
1764100800000,86882.85,87230.6,251226,2922.95,2930.58,251226
1764104400000,87382.7,87735.2,251226,2929.1,2937.56,251226
1764108000000,87032.37,87433.0,251226,2931.31,2940.03,251226
1764111600000,87642.41,87974.9,251226,2970.42,2981.37,251226
1764115200000,87369.96,87745.5,251226,2959.36,2968.94,251226
1764118800000,87573.51,87929.5,251226,2954.38,2964.99,251226
1764122400000,87921.94,88270.5,251226,2970.32,2978.17,251226
1764126000000,87711.82,88031.0,251226,2956.8,2965.45,251226
1764129600000,87119.92,87454.6,251226,2927.2,2934.83,251226
1764133200000,87230.23,87581.8,251226,2930.87,2939.6,251226
1764136800000,87519.53,87848.1,251226,2944.51,2952.33,251226
1764140400000,87794.0,88148.5,251226,2946.38,2956.17,251226
1764144000000,87935.05,88292.5,251226,2944.52,2953.54,251226
1764147600000,87424.8,87760.3,251226,2913.04,2921.96,251226
1764151200000,86825.27,87170.4,251226,2907.21,2915.79,251226
1764154800000,86955.17,87300.3,251226,2914.22,2924.52,251226
1764158400000,87095.79,87433.1,251226,2914.0,2923.31,251226
1764162000000,86643.08,86972.5,251226,2901.6,2910.49,251226
1764165600000,87128.51,87457.9,251226,2934.25,2944.68,251226
1764169200000,86899.73,87186.6,251226,2910.8,2915.44,251226
1764172800000,86978.0,87295.3,251226,2927.41,2936.05,251226
1764176400000,87820.01,88197.3,251226,2946.25,2956.36,251226
1764180000000,89830.79,90190.4,251226,3026.89,3037.12,251226
1764183600000,90145.69,90495.1,251226,3034.22,3042.62,251226
1764187200000,89957.36,90306.8,251226,3032.28,3040.48,251226
1764190800000,89866.82,90238.1,251226,3024.86,3033.59,251226
1764194400000,90195.99,90550.7,251226,3021.7,3031.02,251226
1764198000000,90386.57,90784.2,251226,3027.88,3037.12,251226
1764201600000,90484.02,90877.6,251226,3026.56,3036.49,251226
1764205200000,90485.85,90809.0,251226,3035.59,3044.4,251226
1764208800000,91145.78,91541.6,251226,3052.6,3062.12,251226
1764212400000,91389.21,91751.3,251226,3037.46,3046.33,251226
1764216000000,91091.68,91450.0,251226,3033.53,3043.48,251226
1764219600000,91277.06,91619.5,251226,3041.4,3050.9,251226
1764223200000,90967.54,91320.0,251226,3023.49,3032.65,251226
1764226800000,91244.58,91547.3,251226,3028.04,3036.18,251226
1764230400000,91408.34,91788.7,251226,3033.9,3042.85,251226
1764234000000,91492.02,91874.5,251226,3028.18,3037.45,251226
1764237600000,91561.67,91917.5,251226,3027.93,3036.85,251226
1764241200000,91613.51,91978.5,251226,3034.69,3044.28,251226
1764244800000,91371.88,91745.4,251226,3028.54,3036.63,251226
1764248400000,90986.56,91316.1,251226,2991.3,2999.54,251226
1764252000000,90852.78,91214.0,251226,2995.34,3004.08,251226
1764255600000,90789.68,91161.2,251226,2996.32,3006.2,251226
1764259200000,90958.3,91271.4,251226,3010.97,3019.03,251226
1764262800000,91467.13,91840.5,251226,3021.03,3028.97,251226
1764266400000,91479.3,91803.3,251226,3020.03,3028.98,251226
1764270000000,91791.99,92151.0,251226,3037.9,3045.38,251226
1764273600000,91528.21,91868.8,251226,3032.02,3039.05,251226
1764277200000,91433.17,91773.8,251226,3038.93,3046.54,251226
1764280800000,91416.99,91760.0,251226,3032.36,3040.75,251226
1764284400000,91317.65,91657.1,251226,3010.92,3020.75,251226
1764288000000,91333.95,91655.0,251226,3015.23,3024.34,251226
1764291600000,91207.34,91526.2,251226,3014.62,3023.38,251226
1764295200000,90804.56,91150.0,251226,2998.41,3009.45,251226
1764298800000,91083.08,91416.8,251226,3012.63,3022.39,251226
1764302400000,91208.85,91569.0,251226,3008.63,3018.46,251226
1764306000000,91424.02,91810.3,251226,3017.4,3027.57,251226
1764309600000,91612.09,91965.4,251226,3024.47,3033.82,251226
1764313200000,91300.69,91694.2,251226,3010.01,3019.47,251226
1764316800000,90910.87,91281.3,251226,3001.91,3011.45,251226
1764320400000,91690.0,92035.9,251226,3065.24,3074.94,251226
1764324000000,91599.99,91941.4,251226,3055.27,3064.66,251226
1764327600000,91850.49,92173.7,251226,3060.96,3069.89,251226
1764331200000,91437.64,91820.4,251226,3034.02,3043.86,251226
1764334800000,91513.4,91871.1,251226,3036.08,3045.48,251226
1764338400000,92377.01,92733.6,251226,3073.91,3083.06,251226
1764342000000,92250.01,92582.3,251226,3067.38,3076.17,251226
1764345600000,92362.49,92740.4,251226,3073.77,3082.11,251226
1764349200000,90936.23,91245.4,251226,3025.59,3035.3,251226
1764352800000,90663.98,90911.3,251226,3034.78,3044.72,251226
1764356400000,90830.57,91097.1,251226,3042.61,3050.7,251226
1764360000000,91157.44,91468.2,251226,3050.0,3059.74,251226
1764363600000,91201.1,91502.0,251226,3056.38,3065.28,251226
1764367200000,90888.01,91173.8,251226,3036.55,3044.65,251226
1764370800000,91122.0,91398.9,251226,3039.53,3047.04,251226
1764374400000,90890.7,91211.0,251226,3031.15,3040.21,251226
1764378000000,90884.01,91198.7,251226,3035.95,3043.65,251226
1764381600000,90881.2,91178.5,251226,3038.51,3046.89,251226
1764385200000,90798.89,91098.4,251226,3030.51,3038.51,251226
1764388800000,90680.26,90980.0,251226,3022.6,3031.1,251226
1764392400000,90901.56,91206.8,251226,3041.04,3049.18,251226
1764396000000,90747.16,91072.4,251226,3033.21,3040.63,251226
1764399600000,90565.29,90869.8,251226,3007.64,3014.51,251226
1764403200000,90567.67,90899.0,251226,3004.9,3012.01,251226
1764406800000,90629.67,90960.0,251226,3008.29,3016.53,251226
1764410400000,90560.08,90899.9,251226,3002.05,3009.1,251226
1764414000000,90552.47,90913.7,251226,2997.32,3005.22,251226
1764417600000,90673.19,91024.1,251226,2999.82,3007.02,251226
1764421200000,90616.01,90946.3,251226,2997.22,3004.86,251226
1764424800000,90783.17,91098.5,251226,2998.4,3005.83,251226
1764428400000,90621.72,90964.1,251226,2988.28,2995.03,251226
1764432000000,91063.5,91375.0,251226,3007.41,3014.34,251226
1764435600000,91004.03,91312.3,251226,3003.07,3010.67,251226
1764439200000,90421.21,90739.4,251226,2969.98,2976.12,251226
1764442800000,90690.84,91030.9,251226,2994.72,3002.63,251226
1764446400000,90640.78,90979.0,251226,2988.47,2995.63,251226
1764450000000,90963.29,91304.6,251226,2997.42,3005.24,251226
1764453600000,91008.68,91333.0,251226,2994.18,3001.12,251226
1764457200000,90753.02,91075.2,251226,2988.83,2994.79,251226
1764460800000,90802.44,91139.3,251226,2989.16,2996.9,251226
1764464400000,90893.94,91212.0,251226,2997.31,3003.9,251226
1764468000000,90913.31,91224.7,251226,3004.97,3011.17,251226
1764471600000,90795.51,91066.4,251226,2990.96,2996.86,251226
1764475200000,90909.35,91242.8,251226,3001.69,3007.88,251226
1764478800000,90858.0,91145.6,251226,2998.49,3004.98,251226
1764482400000,90783.75,91124.6,251226,2992.3,2999.72,251226
1764486000000,90898.68,91237.7,251226,2997.86,3005.05,251226
1764489600000,90968.16,91303.7,251226,3005.22,3011.18,251226
1764493200000,91184.45,91481.4,251226,3006.88,3012.93,251226
1764496800000,91413.07,91731.9,251226,3010.16,3016.2,251226
1764500400000,91234.31,91557.5,251226,3009.59,3016.01,251226
1764504000000,91048.78,91371.4,251226,3003.36,3009.24,251226
1764507600000,91469.51,91762.7,251226,3025.99,3032.86,251226
1764511200000,91769.99,92030.2,251226,3048.99,3055.03,251226
1764514800000,91499.99,91810.5,251226,3037.84,3044.42,251226
1764518400000,91435.31,91768.5,251226,3028.69,3035.08,251226
1764522000000,91825.18,92138.4,251226,3043.57,3050.82,251226
1764525600000,91488.19,91824.3,251226,3041.01,3047.24,251226
1764529200000,91459.9,91770.2,251226,3036.9,3043.89,251226
1764532800000,91460.79,91784.4,251226,3034.71,3041.66,251226
1764536400000,91315.6,91664.0,251226,3028.94,3036.72,251226
1764540000000,91174.22,91499.8,251226,3022.34,3027.3,251226
1764543600000,91225.28,91600.0,251226,3033.62,3039.75,251226
1764547200000,90360.0,90681.7,251226,2991.26,2998.31,251226
1764550800000,87000.0,87274.5,251226,2836.4,2843.05,251226
1764554400000,87168.91,87440.4,251226,2850.86,2856.92,251226
1764558000000,86722.29,86988.6,251226,2837.92,2844.44,251226
1764561600000,86346.13,86611.6,251226,2825.77,2831.94,251226
1764565200000,85801.03,86091.8,251226,2821.83,2829.28,251226
1764568800000,86001.08,86227.9,251226,2827.8,2834.68,251226
1764572400000,86234.16,86480.2,251226,2824.56,2830.63,251226
1764576000000,86550.3,86769.5,251226,2840.21,2845.33,251226
1764579600000,86869.51,87092.6,251226,2840.55,2846.23,251226
1764583200000,86704.86,86977.3,251226,2839.59,2847.35,251226
1764586800000,86647.73,86899.8,251226,2844.02,2851.57,251226
1764590400000,86149.15,86361.9,251226,2838.35,2844.66,251226
1764594000000,85430.64,85700.1,251226,2821.08,2829.99,251226
1764597600000,85986.85,86242.7,251226,2813.29,2821.65,251226
1764601200000,86067.9,86307.7,251226,2818.03,2824.42,251226
1764604800000,84677.87,84929.5,251226,2745.72,2751.35,251226
1764608400000,84571.8,84781.5,251226,2731.47,2737.33,251226
1764612000000,84920.3,85204.3,251226,2739.62,2746.27,251226
1764615600000,85199.48,85475.6,251226,2749.54,2757.02,251226
1764619200000,85024.5,85269.8,251226,2740.8,2747.72,251226
1764622800000,85518.0,85750.0,251226,2757.82,2763.39,251226
1764626400000,86436.65,86683.9,251226,2791.71,2797.41,251226
1764630000000,86572.65,86832.6,251226,2797.35,2803.93,251226
1764633600000,86286.01,86563.4,251226,2799.07,2807.12,251226
1764637200000,86513.33,86782.1,251226,2795.68,2801.97,251226
1764640800000,86454.93,86710.5,251226,2795.09,2802.22,251226
1764644400000,86554.47,86791.8,251226,2801.14,2807.85,251226
1764648000000,86976.99,87227.7,251226,2804.55,2810.1,251226
1764651600000,86970.28,87215.4,251226,2805.0,2812.27,251226
1764655200000,87008.2,87269.6,251226,2803.21,2809.74,251226
1764658800000,87090.46,87359.0,251226,2812.92,2819.86,251226
1764662400000,87012.65,87318.8,251226,2805.65,2812.1,251226
1764666000000,86471.89,86712.0,251226,2798.18,2804.51,251226
1764669600000,86769.87,87039.1,251226,2798.05,2804.15,251226
1764673200000,87272.44,87561.6,251226,2823.13,2829.39,251226
1764676800000,87368.92,87585.7,251226,2826.18,2831.29,251226
1764680400000,87264.2,87476.9,251226,2827.86,2831.29,251226
1764684000000,87731.41,87974.2,251226,2844.73,2849.09,251226
1764687600000,89271.99,89542.7,251226,2894.98,2899.75,251226
1764691200000,90850.01,91120.9,251226,3006.61,3012.75,251226
1764694800000,90759.15,90995.4,251226,2995.58,3001.51,251226
1764698400000,91458.4,91683.8,251226,3015.83,3021.9,251226
1764702000000,91954.49,92213.2,251226,3013.56,3019.94,251226
1764705600000,91903.39,92180.1,251226,3015.83,3022.05,251226
1764709200000,91026.67,91326.6,251226,2979.72,2987.34,251226
1764712800000,91562.43,91835.1,251226,2995.45,3001.69,251226
1764716400000,91981.91,92263.3,251226,3017.55,3023.41,251226
1764720000000,91277.88,91567.8,251226,2996.07,3002.59,251226
1764723600000,91660.12,91911.5,251226,3003.2,3010.08,251226
1764727200000,92251.63,92486.8,251226,3015.84,3020.8,251226
1764730800000,92817.92,93060.9,251226,3031.0,3036.39,251226
1764734400000,92628.91,92937.5,251226,3030.75,3036.9,251226
1764738000000,93362.21,93630.5,251226,3056.77,3063.03,251226
1764741600000,93642.92,93898.3,251226,3058.57,3064.41,251226
1764745200000,93431.8,93672.3,251226,3067.21,3073.01,251226
1764748800000,92999.99,93295.6,251226,3057.44,3064.42,251226
1764752400000,92765.65,93055.2,251226,3050.77,3058.22,251226
1764756000000,93178.46,93448.1,251226,3060.64,3067.42,251226
1764759600000,92939.4,93205.8,251226,3055.61,3062.55,251226
1764763200000,93005.68,93287.6,251226,3073.23,3080.43,251226
1764766800000,92937.39,93177.0,251226,3081.14,3087.66,251226
1764770400000,93130.88,93396.8,251226,3090.27,3096.76,251226
1764774000000,92357.54,92634.4,251226,3076.53,3083.89,251226
1764777600000,92373.3,92637.4,251226,3086.12,3091.22,251226
1764781200000,92242.24,92518.3,251226,3088.35,3096.14,251226
1764784800000,92956.22,93230.4,251226,3127.9,3135.22,251226
1764788400000,92623.86,92853.3,251226,3115.3,3121.16,251226
1764792000000,93024.99,93278.2,251226,3128.2,3135.0,251226
1764795600000,92980.43,93244.7,251226,3138.26,3146.72,251226
1764799200000,93700.0,93983.7,251226,3164.42,3172.75,251226
1764802800000,93781.01,94069.8,251226,3189.22,3196.68,251226
1764806400000,93429.95,93717.9,251226,3188.36,3195.83,251226
1764810000000,93054.86,93321.4,251226,3198.29,3203.69,251226
1764813600000,93195.07,93447.5,251226,3202.99,3210.91,251226
1764817200000,93943.24,94251.5,251226,3221.56,3230.07,251226
1764820800000,93543.04,93811.7,251226,3210.13,3217.51,251226
1764824400000,93360.58,93617.3,251226,3191.63,3199.21,251226
1764828000000,92979.25,93279.6,251226,3185.31,3193.23,251226
1764831600000,93140.74,93439.5,251226,3205.13,3212.92,251226
1764835200000,93397.67,93695.4,251226,3190.1,3199.5,251226
1764838800000,93260.63,93453.5,251226,3184.05,3191.37,251226
1764842400000,93454.7,93691.4,251226,3200.04,3207.8,251226
1764846000000,93260.0,93501.2,251226,3188.41,3195.0,251226
1764849600000,92948.31,93199.8,251226,3186.55,3193.24,251226
1764853200000,92990.18,93222.0,251226,3176.8,3182.31,251226
1764856800000,92516.38,92769.1,251226,3170.57,3176.78,251226
1764860400000,91894.01,92137.0,251226,3144.5,3151.26,251226
1764864000000,92971.49,93192.8,251226,3208.15,3213.16,251226
1764867600000,92431.72,92636.0,251226,3169.0,3174.67,251226
1764871200000,92426.76,92622.6,251226,3160.57,3167.59,251226
1764874800000,92127.52,92342.9,251226,3141.27,3146.62,251226
1764878400000,91975.44,92231.9,251226,3119.27,3126.13,251226
1764882000000,92476.25,92728.0,251226,3141.36,3146.29,251226
1764885600000,92158.23,92419.2,251226,3123.34,3128.87,251226
1764889200000,92348.78,92596.2,251226,3143.66,3150.65,251226
1764892800000,92078.06,92311.7,251226,3133.26,3139.86,251226
1764896400000,92299.08,92566.3,251226,3146.68,3153.41,251226
1764900000000,92358.03,92590.9,251226,3163.56,3170.36,251226
1764903600000,92518.4,92764.5,251226,3183.22,3189.37,251226
1764907200000,92142.75,92411.4,251226,3170.98,3176.38,251226
1764910800000,92028.14,92260.9,251226,3168.15,3173.54,251226
1764914400000,91932.85,92162.9,251226,3155.96,3159.22,251226
1764918000000,92275.26,92495.6,251226,3169.07,3174.87,251226
1764921600000,92258.65,92483.9,251226,3173.94,3180.6,251226
1764925200000,92112.04,92332.7,251226,3155.17,3161.64,251226
1764928800000,91128.56,91359.2,251226,3121.8,3128.95,251226
1764932400000,91272.85,91480.2,251226,3134.88,3140.59,251226
1764936000000,91351.43,91529.0,251226,3131.38,3134.77,251226
1764939600000,91242.4,91466.2,251226,3128.25,3133.41,251226
1764943200000,90465.14,90677.7,251226,3099.05,3104.66,251226
1764946800000,90287.67,90490.3,251226,3103.51,3108.26,251226
1764950400000,90459.35,90640.9,251226,3106.34,3110.67,251226
1764954000000,88810.89,88973.3,251226,3032.78,3038.13,251226
1764957600000,89336.13,89482.8,251226,3033.52,3038.6,251226
1764961200000,88936.04,89094.0,251226,3007.53,3011.46,251226
1764964800000,89629.26,89801.1,251226,3038.49,3043.18,251226
1764968400000,89301.75,89479.1,251226,3022.52,3027.42,251226
1764972000000,89177.68,89314.9,251226,3020.22,3024.3,251226
1764975600000,89232.47,89472.2,251226,3027.13,3030.83,251226
1764979200000,89330.04,89519.8,251226,3021.78,3027.07,251226
1764982800000,89422.25,89625.9,251226,3025.96,3031.31,251226
1764986400000,89333.83,89484.6,251226,3026.82,3030.24,251226
1764990000000,89390.9,89598.1,251226,3029.06,3033.19,251226
1764993600000,89688.35,89856.0,251226,3040.31,3044.46,251226
1764997200000,89659.01,89850.9,251226,3036.59,3041.89,251226
1765000800000,89604.98,89790.5,251226,3037.46,3043.4,251226
1765004400000,89688.65,89878.5,251226,3039.43,3044.27,251226
1765008000000,89597.13,89779.8,251226,3026.25,3030.81,251226
1765011600000,89277.14,89458.1,251226,3014.45,3019.12,251226
1765015200000,89574.12,89752.5,251226,3030.0,3034.9,251226
1765018800000,89506.0,89712.5,251226,3030.65,3035.99,251226
1765022400000,89631.28,89810.0,251226,3038.99,3042.27,251226
1765026000000,89581.19,89769.6,251226,3031.65,3036.02,251226
1765029600000,89673.73,89868.7,251226,3036.01,3039.6,251226
1765033200000,90004.76,90199.3,251226,3055.11,3058.92,251226
1765036800000,89758.77,89942.8,251226,3041.69,3044.74,251226
1765040400000,89707.8,89902.0,251226,3052.4,3056.49,251226
1765044000000,89712.85,89844.4,251226,3055.36,3060.59,251226
1765047600000,89646.71,89842.3,251226,3042.41,3047.53,251226
1765051200000,89405.64,89577.9,251226,3030.44,3034.74,251226
1765054800000,89548.88,89733.5,251226,3040.0,3044.36,251226
1765058400000,89420.28,89620.2,251226,3042.98,3045.74,251226
1765062000000,89285.94,89476.5,251226,3042.04,3045.47,251226
1765065600000,89236.79,89406.1,251226,3038.06,3041.69,251226
1765069200000,89392.39,89587.5,251226,3044.8,3049.41,251226
1765072800000,89300.0,89480.0,251226,3042.95,3047.33,251226
1765076400000,89621.96,89819.8,251226,3053.79,3057.73,251226
1765080000000,89722.37,89878.6,251226,3053.92,3057.44,251226
1765083600000,89535.95,89721.3,251226,3046.57,3050.13,251226
1765087200000,89515.01,89724.5,251226,3045.02,3048.25,251226
1765090800000,89709.99,89868.7,251226,3048.34,3051.96,251226
1765094400000,89379.72,89542.5,251226,3037.29,3039.71,251226
1765098000000,89316.61,89500.1,251226,3034.68,3037.94,251226
1765101600000,89104.23,89280.7,251226,3030.37,3034.51,251226
1765105200000,89240.18,89405.0,251226,3038.02,3041.83,251226
1765108800000,89149.18,89336.9,251226,3035.77,3039.85,251226
1765112400000,89475.9,89667.3,251226,3049.12,3052.16,251226
1765116000000,89053.74,89237.1,251226,3031.55,3037.79,251226
1765119600000,88220.53,88435.9,251226,2942.65,2946.16,251226
1765123200000,89554.52,89770.2,251226,3027.01,3031.05,251226
1765126800000,89893.38,90108.6,251226,3039.97,3044.73,251226
1765130400000,90945.17,91190.6,251226,3112.96,3118.71,251226
1765134000000,91363.78,91590.5,251226,3128.78,3133.57,251226
1765137600000,91425.52,91550.2,251226,3137.92,3143.07,251226
1765141200000,91439.04,91653.9,251226,3141.19,3148.1,251226
1765144800000,90231.32,90396.5,251226,3085.35,3090.74,251226
1765148400000,89597.03,89782.3,251226,3033.59,3039.04,251226
1765152000000,90395.31,90580.1,251226,3059.85,3063.82,251226
1765155600000,90346.7,90540.4,251226,3063.23,3068.14,251226
1765159200000,90910.7,91121.0,251226,3098.25,3102.05,251226
1765162800000,91364.18,91577.2,251226,3109.77,3114.79,251226
1765166400000,91068.29,91307.4,251226,3111.01,3115.52,251226
1765170000000,91291.33,91472.2,251226,3128.44,3133.7,251226
1765173600000,91334.03,91568.3,251226,3130.63,3135.76,251226
1765177200000,91464.54,91664.9,251226,3130.53,3134.83,251226
1765180800000,91565.46,91764.1,251226,3134.31,3138.14,251226
1765184400000,91833.9,92051.3,251226,3143.77,3148.64,251226
1765188000000,91912.02,92128.0,251226,3158.69,3164.31,251226
1765191600000,92133.4,92351.5,251226,3160.46,3166.37,251226
1765195200000,91968.29,92172.9,251226,3142.25,3145.92,251226
1765198800000,91768.96,91973.1,251226,3131.57,3136.65,251226
1765202400000,91467.82,91633.9,251226,3145.84,3149.92,251226
1765206000000,90852.56,91042.5,251226,3128.49,3131.93,251226
1765209600000,89961.37,90165.7,251226,3101.54,3105.2,251226
1765213200000,89978.48,90154.2,251226,3107.9,3108.42,251226
1765216800000,90257.98,90400.0,251226,3120.61,3123.46,251226
1765220400000,89921.68,90037.9,251226,3092.58,3096.22,251226
1765224000000,90124.48,90261.6,251226,3118.64,3120.0,251226
1765227600000,90799.92,90955.5,251226,3135.91,3139.85,251226
1765231200000,91316.01,91548.4,251226,3146.25,3152.86,251226
1765234800000,90833.86,91028.5,251226,3129.93,3134.96,251226
1765238400000,90634.34,90832.6,251226,3124.16,3129.2,251226
1765242000000,90396.73,90566.6,251226,3119.57,3124.27,251226
1765245600000,90055.8,90218.0,251226,3106.87,3111.67,251226
1765249200000,90068.2,90254.0,251226,3098.62,3102.16,251226
1765252800000,90405.01,90584.2,251226,3129.26,3132.77,251226
1765256400000,89917.53,90121.7,251226,3107.01,3110.42,251226
1765260000000,89899.35,90086.8,251226,3108.21,3110.86,251226
1765263600000,90166.84,90351.5,251226,3113.06,3117.36,251226
1765267200000,90496.8,90689.3,251226,3123.0,3125.12,251226
1765270800000,90498.72,90680.7,251226,3120.97,3125.16,251226
1765274400000,90131.59,90319.9,251226,3106.0,3109.33,251226
1765278000000,90298.45,90460.3,251226,3107.66,3109.98,251226
1765281600000,90384.55,90566.4,251226,3118.35,3121.24,251226
1765285200000,90580.0,90755.8,251226,3137.57,3140.53,251226
1765288800000,90431.03,90567.2,251226,3117.36,3119.68,251226
1765292400000,90357.59,90518.3,251226,3117.41,3120.57,251226
1765296000000,92707.51,92820.6,251226,3245.88,3248.74,251226
1765299600000,94187.81,94370.7,251226,3366.02,3371.55,251226
1765303200000,93917.99,94065.8,251226,3375.23,3378.16,251226
1765306800000,93920.48,94117.8,251226,3376.06,3379.1,251226
1765310400000,93800.83,93977.8,251226,3357.88,3361.79,251226
1765314000000,93116.76,93309.3,251226,3327.18,3331.35,251226
1765317600000,92640.0,92842.8,251226,3301.9,3306.19,251226
1765321200000,92884.0,93087.9,251226,3328.46,3334.78,251226
1765324800000,92678.8,92868.9,251226,3318.04,3322.17,251226
1765328400000,92130.81,92328.0,251226,3305.98,3310.73,251226
1765332000000,92316.36,92509.3,251226,3302.93,3307.77,251226
1765335600000,92495.68,92705.3,251226,3310.88,3313.88,251226
1765339200000,92410.62,92601.0,251226,3309.73,3313.07,251226
1765342800000,92552.62,92759.3,251226,3322.66,3326.22,251226
1765346400000,92556.28,92747.4,251226,3322.29,3326.73,251226
1765350000000,92700.0,92890.2,251226,3325.97,3329.93,251226
1765353600000,92782.91,92986.1,251226,3327.21,3332.16,251226
1765357200000,92605.0,92873.1,251226,3322.27,3330.21,251226
1765360800000,92920.01,93113.5,251226,3347.89,3353.44,251226
1765364400000,92272.66,92462.0,251226,3312.36,3316.25,251226
1765368000000,92120.45,92272.3,251226,3318.39,3321.18,251226
1765371600000,91987.22,92172.5,251226,3324.56,3327.99,251226
1765375200000,92093.66,92263.4,251226,3334.58,3338.78,251226
1765378800000,91831.24,91980.2,251226,3319.41,3322.27,251226
1765382400000,92063.69,92226.0,251226,3328.25,3332.92,251226
1765386000000,92174.11,92337.4,251226,3351.4,3355.19,251226
1765389600000,92396.23,92547.4,251226,3370.47,3371.7,251226
1765393200000,92503.48,92664.5,251226,3381.56,3387.28,251226
1765396800000,92957.67,93119.3,251226,3390.71,3393.85,251226
1765400400000,92453.89,92601.5,251226,3355.44,3361.23,251226
1765404000000,92356.38,92462.7,251226,3339.83,3345.48,251226
1765407600000,92509.94,92758.7,251226,3346.5,3351.19,251226
1765411200000,92015.37,92154.6,251226,3324.14,3327.72,251226
1765414800000,91386.17,91541.9,251226,3279.58,3283.35,251226
1765418400000,90674.74,90806.3,251226,3254.89,3258.17,251226
1765422000000,90074.0,90167.4,251226,3211.0,3212.91,251226
1765425600000,89880.01,90002.9,251226,3191.42,3194.26,251226
1765429200000,90436.55,90586.7,251226,3215.45,3217.6,251226
1765432800000,90316.72,90453.3,251226,3214.35,3216.77,251226
1765436400000,90301.35,90434.6,251226,3202.77,3205.13,251226
1765440000000,90272.75,90349.9,251226,3201.51,3204.07,251226
1765443600000,90183.71,90315.2,251226,3197.06,3201.1,251226
1765447200000,90234.19,90388.3,251226,3198.56,3203.87,251226
1765450800000,90320.15,90488.1,251226,3196.13,3200.44,251226
1765454400000,90242.35,90423.9,251226,3192.75,3197.05,251226
1765458000000,90032.31,90211.6,251226,3199.14,3203.26,251226
1765461600000,90103.53,90256.8,251226,3191.97,3195.5,251226
1765465200000,89545.24,89732.4,251226,3159.76,3163.63,251226
1765468800000,89872.51,90033.3,251226,3179.25,3187.63,251226
1765472400000,89737.11,89865.7,251226,3175.08,3179.18,251226
1765476000000,89983.23,90140.3,251226,3181.52,3185.71,251226
1765479600000,90710.5,90850.2,251226,3203.47,3207.91,251226
1765483200000,90839.81,90978.7,251226,3194.51,3199.65,251226
1765486800000,91792.99,91922.9,251226,3221.73,3225.76,251226
1765490400000,92858.39,93020.7,251226,3249.41,3253.87,251226
1765494000000,92352.0,92527.9,251226,3238.28,3243.46,251226
1765497600000,92513.38,92646.2,251226,3237.39,3240.94,251226
1765501200000,91573.88,91711.4,251226,3189.24,3192.33,251226
1765504800000,92170.0,92314.1,251226,3234.7,3238.66,251226
1765508400000,92588.79,92743.7,251226,3258.63,3261.75,251226
1765512000000,92283.4,92456.3,251226,3245.49,3249.9,251226
1765515600000,92396.69,92542.2,251226,3247.54,3250.53,251226
1765519200000,92444.42,92615.3,251226,3247.7,3251.2,251226
1765522800000,92513.34,92686.8,251226,3254.04,3257.93,251226
1765526400000,92425.34,92592.5,251226,3246.55,3249.46,251226
1765530000000,92342.39,93385.5,260327,3244.8,3273.31,260327
1765533600000,92520.56,93601.5,260327,3251.38,3282.42,260327
1765537200000,92492.32,93574.3,260327,3244.06,3275.92,260327
1765540800000,92418.19,93465.3,260327,3242.59,3270.81,260327
1765544400000,92419.99,93459.9,260327,3247.57,3277.51,260327
1765548000000,92302.79,93325.8,260327,3242.5,3271.8,260327
1765551600000,92444.0,93526.5,260327,3231.43,3265.19,260327
1765555200000,89935.14,90987.0,260327,3071.41,3102.22,260327
1765558800000,90046.54,91063.9,260327,3069.46,3095.15,260327
1765562400000,90083.09,91087.7,260327,3066.3,3095.93,260327
1765566000000,90372.0,91386.9,260327,3079.74,3109.25,260327
1765569600000,90198.22,91218.0,260327,3073.74,3104.71,260327
1765573200000,90214.08,91255.0,260327,3081.9,3110.73,260327
1765576800000,90193.94,91232.2,260327,3081.28,3110.69,260327
1765580400000,90335.92,91328.2,260327,3093.3,3120.15,260327
1765584000000,90268.42,91297.1,260327,3084.86,3111.16,260327
1765587600000,90323.01,91355.5,260327,3086.4,3113.29,260327
1765591200000,90229.91,91243.6,260327,3084.32,3111.42,260327
1765594800000,90232.77,91239.7,260327,3084.73,3112.34,260327
1765598400000,90345.54,91337.1,260327,3089.85,3116.19,260327
1765602000000,90371.81,91379.6,260327,3090.11,3116.96,260327
1765605600000,90342.91,91289.8,260327,3089.59,3115.5,260327
1765609200000,90351.45,91358.1,260327,3094.05,3121.04,260327
1765612800000,90329.97,91353.1,260327,3094.72,3120.85,260327
1765616400000,90458.19,91466.8,260327,3116.26,3142.62,260327
1765620000000,90422.57,91441.3,260327,3118.19,3146.26,260327
1765623600000,90595.13,91633.3,260327,3127.68,3153.89,260327
1765627200000,90330.36,91374.7,260327,3119.35,3144.96,260327
1765630800000,90341.05,91372.5,260327,3115.15,3139.68,260327
1765634400000,90245.87,91353.3,260327,3109.77,3134.66,260327
1765638000000,90079.7,91155.2,260327,3110.75,3136.38,260327
1765641600000,90092.16,91160.4,260327,3109.63,3135.07,260327
1765645200000,90087.28,91125.4,260327,3105.36,3130.64,260327
1765648800000,90052.61,91089.1,260327,3100.79,3124.23,260327
1765652400000,90119.89,91142.5,260327,3101.8,3122.47,260327
1765656000000,90178.16,91209.3,260327,3108.41,3130.91,260327
1765659600000,90088.31,91099.7,260327,3104.24,3126.6,260327
1765663200000,90175.97,91162.6,260327,3111.63,3137.46,260327
1765666800000,90140.1,91148.6,260327,3114.37,3138.18,260327
1765670400000,90240.01,91277.3,260327,3114.64,3139.63,260327
1765674000000,90340.0,91364.0,260327,3119.31,3142.52,260327
1765677600000,90293.29,91328.1,260327,3119.91,3143.62,260327
1765681200000,90290.17,91277.2,260327,3122.64,3146.63,260327
1765684800000,90258.98,91282.4,260327,3118.96,3143.79,260327
1765688400000,90201.5,91188.3,260327,3111.31,3133.76,260327
1765692000000,90199.06,91246.6,260327,3111.63,3135.16,260327
1765695600000,90145.26,91166.1,260327,3110.72,3133.24,260327
1765699200000,90245.6,91253.1,260327,3115.3,3139.05,260327
1765702800000,90108.28,91108.8,260327,3111.02,3133.24,260327
1765706400000,90020.06,91023.9,260327,3109.16,3132.37,260327
1765710000000,89853.69,90843.0,260327,3107.57,3131.32,260327
1765713600000,89360.0,90361.4,260327,3084.84,3109.03,260327
1765717200000,89431.65,90428.8,260327,3098.54,3124.0,260327
1765720800000,89489.5,90513.2,260327,3101.54,3126.08,260327
1765724400000,89118.04,90108.4,260327,3085.84,3111.08,260327
1765728000000,89022.91,90045.0,260327,3084.51,3107.04,260327
1765731600000,88836.98,89809.3,260327,3097.75,3123.96,260327
1765735200000,88810.67,89826.9,260327,3084.95,3108.1,260327
1765738800000,88997.28,90005.4,260327,3101.73,3127.71,260327
1765742400000,88644.88,89635.5,260327,3093.71,3116.64,260327
1765746000000,88558.97,89520.4,260327,3082.89,3109.85,260327
1765749600000,88443.85,89422.1,260327,3081.86,3107.93,260327
1765753200000,88415.29,89355.7,260327,3074.24,3100.09,260327
1765756800000,88172.17,89066.0,260327,3063.5,3088.42,260327
1765760400000,88465.9,89374.3,260327,3074.72,3101.47,260327
1765764000000,89242.32,90201.7,260327,3108.54,3134.86,260327
1765767600000,89321.85,90270.0,260327,3120.27,3146.18,260327
1765771200000,89282.6,90257.0,260327,3108.68,3134.27,260327
1765774800000,89667.64,90652.1,260327,3123.79,3149.96,260327
1765778400000,89615.24,90549.8,260327,3120.28,3146.47,260327
1765782000000,89735.88,90721.8,260327,3137.28,3163.78,260327
1765785600000,89753.42,90750.0,260327,3128.9,3155.51,260327
1765789200000,89770.01,90753.6,260327,3139.84,3166.97,260327
1765792800000,89865.12,90860.9,260327,3153.79,3179.32,260327
1765796400000,89858.95,90816.9,260327,3159.67,3185.08,260327
1765800000000,89641.28,90610.0,260327,3156.73,3182.5,260327
1765803600000,89695.75,90670.6,260327,3155.96,3182.1,260327
1765807200000,89432.0,90359.4,260327,3132.18,3158.08,260327
1765810800000,88050.01,89000.0,260327,3048.72,3075.0,260327
1765814400000,87033.22,87967.2,260327,3010.96,3036.95,260327
1765818000000,86400.01,87260.2,260327,2988.94,3014.18,260327
1765821600000,85762.87,86588.9,260327,2937.19,2959.18,260327
1765825200000,86185.39,87065.8,260327,2938.0,2958.83,260327
1765828800000,86149.96,87026.9,260327,2940.3,2963.67,260327
1765832400000,85787.04,86617.9,260327,2929.18,2951.49,260327
1765836000000,86243.78,87102.3,260327,2946.23,2966.83,260327
1765839600000,86259.31,87129.6,260327,2952.03,2974.65,260327
1765843200000,86432.08,87285.5,260327,2964.85,2987.03,260327
1765846800000,85865.48,86683.6,260327,2942.3,2965.47,260327
1765850400000,85891.02,86764.6,260327,2946.73,2971.13,260327
1765854000000,85944.01,86784.3,260327,2945.85,2969.25,260327
1765857600000,85875.92,86738.0,260327,2937.0,2958.2,260327
1765861200000,85838.51,86701.7,260327,2918.17,2941.17,260327
1765864800000,86028.11,86860.0,260327,2922.85,2949.72,260327
1765868400000,86508.0,87338.5,260327,2945.7,2971.32,260327
1765872000000,86021.51,86839.1,260327,2924.11,2946.21,260327
1765875600000,86281.18,87051.0,260327,2931.45,2954.46,260327
1765879200000,86350.0,87158.0,260327,2926.93,2950.04,260327
1765882800000,86980.01,87793.3,260327,2947.98,2972.82,260327
1765886400000,87261.45,88123.1,260327,2957.93,2980.55,260327
1765890000000,87212.98,88071.1,260327,2951.95,2975.83,260327
1765893600000,86443.02,87272.4,260327,2910.67,2934.34,260327
1765897200000,87297.99,88096.4,260327,2941.35,2965.0,260327
1765900800000,87977.43,88823.5,260327,2963.31,2986.81,260327
1765904400000,87588.26,88431.7,260327,2938.59,2962.95,260327
1765908000000,87131.99,87954.5,260327,2919.62,2942.89,260327
1765911600000,87781.35,88609.1,260327,2952.13,2975.17,260327
1765915200000,87585.77,88444.4,260327,2945.58,2970.9,260327
1765918800000,87573.23,88444.4,260327,2947.53,2973.51,260327
1765922400000,87768.59,88609.5,260327,2951.44,2974.28,260327
1765926000000,87783.34,88616.3,260327,2954.23,2978.48,260327
1765929600000,87863.42,88694.9,260327,2962.3,2985.58,260327
1765933200000,87537.21,88370.4,260327,2949.68,2971.69,260327
1765936800000,87552.3,88338.4,260327,2954.11,2976.02,260327
1765940400000,87483.04,88301.2,260327,2959.38,2981.82,260327
1765944000000,87213.59,88019.5,260327,2947.8,2970.21,260327
1765947600000,86752.26,87574.2,260327,2932.31,2955.45,260327
1765951200000,86626.39,87470.8,260327,2930.45,2952.84,260327
1765954800000,86777.98,87601.4,260327,2936.47,2959.79,260327
1765958400000,87045.59,87884.8,260327,2947.92,2970.61,260327
1765962000000,86395.66,87243.9,260327,2926.0,2948.28,260327
1765965600000,86417.46,87251.2,260327,2923.25,2946.7,260327
1765969200000,86624.49,87411.1,260327,2920.44,2943.07,260327
1765972800000,86983.26,87789.1,260327,2928.71,2952.0,260327
1765976400000,87029.55,87875.2,260327,2925.36,2950.13,260327
1765980000000,87631.37,88496.7,260327,2944.52,2970.12,260327
1765983600000,89675.85,90569.3,260327,2995.89,3020.12,260327
1765987200000,87233.44,88105.8,260327,2904.66,2930.46,260327
1765990800000,86986.51,87862.8,260327,2864.29,2889.41,260327
1765994400000,86427.12,87302.7,260327,2847.6,2872.06,260327
1765998000000,85829.22,86655.0,260327,2813.88,2837.62,260327
1766001600000,86018.53,86893.3,260327,2820.28,2843.7,260327
1766005200000,85891.18,86774.3,260327,2823.05,2846.88,260327
1766008800000,85982.88,86876.0,260327,2819.93,2843.44,260327
1766012400000,86339.09,87216.2,260327,2834.99,2858.03,260327
1766016000000,86243.22,87120.0,260327,2833.49,2857.34,260327
1766019600000,86230.74,87113.0,260327,2836.27,2859.31,260327
1766023200000,86119.21,86989.1,260327,2827.2,2847.03,260327
1766026800000,86699.64,87515.8,260327,2837.15,2861.79,260327
1766030400000,86618.34,87444.6,260327,2832.06,2856.95,260327
1766034000000,86765.43,87609.3,260327,2838.24,2862.27,260327
1766037600000,86440.9,87243.3,260327,2825.44,2849.71,260327
1766041200000,86645.93,87477.6,260327,2831.35,2855.65,260327
1766044800000,86833.84,87708.8,260327,2836.45,2859.77,260327
1766048400000,86978.98,87826.1,260327,2841.64,2865.16,260327
1766052000000,87280.95,88172.9,260327,2852.72,2876.45,260327
1766055600000,87341.95,88169.2,260327,2859.42,2881.86,260327
1766059200000,87300.74,88152.4,260327,2859.09,2883.37,260327
1766062800000,87259.99,88143.8,260327,2871.25,2897.43,260327
1766066400000,88851.7,89785.0,260327,2964.1,2992.35,260327
1766070000000,88345.2,89294.3,260327,2950.44,2975.18,260327
1766073600000,88513.44,89445.8,260327,2965.19,2991.58,260327
1766077200000,88014.0,88950.9,260327,2943.8,2972.94,260327
1766080800000,86483.56,87391.9,260327,2845.57,2870.0,260327
1766084400000,85970.0,86874.3,260327,2827.58,2853.24,260327
1766088000000,84483.79,85430.0,260327,2781.93,2810.43,260327
1766091600000,84582.65,85493.0,260327,2781.26,2807.72,260327
1766095200000,85630.95,86533.3,260327,2829.79,2854.54,260327
1766098800000,85582.88,86504.7,260327,2829.42,2854.1,260327
1766102400000,85516.41,86409.0,260327,2828.57,2853.69,260327
1766106000000,85604.88,86512.7,260327,2831.05,2856.0,260327
1766109600000,85320.43,86192.4,260327,2821.03,2848.38,260327
1766113200000,85643.44,86580.2,260327,2835.61,2862.11,260327
1766116800000,86891.39,87865.4,260327,2909.01,2932.3,260327
1766120400000,87103.34,88050.3,260327,2921.13,2950.02,260327
1766124000000,87139.95,88094.5,260327,2922.68,2950.17,260327
1766127600000,87483.41,88456.0,260327,2948.01,2973.12,260327
1766131200000,87953.4,88938.8,260327,2951.73,2979.74,260327
1766134800000,88102.78,89106.4,260327,2950.9,2979.69,260327
1766138400000,88105.03,89085.2,260327,2955.23,2983.74,260327
1766142000000,88267.09,89316.3,260327,2954.33,2983.32,260327
1766145600000,88198.7,89201.7,260327,2964.96,2992.09,260327
1766149200000,87855.92,88866.6,260327,2956.19,2984.19,260327
1766152800000,87997.14,88969.6,260327,2961.54,2990.34,260327
1766156400000,88180.01,89171.2,260327,2976.83,3004.92,260327
1766160000000,87951.87,89049.2,260327,2964.99,2993.27,260327
1766163600000,87983.25,89029.6,260327,2966.99,2993.5,260327
1766167200000,86943.25,88029.4,260327,2940.0,2967.42,260327
1766170800000,87155.44,88200.9,260327,2966.32,2994.89,260327
1766174400000,87845.92,88893.9,260327,2985.02,3013.31,260327
1766178000000,88099.6,89148.8,260327,2995.52,3023.23,260327
1766181600000,87839.4,88903.0,260327,2977.86,3005.39,260327
1766185200000,88344.78,89367.2,260327,2987.84,3016.1,260327
1766188800000,88136.94,89223.8,260327,2979.5,3007.58,260327
1766192400000,88005.63,89062.9,260327,2974.55,3003.04,260327
1766196000000,88075.89,89120.1,260327,2976.2,3005.19,260327
1766199600000,88204.04,89260.1,260327,2982.66,3011.01,260327
1766203200000,88214.98,89292.5,260327,2989.41,3017.85,260327
1766206800000,88295.37,89285.9,260327,2984.31,3010.77,260327
1766210400000,88295.31,89351.6,260327,2980.99,3008.0,260327
1766214000000,88305.81,89352.6,260327,2980.55,3008.15,260327
1766217600000,88275.41,89286.7,260327,2981.24,3009.2,260327
1766221200000,88257.21,89307.5,260327,2983.05,3011.02,260327
1766224800000,88224.0,89244.2,260327,2983.16,3010.85,260327
1766228400000,88163.99,89169.8,260327,2979.04,3007.04,260327
1766232000000,88277.66,89286.8,260327,2987.13,3013.94,260327
1766235600000,88256.08,89266.3,260327,2989.3,3014.93,260327
1766239200000,88270.39,89348.9,260327,2980.0,3006.2,260327
1766242800000,88260.88,89320.0,260327,2980.31,3005.99,260327
1766246400000,88178.71,89215.0,260327,2977.27,3003.57,260327
1766250000000,88149.72,89187.7,260327,2978.9,3005.22,260327
1766253600000,88181.8,89215.6,260327,2978.02,3005.75,260327
1766257200000,88313.21,89351.6,260327,2978.05,3004.33,260327
1766260800000,88232.92,89276.8,260327,2978.05,3005.73,260327
1766264400000,88271.6,89282.5,260327,2984.59,3011.19,260327
1766268000000,88208.73,89256.5,260327,2978.9,3005.65,260327
1766271600000,88279.35,89303.7,260327,2977.37,3004.21,260327
1766275200000,88360.9,89407.3,260327,2977.93,3004.82,260327
1766278800000,88387.92,89406.1,260327,2979.76,3006.42,260327
1766282400000,88011.83,89047.4,260327,2967.53,2997.95,260327
1766286000000,87943.76,88980.8,260327,2965.72,2992.75,260327
1766289600000,88070.64,89091.9,260327,2972.81,2999.74,260327
1766293200000,88065.83,89097.9,260327,2975.18,3001.68,260327
1766296800000,88138.95,89158.1,260327,2973.44,2999.74,260327
1766300400000,88090.72,89107.6,260327,2976.27,3001.39,260327
1766304000000,88174.79,89171.6,260327,2981.09,3007.93,260327
1766307600000,88537.87,89571.1,260327,2992.12,3018.72,260327
1766311200000,88892.82,89916.6,260327,3004.0,3028.01,260327
1766314800000,88669.78,89650.0,260327,2996.78,3020.0,260327
1766318400000,88601.57,89616.1,260327,2996.52,3022.56,260327
1766322000000,88638.01,89653.0,260327,2990.62,3013.6,260327
1766325600000,87670.1,88708.2,260327,2950.49,2979.2,260327
1766329200000,88065.18,89072.3,260327,2970.9,2995.5,260327
1766332800000,88067.95,89111.4,260327,2974.68,3001.55,260327
1766336400000,88359.18,89377.0,260327,2986.07,3014.03,260327
1766340000000,88324.14,89341.6,260327,2983.92,3010.73,260327
1766343600000,88445.09,89480.5,260327,2988.55,3014.79,260327
1766347200000,88484.01,89570.0,260327,2991.18,3016.86,260327
1766350800000,88230.96,89301.3,260327,2986.82,3013.08,260327
1766354400000,88162.86,89211.9,260327,2973.73,3000.41,260327
1766358000000,88483.63,89536.8,260327,2996.32,3022.44,260327
1766361600000,88658.86,89714.1,260327,3002.02,3028.66,260327
1766365200000,88622.4,89664.7,260327,3022.39,3050.0,260327
1766368800000,88626.31,89730.6,260327,3018.78,3048.0,260327
1766372400000,88458.27,89556.0,260327,3010.12,3036.02,260327
1766376000000,88774.12,89847.7,260327,3021.52,3048.54,260327
1766379600000,88904.99,89921.2,260327,3040.17,3067.51,260327
1766383200000,88831.34,89904.3,260327,3028.18,3055.46,260327
1766386800000,88909.26,90020.0,260327,3024.71,3051.1,260327
1766390400000,89170.1,90256.2,260327,3029.67,3056.76,260327
1766394000000,89334.2,90417.0,260327,3027.84,3053.3,260327
1766397600000,89829.6,90917.9,260327,3041.67,3065.0,260327
1766401200000,89778.94,90911.4,260327,3040.62,3069.34,260327
1766404800000,89945.43,91069.7,260327,3049.04,3075.78,260327
1766408400000,90208.48,91297.2,260327,3058.27,3086.93,260327
1766412000000,89912.37,90967.2,260327,3056.9,3084.41,260327
1766415600000,90126.43,91192.4,260327,3061.97,3088.67,260327
1766419200000,89726.92,90798.0,260327,3052.59,3077.31,260327
1766422800000,89550.0,90656.2,260327,3043.0,3071.07,260327
1766426400000,89308.92,90384.5,260327,3032.73,3057.92,260327
1766430000000,89150.04,90225.3,260327,3015.74,3043.33,260327
1766433600000,88052.43,89141.1,260327,2980.44,3009.29,260327
1766437200000,88351.03,89411.9,260327,2976.31,3003.0,260327
1766440800000,88275.06,89319.4,260327,2988.68,3016.03,260327
1766444400000,88660.07,89675.3,260327,3012.02,3039.58,260327
1766448000000,88620.79,89625.0,260327,3009.49,3035.97,260327
1766451600000,88770.47,89838.0,260327,3028.2,3054.21,260327
1766455200000,88513.71,89569.4,260327,3018.3,3043.87,260327
1766458800000,88206.8,89229.8,260327,2991.09,3017.94,260327
1766462400000,88170.0,89252.2,260327,2991.8,3018.34,260327
1766466000000,87930.99,88992.3,260327,2983.83,3010.72,260327
1766469600000,87765.01,88840.0,260327,2975.31,3002.06,260327
1766473200000,87400.01,88481.0,260327,2959.91,2986.72,260327
1766476800000,87574.79,88630.9,260327,2964.89,2990.34,260327
1766480400000,87477.15,88503.8,260327,2962.14,2987.3,260327
1766484000000,87531.85,88578.3,260327,2964.0,2990.33,260327
1766487600000,87615.93,88619.9,260327,2967.15,2992.19,260327
1766491200000,87856.65,88865.5,260327,2973.63,2998.86,260327
1766494800000,87789.18,88860.9,260327,2955.54,2981.4,260327
1766498400000,87616.67,88635.2,260327,2941.82,2967.17,260327
1766502000000,86874.0,87875.0,260327,2917.21,2941.41,260327
1766505600000,87443.45,88441.0,260327,2928.59,2954.1,260327
1766509200000,88003.63,89000.0,260327,2956.94,2981.72,260327
1766512800000,87180.01,88177.6,260327,2910.96,2936.4,260327
1766516400000,87975.01,88965.5,260327,2947.25,2973.58,260327
1766520000000,87752.87,88753.5,260327,2943.92,2969.6,260327
1766523600000,87691.5,88680.5,260327,2969.75,2994.43,260327
1766527200000,87722.89,88719.1,260327,2974.59,2999.61,260327
1766530800000,87399.45,88392.3,260327,2961.38,2986.25,260327
1766534400000,87486.0,88494.7,260327,2965.02,2989.72,260327
1766538000000,87660.47,88652.7,260327,2973.28,2997.76,260327
1766541600000,87632.51,88610.3,260327,2963.94,2989.55,260327
1766545200000,87134.39,88149.8,260327,2935.46,2962.58,260327
1766548800000,87336.23,88330.0,260327,2945.75,2971.15,260327
1766552400000,87147.65,88047.9,260327,2935.74,2961.34,260327
1766556000000,86957.9,87941.4,260327,2929.24,2954.32,260327
1766559600000,87019.21,87970.0,260327,2933.47,2957.38,260327
1766563200000,86911.53,87900.0,260327,2932.68,2957.77,260327
1766566800000,86795.56,87745.5,260327,2922.65,2946.63,260327
1766570400000,86812.8,87790.9,260327,2919.0,2944.86,260327
1766574000000,87077.66,88139.3,260327,2927.68,2952.0,260327
1766577600000,87203.94,88176.7,260327,2925.02,2948.86,260327
1766581200000,87428.51,88434.9,260327,2936.39,2960.74,260327
1766584800000,87286.9,88208.5,260327,2930.95,2952.49,260327
1766588400000,86994.7,87897.3,260327,2914.71,2937.32,260327
1766592000000,87049.99,88000.0,260327,2925.55,2945.7,260327
1766595600000,87283.23,88209.3,260327,2940.45,2964.02,260327
1766599200000,87322.77,88249.8,260327,2937.23,2960.2,260327
1766602800000,87470.65,88441.2,260327,2941.58,2966.19,260327
1766606400000,87566.06,88535.3,260327,2945.72,2969.92,260327
1766610000000,87556.2,88528.5,260327,2943.03,2966.11,260327
1766613600000,87696.33,88671.7,260327,2950.91,2971.84,260327
1766617200000,88009.81,88999.9,260327,2959.84,2984.06,260327
1766620800000,87669.45,88633.5,260327,2947.47,2971.61,260327
1766624400000,87568.37,88526.6,260327,2939.39,2963.02,260327
1766628000000,87699.99,88677.5,260327,2948.84,2972.35,260327
1766631600000,87892.66,88853.1,260327,2952.7,2976.49,260327
1766635200000,87840.42,88845.7,260327,2947.15,2968.38,260327
1766638800000,87773.33,88766.6,260327,2944.92,2970.07,260327
1766642400000,87750.55,88753.4,260327,2942.16,2968.08,260327
1766646000000,87836.42,88811.3,260327,2942.88,2967.92,260327
1766649600000,87837.59,88808.1,260327,2941.56,2966.87,260327
1766653200000,87584.65,88564.4,260327,2930.35,2955.44,260327
1766656800000,87526.48,88510.5,260327,2928.29,2954.03,260327
1766660400000,87414.14,88388.6,260327,2920.43,2945.0,260327
1766664000000,87519.44,88524.5,260327,2924.88,2950.57,260327
1766667600000,87566.0,88585.2,260327,2927.93,2953.93,260327
1766671200000,87638.25,88642.0,260327,2930.96,2956.43,260327
1766674800000,87718.21,88732.9,260327,2932.84,2958.39,260327
1766678400000,88371.27,89350.0,260327,2961.14,2984.35,260327
1766682000000,88086.72,89079.9,260327,2948.34,2972.62,260327
1766685600000,88139.08,89152.0,260327,2952.59,2978.1,260327
1766689200000,88241.26,89244.9,260327,2959.2,2983.48,260327
1766692800000,88151.18,89155.3,260327,2956.41,2981.47,260327
1766696400000,87892.69,88905.0,260327,2950.16,2973.82,260327
1766700000000,87901.21,88858.7,260327,2946.96,2969.82,260327
1766703600000,87650.0,88662.0,260327,2921.56,2945.83,260327
1766707200000,87225.27,88271.8,260327,2903.95,2929.43,260327
1766710800000,87120.0,88113.1,260327,2904.0,2929.0,260327
1766714400000,87432.26,88428.5,260327,2918.3,2944.63,260327
1766718000000,89199.99,90173.1,260327,2973.5,2998.8,260327
1766721600000,88844.87,89828.8,260327,2964.92,2991.35,260327
1766725200000,88969.24,89946.6,260327,2971.64,2997.14,260327
1766728800000,88996.58,90007.0,260327,2973.19,2999.72,260327
1766732400000,89124.24,90125.3,260327,2976.66,3002.9,260327
1766736000000,88470.75,89518.4,260327,2956.83,2984.1,260327
1766739600000,88742.28,89695.0,260327,2964.54,2989.12,260327
1766743200000,88811.76,89790.6,260327,2972.75,2998.97,260327
1766746800000,88748.34,89753.1,260327,2971.61,2997.16,260327
1766750400000,88533.42,89554.5,260327,2964.75,2989.39,260327
1766754000000,88678.9,89673.2,260327,2972.93,2997.08,260327
1766757600000,88992.88,89997.4,260327,2984.57,3010.03,260327
1766761200000,87380.43,88456.5,260327,2917.37,2944.83,260327
1766764800000,87137.81,88149.7,260327,2923.19,2948.45,260327
1766768400000,86855.82,87800.1,260327,2910.03,2934.9,260327
1766772000000,87331.91,88272.9,260327,2922.49,2946.53,260327
1766775600000,87277.77,88230.6,260327,2923.48,2948.9,260327
1766779200000,87501.83,88500.0,260327,2925.99,2951.75,260327
1766782800000,87585.77,88607.6,260327,2931.53,2957.25,260327
1766786400000,87470.59,88494.9,260327,2924.96,2950.42,260327
1766790000000,87550.0,88540.7,260327,2931.5,2956.65,260327
1766793600000,87369.56,88390.9,260327,2927.99,2954.84,260327
1766797200000,87401.07,88418.2,260327,2927.45,2953.35,260327
1766800800000,87475.03,88513.0,260327,2927.76,2956.0,260327
1766804400000,87446.02,88471.2,260327,2928.04,2953.93,260327
1766808000000,87514.22,88560.7,260327,2933.4,2959.44,260327
1766811600000,87470.19,88521.5,260327,2930.6,2955.72,260327
1766815200000,87506.0,88566.1,260327,2931.31,2956.57,260327
1766818800000,87469.02,88523.1,260327,2929.99,2956.06,260327
1766822400000,87539.26,88599.6,260327,2933.27,2959.48,260327
1766826000000,87593.0,88658.4,260327,2934.46,2959.37,260327
1766829600000,87618.91,88717.4,260327,2934.9,2960.82,260327
1766833200000,87503.01,88576.2,260327,2926.85,2953.57,260327
1766836800000,87475.98,88542.0,260327,2930.88,2957.36,260327
1766840400000,87474.28,88553.8,260327,2931.96,2957.85,260327
1766844000000,87452.78,88545.6,260327,2929.79,2956.0,260327
1766847600000,87544.9,88634.2,260327,2929.79,2956.51,260327
1766851200000,87551.25,88644.2,260327,2926.5,2953.79,260327
1766854800000,87498.41,88567.5,260327,2920.56,2946.1,260327
1766858400000,87562.58,88616.8,260327,2928.33,2955.14,260327
1766862000000,87500.01,88564.2,260327,2926.23,2952.36,260327
1766865600000,87569.39,88647.9,260327,2930.82,2957.8,260327
1766869200000,87555.92,88624.4,260327,2929.48,2954.73,260327
1766872800000,87668.22,88743.4,260327,2935.11,2960.0,260327
1766876400000,87565.99,88681.4,260327,2933.27,2960.24,260327
1766880000000,87877.01,88967.0,260327,2949.05,2975.74,260327
1766883600000,87854.96,88937.1,260327,2945.5,2973.26,260327
1766887200000,87785.96,88892.1,260327,2944.32,2970.03,260327
1766890800000,87810.78,88911.1,260327,2947.3,2972.71,260327
1766894400000,87740.01,88851.2,260327,2943.58,2969.32,260327
1766898000000,87724.87,88811.6,260327,2938.98,2965.34,260327
1766901600000,87657.93,88755.3,260327,2935.05,2960.53,260327
1766905200000,87732.0,88856.2,260327,2942.68,2968.65,260327
1766908800000,87730.85,88848.8,260327,2939.0,2964.17,260327
1766912400000,87805.0,88903.6,260327,2939.7,2965.64,260327
1766916000000,87800.0,88894.4,260327,2937.82,2963.27,260327
1766919600000,87856.91,88964.8,260327,2943.34,2969.26,260327
1766923200000,87883.25,88989.7,260327,2944.09,2969.73,260327
1766926800000,87850.6,88964.9,260327,2939.44,2965.84,260327
1766930400000,87896.59,88999.2,260327,2940.42,2966.62,260327
1766934000000,87910.0,88992.3,260327,2945.69,2972.19,260327
1766937600000,87836.27,88918.0,260327,2949.46,2975.52,260327
1766941200000,87814.04,88904.6,260327,2942.72,2970.3,260327
1766944800000,87760.0,88866.0,260327,2945.89,2972.77,260327
1766948400000,87598.49,88720.7,260327,2931.31,2959.27,260327
1766952000000,87520.75,88663.0,260327,2933.61,2960.55,260327
1766955600000,87514.76,88631.3,260327,2932.37,2958.87,260327
1766959200000,87588.37,88678.4,260327,2938.28,2963.79,260327
1766962800000,87900.09,89018.2,260327,2950.2,2976.13,260327
1766966400000,87952.71,89059.9,260327,2950.91,2977.17,260327
1766970000000,88295.69,89381.1,260327,2966.77,2992.4,260327
1766973600000,88445.57,89523.9,260327,2980.95,3006.73,260327
1766977200000,89163.25,90239.7,260327,3003.9,3029.03,260327
1766980800000,90123.55,91200.0,260327,3043.75,3069.47,260327
1766984400000,90143.06,91342.3,260327,3040.06,3067.55,260327
1766988000000,89984.0,91119.6,260327,3037.54,3065.93,260327
1766991600000,89777.26,90898.2,260327,3036.36,3063.67,260327
1766995200000,89617.71,90767.7,260327,3019.51,3048.17,260327
1766998800000,89555.1,90666.3,260327,3014.38,3043.16,260327
1767002400000,88100.05,89204.8,260327,2976.65,3004.13,260327
1767006000000,87780.01,88818.0,260327,2966.33,2993.79,260327
1767009600000,87567.66,88562.4,260327,2959.91,2987.65,260327
1767013200000,87397.0,88322.1,260327,2930.95,2956.45,260327
1767016800000,87387.71,88332.2,260327,2927.41,2952.99,260327
1767020400000,87429.96,88370.2,260327,2928.5,2953.41,260327
1767024000000,87691.62,88650.8,260327,2935.75,2962.23,260327
1767027600000,87627.11,88594.9,260327,2936.5,2961.55,260327
1767031200000,87849.99,88770.2,260327,2943.68,2969.34,260327
1767034800000,87464.77,88365.2,260327,2919.81,2943.97,260327
1767038400000,87366.23,88301.7,260327,2932.48,2956.69,260327
1767042000000,87212.01,88187.8,260327,2929.77,2954.67,260327
1767045600000,87337.85,88288.5,260327,2937.33,2962.47,260327
1767049200000,87351.05,88310.9,260327,2938.16,2962.74,260327
1767052800000,87237.13,88214.2,260327,2937.9,2962.55,260327
1767056400000,87250.23,88216.0,260327,2937.99,2961.19,260327
1767060000000,87308.23,88254.5,260327,2936.65,2960.83,260327
1767063600000,87111.0,88010.9,260327,2928.08,2952.72,260327
1767067200000,87379.0,88278.5,260327,2951.91,2975.46,260327
1767070800000,87300.0,88224.4,260327,2946.19,2970.05,260327
1767074400000,87255.97,88131.0,260327,2941.74,2965.22,260327
1767078000000,87443.17,88324.9,260327,2945.84,2970.11,260327
1767081600000,87502.85,88356.0,260327,2950.79,2974.46,260327
1767085200000,87872.68,88747.3,260327,2977.6,3001.46,260327
1767088800000,87992.7,88859.2,260327,2985.45,3010.32,260327
1767092400000,87949.51,88835.6,260327,2977.19,3001.04,260327
1767096000000,87903.89,88790.4,260327,2978.88,3001.21,260327
1767099600000,88023.54,88934.5,260327,2980.88,3004.57,260327
1767103200000,88110.02,89029.8,260327,2986.69,3010.97,260327
1767106800000,88875.83,89791.0,260327,2996.22,3017.79,260327
1767110400000,89016.35,89900.0,260327,2989.77,3013.0,260327
1767114000000,88742.63,89673.9,260327,2982.76,3007.88,260327
1767117600000,88371.34,89260.6,260327,2976.82,3001.71,260327
1767121200000,88304.0,89198.7,260327,2971.63,2995.74,260327
1767124800000,88226.16,89105.4,260327,2971.56,2994.57,260327
1767128400000,87947.15,88782.1,260327,2958.84,2981.26,260327
1767132000000,88287.27,89136.7,260327,2968.63,2991.3,260327
1767135600000,88430.19,89316.2,260327,2969.54,2992.32,260327
1767139200000,88485.49,89419.5,260327,2973.69,2997.23,260327
1767142800000,88255.54,89129.7,260327,2966.4,2989.23,260327
1767146400000,88649.33,89527.0,260327,2980.13,3003.54,260327
1767150000000,88673.6,89531.7,260327,2981.5,3004.37,260327
1767153600000,88453.04,89269.6,260327,2970.69,2993.35,260327
1767157200000,88325.06,89165.3,260327,2969.45,2992.49,260327
1767160800000,88463.09,89272.7,260327,2975.21,2998.42,260327
1767164400000,88512.92,89305.2,260327,2975.63,2998.57,260327
1767168000000,88613.12,89434.4,260327,2976.98,3000.02,260327
1767171600000,88434.65,89256.8,260327,2969.4,2992.32,260327
1767175200000,88660.1,89486.0,260327,2976.89,3000.74,260327
1767178800000,88847.26,89670.8,260327,2981.34,3003.92,260327
1767182400000,89011.52,89884.3,260327,3002.2,3026.76,260327
1767186000000,88775.96,89612.2,260327,2987.25,3011.66,260327
1767189600000,88991.88,89854.5,260327,2997.16,3021.36,260327
1767193200000,88479.99,89323.4,260327,2993.75,3016.02,260327
1767196800000,87953.97,88764.3,260327,2985.76,3007.91,260327
1767200400000,87656.98,88523.7,260327,2976.03,2998.43,260327
1767204000000,87620.82,88456.6,260327,2975.77,2998.83,260327
1767207600000,87684.07,88513.3,260327,2974.33,2998.75,260327
1767211200000,87541.85,88372.1,260327,2971.15,2994.45,260327
1767214800000,87662.01,88497.1,260327,2975.67,2998.33,260327
1767218400000,87799.97,88603.3,260327,2982.25,3004.62,260327
1767222000000,87728.29,88528.2,260327,2977.14,2999.76,260327
1767225600000,87648.22,88479.5,260327,2971.64,2993.58,260327
